[
{
    "model": "core.config",
    "pk": 1,
    "fields": {
        "main_color": "XD",
        "secondary_color": "XD"
    }
},
{
    "model": "core.media",
    "pk": 1,
    "fields": {
        "name": "daddasd",
        "file": "media/Diferencia_con_produccion.png",
        "created_at": "2022-09-07T03:06:13.352Z",
        "updated_at": "2022-09-07T03:06:13.352Z"
    }
},
{
    "model": "core.media",
    "pk": 2,
    "fields": {
        "name": "foto del motor",
        "file": "media/shop01.png",
        "created_at": "2022-10-15T21:46:35.757Z",
        "updated_at": "2022-10-15T21:46:35.757Z"
    }
},
{
    "model": "core.category",
    "pk": 1,
    "fields": {
        "name": "motores",
        "created_at": "2022-08-27T19:00:10.834Z",
        "updated_at": "2022-08-27T19:00:10.834Z"
    }
},
{
    "model": "core.store",
    "pk": 1,
    "fields": {
        "name": "EPA",
        "slug": "epa-1",
        "logo": "uploads/0001860_epa_600.jpeg",
        "description": "xd",
        "category": 1,
        "parent": 1,
        "created_at": "2022-08-22T01:23:24.905Z",
        "updated_at": "2022-10-14T20:38:38.216Z",
        "config": null
    }
},
{
    "model": "core.store",
    "pk": 2,
    "fields": {
        "name": "tienda2",
        "slug": "tienda2",
        "logo": "uploads/no-photo.png",
        "description": "Empresa Random",
        "category": 1,
        "parent": 1,
        "created_at": "2022-10-14T20:42:18.178Z",
        "updated_at": "2022-10-16T18:43:12.719Z",
        "config": 1
    }
},
{
    "model": "core.user",
    "pk": 1,
    "fields": {
        "password": "pbkdf2_sha256$390000$kE82zFj4C3ZXaVltlgQLu5$5SOINwQSNAYFV2zWkdxmk7X0ZQ3xgAsNJK4pBssm7Y4=",
        "last_login": null,
        "is_superuser": false,
        "email": "prueba1@gmail.com",
        "first_name": null,
        "last_name": null,
        "about": null,
        "is_active": true,
        "is_staff": false,
        "role": "BASE_USER",
        "date_joined": "2022-08-21T23:40:59.889Z",
        "born_date": null,
        "store": 1,
        "groups": [],
        "user_permissions": []
    }
},
{
    "model": "core.user",
    "pk": 2,
    "fields": {
        "password": "pbkdf2_sha256$390000$CT3xEd1IFZCDUNEVRYDKHS$d8VMO4yCYGSMWJPAd7h+S3NToziYhosq3kxppTSiStU=",
        "last_login": "2022-10-19T03:35:53.556Z",
        "is_superuser": true,
        "email": "augusto@simplee.cl",
        "first_name": null,
        "last_name": null,
        "about": null,
        "is_active": true,
        "is_staff": true,
        "role": "BASE_USER",
        "date_joined": "2022-08-22T00:51:02.034Z",
        "born_date": null,
        "store": null,
        "groups": [],
        "user_permissions": []
    }
},
{
    "model": "core.brand",
    "pk": 1,
    "fields": {
        "name": "Isuzu",
        "created_at": "2022-09-07T03:02:16.385Z",
        "updated_at": "2022-09-07T03:02:16.385Z"
    }
},
{
    "model": "core.brand",
    "pk": 2,
    "fields": {
        "name": "General Motors",
        "created_at": "2022-10-08T19:14:48.524Z",
        "updated_at": "2022-10-08T19:14:48.524Z"
    }
},
{
    "model": "core.products",
    "pk": 10,
    "fields": {
        "name": "Motor Modelo 350 vortec",
        "product_slug": "motor-modelo-350-vortec1665868959",
        "quantity": 1,
        "brand": 2,
        "category": 1,
        "description": "Un motor ahi",
        "thumbnail": "media/product08.png",
        "created_at": "2022-08-28T21:48:57.449Z",
        "updated_at": "2022-10-15T21:46:40.731Z",
        "condition": "NEW",
        "store": 1,
        "price": 15.0,
        "product_type": "MERCHANDISE",
        "discount": 0,
        "photos": [
            2
        ]
    }
},
{
    "model": "core.products",
    "pk": 11,
    "fields": {
        "name": "Motor Chevrolet tienda 2",
        "product_slug": "motor-chevrolet-tienda-21665864696",
        "quantity": 2,
        "brand": 2,
        "category": 1,
        "description": "Descripcion de Repuesto Random",
        "thumbnail": "media/motor.jpg",
        "created_at": "2022-10-14T20:43:31.032Z",
        "updated_at": "2022-10-15T20:11:35.869Z",
        "condition": "NEW",
        "store": 2,
        "price": 5000.0,
        "product_type": "SERVICE",
        "discount": 0,
        "photos": [
            1
        ]
    }
},
{
    "model": "core.products",
    "pk": 70,
    "fields": {
        "name": "Producto random",
        "product_slug": "producto-random00cfed0e-1ff7-4e87-a655-9a40a98f51b3",
        "quantity": 5,
        "brand": null,
        "category": null,
        "description": null,
        "thumbnail": "",
        "created_at": "2022-10-16T18:44:49.870Z",
        "updated_at": "2022-10-16T18:44:49.870Z",
        "condition": "NEW",
        "store": 2,
        "price": null,
        "product_type": "SERVICE",
        "discount": 0,
        "photos": []
    }
},
{
    "model": "core.products",
    "pk": 71,
    "fields": {
        "name": "Producto random",
        "product_slug": "producto-random89946c26-a2db-4028-ad55-06d5fe02e04a",
        "quantity": 5,
        "brand": null,
        "category": null,
        "description": null,
        "thumbnail": "",
        "created_at": "2022-10-16T18:44:49.884Z",
        "updated_at": "2022-10-16T18:44:49.884Z",
        "condition": "NEW",
        "store": 2,
        "price": null,
        "product_type": "SERVICE",
        "discount": 0,
        "photos": []
    }
},
{
    "model": "core.products",
    "pk": 72,
    "fields": {
        "name": "Producto random",
        "product_slug": "producto-randomcc06fff1-67fe-4b09-86ee-4e7b76a98147",
        "quantity": 5,
        "brand": null,
        "category": null,
        "description": null,
        "thumbnail": "",
        "created_at": "2022-10-16T18:44:49.895Z",
        "updated_at": "2022-10-16T18:44:49.895Z",
        "condition": "NEW",
        "store": 2,
        "price": null,
        "product_type": "SERVICE",
        "discount": 0,
        "photos": []
    }
},
{
    "model": "core.products",
    "pk": 73,
    "fields": {
        "name": "Producto random",
        "product_slug": "producto-random206f5289-53c1-4b72-bd66-44baa61923dd",
        "quantity": 5,
        "brand": null,
        "category": null,
        "description": null,
        "thumbnail": "",
        "created_at": "2022-10-16T18:44:49.908Z",
        "updated_at": "2022-10-16T18:44:49.908Z",
        "condition": "NEW",
        "store": 2,
        "price": null,
        "product_type": "SERVICE",
        "discount": 0,
        "photos": []
    }
},
{
    "model": "core.products",
    "pk": 74,
    "fields": {
        "name": "Producto random",
        "product_slug": "producto-random19c505aa-5b31-4032-a141-cd83aefceae8",
        "quantity": 5,
        "brand": null,
        "category": null,
        "description": null,
        "thumbnail": "",
        "created_at": "2022-10-16T18:44:49.923Z",
        "updated_at": "2022-10-16T18:44:49.923Z",
        "condition": "NEW",
        "store": 2,
        "price": null,
        "product_type": "SERVICE",
        "discount": 0,
        "photos": []
    }
},
{
    "model": "core.products",
    "pk": 75,
    "fields": {
        "name": "Producto random",
        "product_slug": "producto-random57cb935f-bdf8-4522-bc7e-54577c1acf18",
        "quantity": 5,
        "brand": null,
        "category": null,
        "description": null,
        "thumbnail": "",
        "created_at": "2022-10-16T18:44:49.938Z",
        "updated_at": "2022-10-16T18:44:49.938Z",
        "condition": "NEW",
        "store": 2,
        "price": null,
        "product_type": "SERVICE",
        "discount": 0,
        "photos": []
    }
},
{
    "model": "core.products",
    "pk": 76,
    "fields": {
        "name": "Producto random",
        "product_slug": "producto-randoma141c5e1-75d5-4353-91ea-01fed8c58f85",
        "quantity": 5,
        "brand": null,
        "category": null,
        "description": null,
        "thumbnail": "",
        "created_at": "2022-10-16T18:44:49.955Z",
        "updated_at": "2022-10-16T18:44:49.955Z",
        "condition": "NEW",
        "store": 2,
        "price": null,
        "product_type": "SERVICE",
        "discount": 0,
        "photos": []
    }
},
{
    "model": "core.products",
    "pk": 77,
    "fields": {
        "name": "Producto random",
        "product_slug": "producto-random2c6604a7-d973-412c-9bb0-6351ddad2087",
        "quantity": 5,
        "brand": null,
        "category": null,
        "description": null,
        "thumbnail": "",
        "created_at": "2022-10-16T18:44:49.969Z",
        "updated_at": "2022-10-16T18:44:49.969Z",
        "condition": "NEW",
        "store": 2,
        "price": null,
        "product_type": "SERVICE",
        "discount": 0,
        "photos": []
    }
},
{
    "model": "core.products",
    "pk": 78,
    "fields": {
        "name": "Producto random",
        "product_slug": "producto-random263c6d82-bac7-49de-90dc-ada15311e496",
        "quantity": 5,
        "brand": null,
        "category": null,
        "description": null,
        "thumbnail": "",
        "created_at": "2022-10-16T18:44:49.983Z",
        "updated_at": "2022-10-16T18:44:49.983Z",
        "condition": "NEW",
        "store": 2,
        "price": null,
        "product_type": "SERVICE",
        "discount": 0,
        "photos": []
    }
},
{
    "model": "core.products",
    "pk": 79,
    "fields": {
        "name": "Producto random",
        "product_slug": "producto-randomfed488f8-0fc8-45e7-9a9c-de71921caf9f",
        "quantity": 5,
        "brand": null,
        "category": null,
        "description": null,
        "thumbnail": "",
        "created_at": "2022-10-16T18:44:49.996Z",
        "updated_at": "2022-10-16T18:44:49.996Z",
        "condition": "NEW",
        "store": 2,
        "price": null,
        "product_type": "SERVICE",
        "discount": 0,
        "photos": []
    }
},
{
    "model": "core.products",
    "pk": 80,
    "fields": {
        "name": "Producto random",
        "product_slug": "producto-randomdd995a4b-f01c-4397-97fe-9184a8fcd091",
        "quantity": 5,
        "brand": null,
        "category": null,
        "description": null,
        "thumbnail": "",
        "created_at": "2022-10-16T18:44:50.010Z",
        "updated_at": "2022-10-16T18:44:50.010Z",
        "condition": "NEW",
        "store": 2,
        "price": null,
        "product_type": "SERVICE",
        "discount": 0,
        "photos": []
    }
},
{
    "model": "core.products",
    "pk": 81,
    "fields": {
        "name": "Producto random",
        "product_slug": "producto-randoma5f01907-bd46-4d85-9bd2-3dd9951d6a79",
        "quantity": 5,
        "brand": null,
        "category": null,
        "description": null,
        "thumbnail": "",
        "created_at": "2022-10-16T18:44:50.024Z",
        "updated_at": "2022-10-16T18:44:50.024Z",
        "condition": "NEW",
        "store": 2,
        "price": null,
        "product_type": "SERVICE",
        "discount": 0,
        "photos": []
    }
},
{
    "model": "core.products",
    "pk": 82,
    "fields": {
        "name": "Producto random",
        "product_slug": "producto-random1058993c-004e-4ae9-b158-5429a507fb40",
        "quantity": 5,
        "brand": null,
        "category": null,
        "description": null,
        "thumbnail": "",
        "created_at": "2022-10-16T18:44:50.039Z",
        "updated_at": "2022-10-16T18:44:50.039Z",
        "condition": "NEW",
        "store": 2,
        "price": null,
        "product_type": "SERVICE",
        "discount": 0,
        "photos": []
    }
},
{
    "model": "core.products",
    "pk": 83,
    "fields": {
        "name": "Producto random",
        "product_slug": "producto-random2fac2f79-c463-4c1b-940e-1f9f76e518ee",
        "quantity": 5,
        "brand": null,
        "category": null,
        "description": null,
        "thumbnail": "",
        "created_at": "2022-10-16T18:44:50.053Z",
        "updated_at": "2022-10-16T18:44:50.053Z",
        "condition": "NEW",
        "store": 2,
        "price": null,
        "product_type": "SERVICE",
        "discount": 0,
        "photos": []
    }
},
{
    "model": "core.products",
    "pk": 84,
    "fields": {
        "name": "Producto random",
        "product_slug": "producto-randome08e3015-300b-4ec4-bbbc-d5ed0d23726c",
        "quantity": 5,
        "brand": null,
        "category": null,
        "description": null,
        "thumbnail": "",
        "created_at": "2022-10-16T18:44:50.069Z",
        "updated_at": "2022-10-16T18:44:50.069Z",
        "condition": "NEW",
        "store": 2,
        "price": null,
        "product_type": "SERVICE",
        "discount": 0,
        "photos": []
    }
},
{
    "model": "core.products",
    "pk": 85,
    "fields": {
        "name": "Producto random",
        "product_slug": "producto-randomd49e171a-962f-4263-be35-daadc06df3c8",
        "quantity": 5,
        "brand": null,
        "category": null,
        "description": null,
        "thumbnail": "",
        "created_at": "2022-10-16T18:44:50.084Z",
        "updated_at": "2022-10-16T18:44:50.084Z",
        "condition": "NEW",
        "store": 2,
        "price": null,
        "product_type": "SERVICE",
        "discount": 0,
        "photos": []
    }
},
{
    "model": "core.products",
    "pk": 86,
    "fields": {
        "name": "Producto random",
        "product_slug": "producto-random604372b9-4fd2-42a6-a106-9963ec9d7785",
        "quantity": 5,
        "brand": null,
        "category": null,
        "description": null,
        "thumbnail": "",
        "created_at": "2022-10-16T18:44:50.101Z",
        "updated_at": "2022-10-16T18:44:50.101Z",
        "condition": "NEW",
        "store": 2,
        "price": null,
        "product_type": "SERVICE",
        "discount": 0,
        "photos": []
    }
},
{
    "model": "core.products",
    "pk": 87,
    "fields": {
        "name": "Producto random",
        "product_slug": "producto-random247eb902-ad98-4921-a045-a2f226e8cc84",
        "quantity": 5,
        "brand": null,
        "category": null,
        "description": null,
        "thumbnail": "",
        "created_at": "2022-10-16T18:44:50.200Z",
        "updated_at": "2022-10-16T18:44:50.200Z",
        "condition": "NEW",
        "store": 2,
        "price": null,
        "product_type": "SERVICE",
        "discount": 0,
        "photos": []
    }
},
{
    "model": "core.products",
    "pk": 88,
    "fields": {
        "name": "Producto random",
        "product_slug": "producto-random16d346b1-90c2-4fdc-88f7-00eed7215d10",
        "quantity": 5,
        "brand": null,
        "category": null,
        "description": null,
        "thumbnail": "",
        "created_at": "2022-10-16T18:44:50.214Z",
        "updated_at": "2022-10-16T18:44:50.214Z",
        "condition": "NEW",
        "store": 2,
        "price": null,
        "product_type": "SERVICE",
        "discount": 0,
        "photos": []
    }
},
{
    "model": "core.products",
    "pk": 89,
    "fields": {
        "name": "Producto random",
        "product_slug": "producto-randomada7a7f7-d1c9-49b0-9c0e-e5eb3cdd84ea",
        "quantity": 5,
        "brand": null,
        "category": null,
        "description": null,
        "thumbnail": "",
        "created_at": "2022-10-16T18:44:50.293Z",
        "updated_at": "2022-10-16T18:44:50.293Z",
        "condition": "NEW",
        "store": 2,
        "price": null,
        "product_type": "SERVICE",
        "discount": 0,
        "photos": []
    }
},
{
    "model": "core.products",
    "pk": 90,
    "fields": {
        "name": "Producto random",
        "product_slug": "producto-randomf0a4d6ce-a128-46c4-abad-ff5a1729df3d",
        "quantity": 5,
        "brand": null,
        "category": null,
        "description": null,
        "thumbnail": "",
        "created_at": "2022-10-16T18:44:50.305Z",
        "updated_at": "2022-10-16T18:44:50.305Z",
        "condition": "NEW",
        "store": 2,
        "price": null,
        "product_type": "SERVICE",
        "discount": 0,
        "photos": []
    }
},
{
    "model": "core.products",
    "pk": 91,
    "fields": {
        "name": "Producto random",
        "product_slug": "producto-random80a5f7db-42be-4b42-b704-1070b1131c16",
        "quantity": 5,
        "brand": null,
        "category": null,
        "description": null,
        "thumbnail": "",
        "created_at": "2022-10-16T18:44:50.322Z",
        "updated_at": "2022-10-16T18:44:50.322Z",
        "condition": "NEW",
        "store": 2,
        "price": null,
        "product_type": "SERVICE",
        "discount": 0,
        "photos": []
    }
},
{
    "model": "core.products",
    "pk": 92,
    "fields": {
        "name": "Producto random",
        "product_slug": "producto-randombc5fdfb7-6943-4da3-9e27-9f90bbdeffe7",
        "quantity": 5,
        "brand": null,
        "category": null,
        "description": null,
        "thumbnail": "",
        "created_at": "2022-10-16T18:44:50.339Z",
        "updated_at": "2022-10-16T18:44:50.339Z",
        "condition": "NEW",
        "store": 2,
        "price": null,
        "product_type": "SERVICE",
        "discount": 0,
        "photos": []
    }
},
{
    "model": "core.products",
    "pk": 93,
    "fields": {
        "name": "Producto random",
        "product_slug": "producto-random2c3f32b9-051f-46be-bd54-aae183143b5f",
        "quantity": 5,
        "brand": null,
        "category": null,
        "description": null,
        "thumbnail": "",
        "created_at": "2022-10-16T18:44:50.351Z",
        "updated_at": "2022-10-16T18:44:50.352Z",
        "condition": "NEW",
        "store": 2,
        "price": null,
        "product_type": "SERVICE",
        "discount": 0,
        "photos": []
    }
},
{
    "model": "core.products",
    "pk": 94,
    "fields": {
        "name": "Producto random",
        "product_slug": "producto-random76be40d0-96e3-402a-bb91-237f72b156dc",
        "quantity": 5,
        "brand": null,
        "category": null,
        "description": null,
        "thumbnail": "",
        "created_at": "2022-10-16T18:44:50.364Z",
        "updated_at": "2022-10-16T18:44:50.364Z",
        "condition": "NEW",
        "store": 2,
        "price": null,
        "product_type": "SERVICE",
        "discount": 0,
        "photos": []
    }
},
{
    "model": "core.products",
    "pk": 95,
    "fields": {
        "name": "Producto random",
        "product_slug": "producto-randoma0e5299d-de5b-41f4-b314-9cd27bcc0f13",
        "quantity": 5,
        "brand": null,
        "category": null,
        "description": null,
        "thumbnail": "",
        "created_at": "2022-10-16T18:44:50.377Z",
        "updated_at": "2022-10-16T18:44:50.377Z",
        "condition": "NEW",
        "store": 2,
        "price": null,
        "product_type": "SERVICE",
        "discount": 0,
        "photos": []
    }
},
{
    "model": "core.products",
    "pk": 96,
    "fields": {
        "name": "Producto random",
        "product_slug": "producto-random64462601-ccbe-4f9a-9181-e0b7fa387824",
        "quantity": 5,
        "brand": null,
        "category": null,
        "description": null,
        "thumbnail": "",
        "created_at": "2022-10-16T18:44:50.388Z",
        "updated_at": "2022-10-16T18:44:50.388Z",
        "condition": "NEW",
        "store": 2,
        "price": null,
        "product_type": "SERVICE",
        "discount": 0,
        "photos": []
    }
},
{
    "model": "core.products",
    "pk": 97,
    "fields": {
        "name": "Producto random",
        "product_slug": "producto-randomabff230e-1c90-472b-8859-a366b4a6e5d3",
        "quantity": 5,
        "brand": null,
        "category": null,
        "description": null,
        "thumbnail": "",
        "created_at": "2022-10-16T18:44:50.400Z",
        "updated_at": "2022-10-16T18:44:50.400Z",
        "condition": "NEW",
        "store": 2,
        "price": null,
        "product_type": "SERVICE",
        "discount": 0,
        "photos": []
    }
},
{
    "model": "core.products",
    "pk": 98,
    "fields": {
        "name": "Producto random",
        "product_slug": "producto-random5ebd1707-d1bc-4b80-9972-ff1933f9867c",
        "quantity": 5,
        "brand": null,
        "category": null,
        "description": null,
        "thumbnail": "",
        "created_at": "2022-10-16T18:44:50.414Z",
        "updated_at": "2022-10-16T18:44:50.414Z",
        "condition": "NEW",
        "store": 2,
        "price": null,
        "product_type": "SERVICE",
        "discount": 0,
        "photos": []
    }
},
{
    "model": "core.products",
    "pk": 99,
    "fields": {
        "name": "Producto random",
        "product_slug": "producto-randomb42b1c82-6abb-4ce6-b9ff-2eaee9165d73",
        "quantity": 5,
        "brand": null,
        "category": null,
        "description": null,
        "thumbnail": "",
        "created_at": "2022-10-16T18:44:50.428Z",
        "updated_at": "2022-10-16T18:44:50.428Z",
        "condition": "NEW",
        "store": 2,
        "price": null,
        "product_type": "SERVICE",
        "discount": 0,
        "photos": []
    }
},
{
    "model": "core.products",
    "pk": 100,
    "fields": {
        "name": "Producto random",
        "product_slug": "producto-randomab864053-2542-42b7-893c-ce433f3148b0",
        "quantity": 5,
        "brand": null,
        "category": null,
        "description": null,
        "thumbnail": "",
        "created_at": "2022-10-16T18:44:50.441Z",
        "updated_at": "2022-10-16T18:44:50.441Z",
        "condition": "NEW",
        "store": 2,
        "price": null,
        "product_type": "SERVICE",
        "discount": 0,
        "photos": []
    }
},
{
    "model": "core.products",
    "pk": 101,
    "fields": {
        "name": "Producto random",
        "product_slug": "producto-randomb8899ff8-7a3d-4f95-8963-bf2f1e470fe4",
        "quantity": 5,
        "brand": null,
        "category": null,
        "description": null,
        "thumbnail": "",
        "created_at": "2022-10-16T18:44:50.454Z",
        "updated_at": "2022-10-16T18:44:50.454Z",
        "condition": "NEW",
        "store": 2,
        "price": null,
        "product_type": "SERVICE",
        "discount": 0,
        "photos": []
    }
},
{
    "model": "core.products",
    "pk": 102,
    "fields": {
        "name": "Producto random",
        "product_slug": "producto-random751ad23d-c4cd-4ad1-8b07-6cade5e42d34",
        "quantity": 5,
        "brand": null,
        "category": null,
        "description": null,
        "thumbnail": "",
        "created_at": "2022-10-16T18:44:50.465Z",
        "updated_at": "2022-10-16T18:44:50.465Z",
        "condition": "NEW",
        "store": 2,
        "price": null,
        "product_type": "SERVICE",
        "discount": 0,
        "photos": []
    }
},
{
    "model": "core.products",
    "pk": 103,
    "fields": {
        "name": "Producto random",
        "product_slug": "producto-randomc268658c-ba06-41a3-8db4-c9cd5547f561",
        "quantity": 5,
        "brand": null,
        "category": null,
        "description": null,
        "thumbnail": "",
        "created_at": "2022-10-16T18:44:50.478Z",
        "updated_at": "2022-10-16T18:44:50.478Z",
        "condition": "NEW",
        "store": 2,
        "price": null,
        "product_type": "SERVICE",
        "discount": 0,
        "photos": []
    }
},
{
    "model": "core.products",
    "pk": 104,
    "fields": {
        "name": "Producto random",
        "product_slug": "producto-randomeb47f3fc-e3c9-4b8c-bf88-28050d150377",
        "quantity": 5,
        "brand": null,
        "category": null,
        "description": null,
        "thumbnail": "",
        "created_at": "2022-10-16T18:44:50.491Z",
        "updated_at": "2022-10-16T18:44:50.491Z",
        "condition": "NEW",
        "store": 2,
        "price": null,
        "product_type": "SERVICE",
        "discount": 0,
        "photos": []
    }
},
{
    "model": "core.products",
    "pk": 105,
    "fields": {
        "name": "Producto random",
        "product_slug": "producto-random81a9c162-0f1f-4f61-ab54-5e4889a07344",
        "quantity": 5,
        "brand": null,
        "category": null,
        "description": null,
        "thumbnail": "",
        "created_at": "2022-10-16T18:44:50.596Z",
        "updated_at": "2022-10-16T18:44:50.596Z",
        "condition": "NEW",
        "store": 2,
        "price": null,
        "product_type": "SERVICE",
        "discount": 0,
        "photos": []
    }
},
{
    "model": "core.products",
    "pk": 106,
    "fields": {
        "name": "Producto random",
        "product_slug": "producto-random826e0e9a-a3ab-4cab-a411-2616da0fc3e3",
        "quantity": 5,
        "brand": null,
        "category": null,
        "description": null,
        "thumbnail": "",
        "created_at": "2022-10-16T18:44:50.610Z",
        "updated_at": "2022-10-16T18:44:50.610Z",
        "condition": "NEW",
        "store": 2,
        "price": null,
        "product_type": "SERVICE",
        "discount": 0,
        "photos": []
    }
},
{
    "model": "core.products",
    "pk": 107,
    "fields": {
        "name": "Producto random",
        "product_slug": "producto-random2cb5f16d-7272-4c0c-b4e7-05d9925809bf",
        "quantity": 5,
        "brand": null,
        "category": null,
        "description": null,
        "thumbnail": "",
        "created_at": "2022-10-16T18:44:50.623Z",
        "updated_at": "2022-10-16T18:44:50.623Z",
        "condition": "NEW",
        "store": 2,
        "price": null,
        "product_type": "SERVICE",
        "discount": 0,
        "photos": []
    }
},
{
    "model": "core.products",
    "pk": 108,
    "fields": {
        "name": "Producto random",
        "product_slug": "producto-random3a8283ad-6edf-49df-b36f-a52bbaccd3cd",
        "quantity": 5,
        "brand": null,
        "category": null,
        "description": null,
        "thumbnail": "",
        "created_at": "2022-10-16T18:44:50.635Z",
        "updated_at": "2022-10-16T18:44:50.635Z",
        "condition": "NEW",
        "store": 2,
        "price": null,
        "product_type": "SERVICE",
        "discount": 0,
        "photos": []
    }
},
{
    "model": "core.products",
    "pk": 109,
    "fields": {
        "name": "Producto random",
        "product_slug": "producto-randomdcbcc478-81d6-4cdd-8266-ac8a21ec0a1d",
        "quantity": 5,
        "brand": null,
        "category": null,
        "description": null,
        "thumbnail": "",
        "created_at": "2022-10-16T18:44:50.647Z",
        "updated_at": "2022-10-16T18:44:50.647Z",
        "condition": "NEW",
        "store": 2,
        "price": null,
        "product_type": "SERVICE",
        "discount": 0,
        "photos": []
    }
},
{
    "model": "core.products",
    "pk": 110,
    "fields": {
        "name": "Producto random",
        "product_slug": "producto-random01597a42-fc5e-4341-b308-7884cb243cc5",
        "quantity": 5,
        "brand": null,
        "category": null,
        "description": null,
        "thumbnail": "",
        "created_at": "2022-10-16T18:44:50.658Z",
        "updated_at": "2022-10-16T18:44:50.658Z",
        "condition": "NEW",
        "store": 2,
        "price": null,
        "product_type": "SERVICE",
        "discount": 0,
        "photos": []
    }
},
{
    "model": "core.products",
    "pk": 111,
    "fields": {
        "name": "Producto random",
        "product_slug": "producto-randomdf488094-08e3-4c38-803d-fb32af07f7f7",
        "quantity": 5,
        "brand": null,
        "category": null,
        "description": null,
        "thumbnail": "",
        "created_at": "2022-10-16T18:44:50.670Z",
        "updated_at": "2022-10-16T18:44:50.670Z",
        "condition": "NEW",
        "store": 2,
        "price": null,
        "product_type": "SERVICE",
        "discount": 0,
        "photos": []
    }
},
{
    "model": "core.products",
    "pk": 112,
    "fields": {
        "name": "Producto random",
        "product_slug": "producto-randoma6535396-d3ca-4952-b6fa-922154cf7600",
        "quantity": 5,
        "brand": null,
        "category": null,
        "description": null,
        "thumbnail": "",
        "created_at": "2022-10-16T18:44:50.681Z",
        "updated_at": "2022-10-16T18:44:50.681Z",
        "condition": "NEW",
        "store": 2,
        "price": null,
        "product_type": "SERVICE",
        "discount": 0,
        "photos": []
    }
},
{
    "model": "core.products",
    "pk": 113,
    "fields": {
        "name": "Producto random",
        "product_slug": "producto-random187e2b65-4f47-4797-8a2c-8225d31375ae",
        "quantity": 5,
        "brand": null,
        "category": null,
        "description": null,
        "thumbnail": "",
        "created_at": "2022-10-16T18:44:50.694Z",
        "updated_at": "2022-10-16T18:44:50.695Z",
        "condition": "NEW",
        "store": 2,
        "price": null,
        "product_type": "SERVICE",
        "discount": 0,
        "photos": []
    }
},
{
    "model": "core.products",
    "pk": 114,
    "fields": {
        "name": "Producto random",
        "product_slug": "producto-randomca038caf-f34d-415f-8742-a93bc0ccf035",
        "quantity": 5,
        "brand": null,
        "category": null,
        "description": null,
        "thumbnail": "",
        "created_at": "2022-10-16T18:44:50.709Z",
        "updated_at": "2022-10-16T18:44:50.709Z",
        "condition": "NEW",
        "store": 2,
        "price": null,
        "product_type": "SERVICE",
        "discount": 0,
        "photos": []
    }
},
{
    "model": "core.products",
    "pk": 115,
    "fields": {
        "name": "Producto random",
        "product_slug": "producto-random5097f40f-27a0-4de3-9229-e86a06f91f0e",
        "quantity": 5,
        "brand": null,
        "category": null,
        "description": null,
        "thumbnail": "",
        "created_at": "2022-10-16T18:44:50.722Z",
        "updated_at": "2022-10-16T18:44:50.722Z",
        "condition": "NEW",
        "store": 2,
        "price": null,
        "product_type": "SERVICE",
        "discount": 0,
        "photos": []
    }
},
{
    "model": "core.products",
    "pk": 116,
    "fields": {
        "name": "Producto random",
        "product_slug": "producto-random8454f279-cfd4-431f-b2a3-566ec1fd9643",
        "quantity": 5,
        "brand": null,
        "category": null,
        "description": null,
        "thumbnail": "",
        "created_at": "2022-10-16T18:44:50.735Z",
        "updated_at": "2022-10-16T18:44:50.735Z",
        "condition": "NEW",
        "store": 2,
        "price": null,
        "product_type": "SERVICE",
        "discount": 0,
        "photos": []
    }
},
{
    "model": "core.products",
    "pk": 117,
    "fields": {
        "name": "Producto random",
        "product_slug": "producto-random93efb3dd-5af8-40d9-b0e5-590026c45fff",
        "quantity": 5,
        "brand": null,
        "category": null,
        "description": null,
        "thumbnail": "",
        "created_at": "2022-10-16T18:44:50.749Z",
        "updated_at": "2022-10-16T18:44:50.750Z",
        "condition": "NEW",
        "store": 2,
        "price": null,
        "product_type": "SERVICE",
        "discount": 0,
        "photos": []
    }
},
{
    "model": "core.products",
    "pk": 118,
    "fields": {
        "name": "Producto random",
        "product_slug": "producto-random3a31c200-44f2-45e7-9897-6cafbceeee27",
        "quantity": 5,
        "brand": null,
        "category": null,
        "description": null,
        "thumbnail": "",
        "created_at": "2022-10-16T18:44:50.766Z",
        "updated_at": "2022-10-16T18:44:50.766Z",
        "condition": "NEW",
        "store": 2,
        "price": null,
        "product_type": "SERVICE",
        "discount": 0,
        "photos": []
    }
},
{
    "model": "core.products",
    "pk": 119,
    "fields": {
        "name": "Producto random",
        "product_slug": "producto-randomc67a95ac-5e9a-46c2-8a0e-adf10ba17175",
        "quantity": 5,
        "brand": null,
        "category": null,
        "description": null,
        "thumbnail": "",
        "created_at": "2022-10-16T18:44:50.780Z",
        "updated_at": "2022-10-16T18:44:50.780Z",
        "condition": "NEW",
        "store": 2,
        "price": null,
        "product_type": "SERVICE",
        "discount": 0,
        "photos": []
    }
},
{
    "model": "core.info",
    "pk": 1,
    "fields": {
        "first_name": "",
        "last_name": "",
        "person_type": "",
        "document_type": "",
        "document_number": "",
        "user": [
            "prueba1@gmail.com"
        ]
    }
},
{
    "model": "core.info",
    "pk": 2,
    "fields": {
        "first_name": "",
        "last_name": "",
        "person_type": "",
        "document_type": "",
        "document_number": "",
        "user": [
            "augusto@simplee.cl"
        ]
    }
},
{
    "model": "core.review",
    "pk": 102,
    "fields": {
        "user": [
            "prueba1@gmail.com"
        ],
        "title": "Review N fb6f",
        "content": "d0912015-00c5-47bc-95d8-84674123164c",
        "product": 76,
        "score": 2,
        "created_at": "2022-10-17T13:07:42.734Z",
        "updated_at": "2022-10-17T13:07:42.734Z"
    }
},
{
    "model": "core.review",
    "pk": 103,
    "fields": {
        "user": [
            "prueba1@gmail.com"
        ],
        "title": "Review N dae5",
        "content": "1c5358b2-a2ec-43a0-9d45-ab6fba87d7a9",
        "product": 116,
        "score": 5,
        "created_at": "2022-10-17T13:07:42.746Z",
        "updated_at": "2022-10-17T13:07:42.746Z"
    }
},
{
    "model": "core.review",
    "pk": 104,
    "fields": {
        "user": [
            "prueba1@gmail.com"
        ],
        "title": "Review N e68d",
        "content": "d8ab1763-6332-4461-93ca-187392b35021",
        "product": 116,
        "score": 4,
        "created_at": "2022-10-17T13:07:42.757Z",
        "updated_at": "2022-10-17T13:07:42.757Z"
    }
},
{
    "model": "core.review",
    "pk": 105,
    "fields": {
        "user": [
            "prueba1@gmail.com"
        ],
        "title": "Review N 4c3a",
        "content": "a2f3f9e1-7196-47ed-a432-273faf70138b",
        "product": 88,
        "score": 3,
        "created_at": "2022-10-17T13:07:42.768Z",
        "updated_at": "2022-10-17T13:07:42.768Z"
    }
},
{
    "model": "core.review",
    "pk": 106,
    "fields": {
        "user": [
            "prueba1@gmail.com"
        ],
        "title": "Review N 9f3e",
        "content": "acc2d019-61e1-40e0-8a6a-3989284ac4a5",
        "product": 100,
        "score": 5,
        "created_at": "2022-10-17T13:07:42.779Z",
        "updated_at": "2022-10-17T13:07:42.779Z"
    }
},
{
    "model": "core.review",
    "pk": 107,
    "fields": {
        "user": [
            "prueba1@gmail.com"
        ],
        "title": "Review N 5dbf",
        "content": "4267770b-85cf-45c4-b4aa-00b5592b01ba",
        "product": 77,
        "score": 1,
        "created_at": "2022-10-17T13:07:42.790Z",
        "updated_at": "2022-10-17T13:07:42.790Z"
    }
},
{
    "model": "core.review",
    "pk": 108,
    "fields": {
        "user": [
            "prueba1@gmail.com"
        ],
        "title": "Review N e47e",
        "content": "97a2ff5c-342f-47bf-b991-f8bcfaa0d595",
        "product": 80,
        "score": 2,
        "created_at": "2022-10-17T13:07:42.801Z",
        "updated_at": "2022-10-17T13:07:42.801Z"
    }
},
{
    "model": "core.review",
    "pk": 109,
    "fields": {
        "user": [
            "prueba1@gmail.com"
        ],
        "title": "Review N 9fb6",
        "content": "d3cb1a5b-4d05-46b3-8295-584c54ac1584",
        "product": 92,
        "score": 1,
        "created_at": "2022-10-17T13:07:42.812Z",
        "updated_at": "2022-10-17T13:07:42.812Z"
    }
},
{
    "model": "core.review",
    "pk": 110,
    "fields": {
        "user": [
            "prueba1@gmail.com"
        ],
        "title": "Review N ca16",
        "content": "f1aa439e-87f4-4991-9e03-f27bfd38442f",
        "product": 111,
        "score": 1,
        "created_at": "2022-10-17T13:07:42.823Z",
        "updated_at": "2022-10-17T13:07:42.823Z"
    }
},
{
    "model": "core.review",
    "pk": 111,
    "fields": {
        "user": [
            "prueba1@gmail.com"
        ],
        "title": "Review N 27d1",
        "content": "c7a22936-6002-4a3d-995e-3b994df89ff3",
        "product": 103,
        "score": 1,
        "created_at": "2022-10-17T13:07:42.866Z",
        "updated_at": "2022-10-17T13:07:42.867Z"
    }
},
{
    "model": "core.review",
    "pk": 112,
    "fields": {
        "user": [
            "prueba1@gmail.com"
        ],
        "title": "Review N 32ef",
        "content": "c605cdb0-92ba-42ff-81c4-1d40b8012108",
        "product": 110,
        "score": 5,
        "created_at": "2022-10-17T13:07:42.878Z",
        "updated_at": "2022-10-17T13:07:42.878Z"
    }
},
{
    "model": "core.review",
    "pk": 113,
    "fields": {
        "user": [
            "prueba1@gmail.com"
        ],
        "title": "Review N 1395",
        "content": "f2a801bc-febc-4e42-900d-53d0407e56c6",
        "product": 107,
        "score": 3,
        "created_at": "2022-10-17T13:07:42.888Z",
        "updated_at": "2022-10-17T13:07:42.888Z"
    }
},
{
    "model": "core.review",
    "pk": 114,
    "fields": {
        "user": [
            "prueba1@gmail.com"
        ],
        "title": "Review N ecb7",
        "content": "0dbfcb74-e1b9-40b0-afdc-6ac81f5781f4",
        "product": 113,
        "score": 6,
        "created_at": "2022-10-17T13:07:42.898Z",
        "updated_at": "2022-10-17T13:07:42.898Z"
    }
},
{
    "model": "core.review",
    "pk": 115,
    "fields": {
        "user": [
            "prueba1@gmail.com"
        ],
        "title": "Review N 749e",
        "content": "18b06ecb-8674-4dbd-9483-d2f238865a6a",
        "product": 114,
        "score": 5,
        "created_at": "2022-10-17T13:07:42.908Z",
        "updated_at": "2022-10-17T13:07:42.908Z"
    }
},
{
    "model": "core.review",
    "pk": 116,
    "fields": {
        "user": [
            "prueba1@gmail.com"
        ],
        "title": "Review N 7d05",
        "content": "7f32e05e-e004-412a-8940-25ba3854e12f",
        "product": 72,
        "score": 4,
        "created_at": "2022-10-17T13:07:42.918Z",
        "updated_at": "2022-10-17T13:07:42.918Z"
    }
},
{
    "model": "core.review",
    "pk": 117,
    "fields": {
        "user": [
            "prueba1@gmail.com"
        ],
        "title": "Review N e295",
        "content": "4421cc3d-28b8-4e45-8112-85e93eee498d",
        "product": 71,
        "score": 2,
        "created_at": "2022-10-17T13:07:42.928Z",
        "updated_at": "2022-10-17T13:07:42.928Z"
    }
},
{
    "model": "core.review",
    "pk": 118,
    "fields": {
        "user": [
            "prueba1@gmail.com"
        ],
        "title": "Review N 9e43",
        "content": "fe11e395-2cdc-4724-a2f2-45257af729ba",
        "product": 99,
        "score": 6,
        "created_at": "2022-10-17T13:07:42.938Z",
        "updated_at": "2022-10-17T13:07:42.938Z"
    }
},
{
    "model": "core.review",
    "pk": 119,
    "fields": {
        "user": [
            "prueba1@gmail.com"
        ],
        "title": "Review N b4ef",
        "content": "06ee4974-4d92-4ef9-9117-912a51ab2e36",
        "product": 82,
        "score": 3,
        "created_at": "2022-10-17T13:07:42.948Z",
        "updated_at": "2022-10-17T13:07:42.948Z"
    }
},
{
    "model": "core.review",
    "pk": 120,
    "fields": {
        "user": [
            "prueba1@gmail.com"
        ],
        "title": "Review N f256",
        "content": "16060921-9b48-4dfd-93ff-668343d9d8d5",
        "product": 109,
        "score": 3,
        "created_at": "2022-10-17T13:07:42.959Z",
        "updated_at": "2022-10-17T13:07:42.959Z"
    }
},
{
    "model": "core.review",
    "pk": 121,
    "fields": {
        "user": [
            "prueba1@gmail.com"
        ],
        "title": "Review N 44d9",
        "content": "89eb4278-6b7f-4342-a74b-0e91bfa97508",
        "product": 73,
        "score": 4,
        "created_at": "2022-10-17T13:07:42.970Z",
        "updated_at": "2022-10-17T13:07:42.971Z"
    }
},
{
    "model": "core.review",
    "pk": 122,
    "fields": {
        "user": [
            "prueba1@gmail.com"
        ],
        "title": "Review N 8045",
        "content": "be3d4e20-9335-430e-9412-dcb5eacb1107",
        "product": 104,
        "score": 1,
        "created_at": "2022-10-17T13:07:43.008Z",
        "updated_at": "2022-10-17T13:07:43.009Z"
    }
},
{
    "model": "core.review",
    "pk": 123,
    "fields": {
        "user": [
            "prueba1@gmail.com"
        ],
        "title": "Review N 741d",
        "content": "51a15017-dfb5-457e-a97f-d1477680bb77",
        "product": 78,
        "score": 4,
        "created_at": "2022-10-17T13:07:43.019Z",
        "updated_at": "2022-10-17T13:07:43.019Z"
    }
},
{
    "model": "core.review",
    "pk": 124,
    "fields": {
        "user": [
            "prueba1@gmail.com"
        ],
        "title": "Review N ac7c",
        "content": "0171b0fa-3286-48a7-a43b-a9b6b2f55956",
        "product": 73,
        "score": 1,
        "created_at": "2022-10-17T13:07:43.030Z",
        "updated_at": "2022-10-17T13:07:43.030Z"
    }
},
{
    "model": "core.review",
    "pk": 125,
    "fields": {
        "user": [
            "prueba1@gmail.com"
        ],
        "title": "Review N a42c",
        "content": "692e3c4f-ad78-41b5-a4d3-46e30d882505",
        "product": 109,
        "score": 3,
        "created_at": "2022-10-17T13:07:43.039Z",
        "updated_at": "2022-10-17T13:07:43.039Z"
    }
},
{
    "model": "core.review",
    "pk": 126,
    "fields": {
        "user": [
            "prueba1@gmail.com"
        ],
        "title": "Review N 8552",
        "content": "330c1fde-9c58-46a3-ab7c-9b54c1703e8e",
        "product": 92,
        "score": 2,
        "created_at": "2022-10-17T13:07:43.050Z",
        "updated_at": "2022-10-17T13:07:43.050Z"
    }
},
{
    "model": "core.review",
    "pk": 127,
    "fields": {
        "user": [
            "prueba1@gmail.com"
        ],
        "title": "Review N cfaf",
        "content": "0fddb0e9-0b4e-49af-8741-8023e906e135",
        "product": 109,
        "score": 3,
        "created_at": "2022-10-17T13:07:43.062Z",
        "updated_at": "2022-10-17T13:07:43.062Z"
    }
},
{
    "model": "core.review",
    "pk": 128,
    "fields": {
        "user": [
            "prueba1@gmail.com"
        ],
        "title": "Review N 2096",
        "content": "2f9d5f67-1ef7-43a5-b579-587baf179426",
        "product": 111,
        "score": 6,
        "created_at": "2022-10-17T13:07:43.073Z",
        "updated_at": "2022-10-17T13:07:43.073Z"
    }
},
{
    "model": "core.review",
    "pk": 129,
    "fields": {
        "user": [
            "prueba1@gmail.com"
        ],
        "title": "Review N ccb2",
        "content": "2f30e7d6-8f6a-442c-aea0-e57d619f4123",
        "product": 108,
        "score": 2,
        "created_at": "2022-10-17T13:07:43.084Z",
        "updated_at": "2022-10-17T13:07:43.084Z"
    }
},
{
    "model": "core.review",
    "pk": 130,
    "fields": {
        "user": [
            "prueba1@gmail.com"
        ],
        "title": "Review N aead",
        "content": "868c9549-192f-4db7-9c5f-86da4117c72e",
        "product": 81,
        "score": 4,
        "created_at": "2022-10-17T13:07:43.096Z",
        "updated_at": "2022-10-17T13:07:43.096Z"
    }
},
{
    "model": "core.review",
    "pk": 131,
    "fields": {
        "user": [
            "prueba1@gmail.com"
        ],
        "title": "Review N 9816",
        "content": "ba6097e2-92cb-4149-a182-2b5c1e7dbf8e",
        "product": 95,
        "score": 6,
        "created_at": "2022-10-17T13:07:43.109Z",
        "updated_at": "2022-10-17T13:07:43.109Z"
    }
},
{
    "model": "core.review",
    "pk": 132,
    "fields": {
        "user": [
            "prueba1@gmail.com"
        ],
        "title": "Review N 5a25",
        "content": "f1ee39d5-05f3-448e-89fb-3bf65efea4f0",
        "product": 94,
        "score": 3,
        "created_at": "2022-10-17T13:07:43.120Z",
        "updated_at": "2022-10-17T13:07:43.120Z"
    }
},
{
    "model": "core.review",
    "pk": 133,
    "fields": {
        "user": [
            "prueba1@gmail.com"
        ],
        "title": "Review N af88",
        "content": "6e7ed966-cfe3-4686-90a6-96e048368192",
        "product": 10,
        "score": 2,
        "created_at": "2022-10-17T13:07:43.130Z",
        "updated_at": "2022-10-17T13:07:43.131Z"
    }
},
{
    "model": "core.review",
    "pk": 134,
    "fields": {
        "user": [
            "prueba1@gmail.com"
        ],
        "title": "Review N cb04",
        "content": "55cb139a-1987-4e9a-87bd-88aa32c88db8",
        "product": 112,
        "score": 4,
        "created_at": "2022-10-17T13:07:43.142Z",
        "updated_at": "2022-10-17T13:07:43.142Z"
    }
},
{
    "model": "core.review",
    "pk": 135,
    "fields": {
        "user": [
            "prueba1@gmail.com"
        ],
        "title": "Review N af00",
        "content": "763b5360-28ac-415d-bd29-c697a9a1e4d8",
        "product": 83,
        "score": 4,
        "created_at": "2022-10-17T13:07:43.152Z",
        "updated_at": "2022-10-17T13:07:43.152Z"
    }
},
{
    "model": "core.review",
    "pk": 136,
    "fields": {
        "user": [
            "prueba1@gmail.com"
        ],
        "title": "Review N 3d7f",
        "content": "b775f655-fe6c-443e-a121-2f153f31e1cd",
        "product": 72,
        "score": 4,
        "created_at": "2022-10-17T13:07:43.162Z",
        "updated_at": "2022-10-17T13:07:43.162Z"
    }
},
{
    "model": "core.review",
    "pk": 137,
    "fields": {
        "user": [
            "prueba1@gmail.com"
        ],
        "title": "Review N b9c2",
        "content": "7c6190f0-af1b-4be8-8d36-9463fc00ae9c",
        "product": 75,
        "score": 5,
        "created_at": "2022-10-17T13:07:43.172Z",
        "updated_at": "2022-10-17T13:07:43.172Z"
    }
},
{
    "model": "core.review",
    "pk": 138,
    "fields": {
        "user": [
            "prueba1@gmail.com"
        ],
        "title": "Review N 2d00",
        "content": "08157d78-3273-4b3d-ab6c-f854f8be6b5e",
        "product": 103,
        "score": 1,
        "created_at": "2022-10-17T13:07:43.183Z",
        "updated_at": "2022-10-17T13:07:43.183Z"
    }
},
{
    "model": "core.review",
    "pk": 139,
    "fields": {
        "user": [
            "prueba1@gmail.com"
        ],
        "title": "Review N 26ed",
        "content": "b57f44d2-1608-4c1e-8b21-1d7a4db4387a",
        "product": 97,
        "score": 5,
        "created_at": "2022-10-17T13:07:43.193Z",
        "updated_at": "2022-10-17T13:07:43.193Z"
    }
},
{
    "model": "core.review",
    "pk": 140,
    "fields": {
        "user": [
            "prueba1@gmail.com"
        ],
        "title": "Review N 797c",
        "content": "c5907807-3235-480e-9e72-e00eab24b3e8",
        "product": 108,
        "score": 6,
        "created_at": "2022-10-17T13:07:43.203Z",
        "updated_at": "2022-10-17T13:07:43.203Z"
    }
},
{
    "model": "core.review",
    "pk": 141,
    "fields": {
        "user": [
            "prueba1@gmail.com"
        ],
        "title": "Review N 0b2d",
        "content": "3c8a2b85-a1ac-4d99-ad0c-5baaa53557dd",
        "product": 94,
        "score": 1,
        "created_at": "2022-10-17T13:07:43.213Z",
        "updated_at": "2022-10-17T13:07:43.213Z"
    }
},
{
    "model": "core.review",
    "pk": 142,
    "fields": {
        "user": [
            "prueba1@gmail.com"
        ],
        "title": "Review N 47dd",
        "content": "1529700e-23c1-42e1-bb0c-16910b88aa28",
        "product": 78,
        "score": 3,
        "created_at": "2022-10-17T13:07:43.224Z",
        "updated_at": "2022-10-17T13:07:43.224Z"
    }
},
{
    "model": "core.review",
    "pk": 143,
    "fields": {
        "user": [
            "prueba1@gmail.com"
        ],
        "title": "Review N 3d77",
        "content": "0102749f-d15a-4c9e-a00d-48ea8141c6c6",
        "product": 102,
        "score": 3,
        "created_at": "2022-10-17T13:07:43.265Z",
        "updated_at": "2022-10-17T13:07:43.265Z"
    }
},
{
    "model": "core.review",
    "pk": 144,
    "fields": {
        "user": [
            "prueba1@gmail.com"
        ],
        "title": "Review N 3875",
        "content": "77ea4db9-f2ed-41ed-a792-216111c0b7a3",
        "product": 86,
        "score": 6,
        "created_at": "2022-10-17T13:07:43.275Z",
        "updated_at": "2022-10-17T13:07:43.275Z"
    }
},
{
    "model": "core.review",
    "pk": 145,
    "fields": {
        "user": [
            "prueba1@gmail.com"
        ],
        "title": "Review N 224a",
        "content": "30960f66-f993-472d-b218-7d93dd98da82",
        "product": 76,
        "score": 5,
        "created_at": "2022-10-17T13:07:43.287Z",
        "updated_at": "2022-10-17T13:07:43.287Z"
    }
},
{
    "model": "core.review",
    "pk": 146,
    "fields": {
        "user": [
            "prueba1@gmail.com"
        ],
        "title": "Review N 8cbf",
        "content": "a53c2b58-df94-4e07-80f6-edf7be9afe5b",
        "product": 71,
        "score": 5,
        "created_at": "2022-10-17T13:07:43.297Z",
        "updated_at": "2022-10-17T13:07:43.297Z"
    }
},
{
    "model": "core.review",
    "pk": 147,
    "fields": {
        "user": [
            "prueba1@gmail.com"
        ],
        "title": "Review N 204a",
        "content": "3623bf15-ecff-4634-9587-aa53f2a8fdb2",
        "product": 76,
        "score": 5,
        "created_at": "2022-10-17T13:07:43.309Z",
        "updated_at": "2022-10-17T13:07:43.309Z"
    }
},
{
    "model": "core.review",
    "pk": 148,
    "fields": {
        "user": [
            "prueba1@gmail.com"
        ],
        "title": "Review N 6742",
        "content": "d0cc726f-d365-4891-914b-9982f2dc595e",
        "product": 116,
        "score": 1,
        "created_at": "2022-10-17T13:07:43.319Z",
        "updated_at": "2022-10-17T13:07:43.319Z"
    }
},
{
    "model": "core.review",
    "pk": 149,
    "fields": {
        "user": [
            "prueba1@gmail.com"
        ],
        "title": "Review N d213",
        "content": "144d2cab-ab20-4f32-bdd3-cf999abbe4c1",
        "product": 93,
        "score": 1,
        "created_at": "2022-10-17T13:07:43.329Z",
        "updated_at": "2022-10-17T13:07:43.329Z"
    }
},
{
    "model": "core.review",
    "pk": 150,
    "fields": {
        "user": [
            "prueba1@gmail.com"
        ],
        "title": "Review N e09a",
        "content": "a15849de-2c8b-408b-9bc2-9f20af3a9799",
        "product": 78,
        "score": 2,
        "created_at": "2022-10-17T13:07:43.338Z",
        "updated_at": "2022-10-17T13:07:43.338Z"
    }
},
{
    "model": "core.review",
    "pk": 151,
    "fields": {
        "user": [
            "prueba1@gmail.com"
        ],
        "title": "Review N ef0f",
        "content": "bc6503c3-cbe4-41d1-87bb-dddee95e2006",
        "product": 81,
        "score": 6,
        "created_at": "2022-10-17T13:07:43.349Z",
        "updated_at": "2022-10-17T13:07:43.349Z"
    }
},
{
    "model": "core.review",
    "pk": 152,
    "fields": {
        "user": [
            "prueba1@gmail.com"
        ],
        "title": "Review N 97ec",
        "content": "e6e8d511-aac5-43c6-b8f8-8bc87b09b4de",
        "product": 72,
        "score": 4,
        "created_at": "2022-10-18T02:20:00.713Z",
        "updated_at": "2022-10-18T02:20:00.714Z"
    }
},
{
    "model": "core.review",
    "pk": 153,
    "fields": {
        "user": [
            "prueba1@gmail.com"
        ],
        "title": "Review N 4a3a",
        "content": "4b42a085-b964-4807-8abf-329327e80916",
        "product": 102,
        "score": 3,
        "created_at": "2022-10-18T02:20:00.725Z",
        "updated_at": "2022-10-18T02:20:00.725Z"
    }
},
{
    "model": "core.review",
    "pk": 154,
    "fields": {
        "user": [
            "prueba1@gmail.com"
        ],
        "title": "Review N 55f7",
        "content": "7b6247e4-3c94-4d40-bbd1-e1e2bfafe0f1",
        "product": 94,
        "score": 6,
        "created_at": "2022-10-18T02:20:00.736Z",
        "updated_at": "2022-10-18T02:20:00.736Z"
    }
},
{
    "model": "core.review",
    "pk": 155,
    "fields": {
        "user": [
            "prueba1@gmail.com"
        ],
        "title": "Review N 91d3",
        "content": "320cc370-d2a9-4106-8160-79c681ba6c93",
        "product": 101,
        "score": 3,
        "created_at": "2022-10-18T02:20:00.746Z",
        "updated_at": "2022-10-18T02:20:00.746Z"
    }
},
{
    "model": "core.review",
    "pk": 156,
    "fields": {
        "user": [
            "prueba1@gmail.com"
        ],
        "title": "Review N b215",
        "content": "a13ce40c-21f0-4548-bc3f-cbb1584787ff",
        "product": 72,
        "score": 1,
        "created_at": "2022-10-18T02:20:00.756Z",
        "updated_at": "2022-10-18T02:20:00.756Z"
    }
},
{
    "model": "core.review",
    "pk": 157,
    "fields": {
        "user": [
            "prueba1@gmail.com"
        ],
        "title": "Review N 2d9d",
        "content": "02e7b6b2-5ba5-4862-9dc4-e3fde17334f2",
        "product": 106,
        "score": 5,
        "created_at": "2022-10-18T02:20:00.767Z",
        "updated_at": "2022-10-18T02:20:00.767Z"
    }
},
{
    "model": "core.review",
    "pk": 158,
    "fields": {
        "user": [
            "prueba1@gmail.com"
        ],
        "title": "Review N c411",
        "content": "8b484e25-13a0-4adb-a326-65de5b40ecae",
        "product": 80,
        "score": 4,
        "created_at": "2022-10-18T02:20:00.778Z",
        "updated_at": "2022-10-18T02:20:00.778Z"
    }
},
{
    "model": "core.review",
    "pk": 159,
    "fields": {
        "user": [
            "prueba1@gmail.com"
        ],
        "title": "Review N 6337",
        "content": "96712dae-62fd-4b1c-9d2c-732e6ec0350d",
        "product": 115,
        "score": 5,
        "created_at": "2022-10-18T02:20:00.790Z",
        "updated_at": "2022-10-18T02:20:00.790Z"
    }
},
{
    "model": "core.review",
    "pk": 160,
    "fields": {
        "user": [
            "prueba1@gmail.com"
        ],
        "title": "Review N ca27",
        "content": "07658239-e7e7-4e77-8e7c-db18f3db2fc9",
        "product": 10,
        "score": 1,
        "created_at": "2022-10-18T02:20:00.802Z",
        "updated_at": "2022-10-18T02:20:00.802Z"
    }
},
{
    "model": "core.review",
    "pk": 161,
    "fields": {
        "user": [
            "prueba1@gmail.com"
        ],
        "title": "Review N d3b7",
        "content": "9d7ca94a-9622-4ef1-8412-3e3415e5fc7a",
        "product": 100,
        "score": 1,
        "created_at": "2022-10-18T02:20:00.814Z",
        "updated_at": "2022-10-18T02:20:00.814Z"
    }
},
{
    "model": "core.review",
    "pk": 162,
    "fields": {
        "user": [
            "prueba1@gmail.com"
        ],
        "title": "Review N 654b",
        "content": "c9207b3f-b373-40c7-86ac-8bdd9f6b32d4",
        "product": 91,
        "score": 1,
        "created_at": "2022-10-18T02:20:00.824Z",
        "updated_at": "2022-10-18T02:20:00.824Z"
    }
},
{
    "model": "core.review",
    "pk": 163,
    "fields": {
        "user": [
            "prueba1@gmail.com"
        ],
        "title": "Review N 585d",
        "content": "00516fb8-4ab6-4b35-ab6b-e0c98a7bc93c",
        "product": 113,
        "score": 2,
        "created_at": "2022-10-18T02:20:00.835Z",
        "updated_at": "2022-10-18T02:20:00.835Z"
    }
},
{
    "model": "core.review",
    "pk": 164,
    "fields": {
        "user": [
            "prueba1@gmail.com"
        ],
        "title": "Review N dd22",
        "content": "4ff90ae6-d237-4248-a25c-f2c3ced691bf",
        "product": 73,
        "score": 2,
        "created_at": "2022-10-18T02:20:00.845Z",
        "updated_at": "2022-10-18T02:20:00.845Z"
    }
},
{
    "model": "core.review",
    "pk": 165,
    "fields": {
        "user": [
            "prueba1@gmail.com"
        ],
        "title": "Review N 4bf9",
        "content": "e7482531-8131-45fc-994f-646bf0b60b19",
        "product": 93,
        "score": 5,
        "created_at": "2022-10-18T02:20:00.855Z",
        "updated_at": "2022-10-18T02:20:00.855Z"
    }
},
{
    "model": "core.review",
    "pk": 166,
    "fields": {
        "user": [
            "prueba1@gmail.com"
        ],
        "title": "Review N 21c7",
        "content": "92b0bc30-e7b2-4fe7-b302-47d90bef1543",
        "product": 92,
        "score": 2,
        "created_at": "2022-10-18T02:20:00.964Z",
        "updated_at": "2022-10-18T02:20:00.964Z"
    }
},
{
    "model": "core.review",
    "pk": 167,
    "fields": {
        "user": [
            "prueba1@gmail.com"
        ],
        "title": "Review N 91f2",
        "content": "43efeece-047d-4896-a000-5153ce9eaf37",
        "product": 71,
        "score": 3,
        "created_at": "2022-10-18T02:20:00.975Z",
        "updated_at": "2022-10-18T02:20:00.975Z"
    }
},
{
    "model": "core.review",
    "pk": 168,
    "fields": {
        "user": [
            "prueba1@gmail.com"
        ],
        "title": "Review N 5ac1",
        "content": "a21b7fd5-d163-402a-98c9-030a1babbe5f",
        "product": 76,
        "score": 3,
        "created_at": "2022-10-18T02:20:00.985Z",
        "updated_at": "2022-10-18T02:20:00.985Z"
    }
},
{
    "model": "core.review",
    "pk": 169,
    "fields": {
        "user": [
            "prueba1@gmail.com"
        ],
        "title": "Review N 10ae",
        "content": "a1828df8-c22e-4d2f-a55c-3995f4bce8bd",
        "product": 96,
        "score": 2,
        "created_at": "2022-10-18T02:20:00.997Z",
        "updated_at": "2022-10-18T02:20:00.997Z"
    }
},
{
    "model": "core.review",
    "pk": 170,
    "fields": {
        "user": [
            "prueba1@gmail.com"
        ],
        "title": "Review N be1f",
        "content": "c665d0c2-cc55-4d58-bc01-36d0ed0bf821",
        "product": 95,
        "score": 4,
        "created_at": "2022-10-18T02:20:01.008Z",
        "updated_at": "2022-10-18T02:20:01.008Z"
    }
},
{
    "model": "core.review",
    "pk": 171,
    "fields": {
        "user": [
            "prueba1@gmail.com"
        ],
        "title": "Review N 5beb",
        "content": "2ff336e7-88e6-4f92-bbf9-bce0df118ed4",
        "product": 89,
        "score": 1,
        "created_at": "2022-10-18T02:20:01.018Z",
        "updated_at": "2022-10-18T02:20:01.018Z"
    }
},
{
    "model": "core.review",
    "pk": 172,
    "fields": {
        "user": [
            "prueba1@gmail.com"
        ],
        "title": "Review N c9d5",
        "content": "80ce7596-fb0b-461d-a59a-c46bd970a8a8",
        "product": 101,
        "score": 4,
        "created_at": "2022-10-18T02:20:01.029Z",
        "updated_at": "2022-10-18T02:20:01.029Z"
    }
},
{
    "model": "core.review",
    "pk": 173,
    "fields": {
        "user": [
            "prueba1@gmail.com"
        ],
        "title": "Review N 0285",
        "content": "f4b29d40-54a8-4240-98b5-44f31481a0a9",
        "product": 113,
        "score": 2,
        "created_at": "2022-10-18T02:20:01.041Z",
        "updated_at": "2022-10-18T02:20:01.041Z"
    }
},
{
    "model": "core.review",
    "pk": 174,
    "fields": {
        "user": [
            "prueba1@gmail.com"
        ],
        "title": "Review N 1787",
        "content": "62fe103b-14da-4a57-98cd-9c3880be6800",
        "product": 87,
        "score": 6,
        "created_at": "2022-10-18T02:20:01.055Z",
        "updated_at": "2022-10-18T02:20:01.055Z"
    }
},
{
    "model": "core.review",
    "pk": 175,
    "fields": {
        "user": [
            "prueba1@gmail.com"
        ],
        "title": "Review N e5b6",
        "content": "f9831736-b430-45b0-afaf-61921c886810",
        "product": 105,
        "score": 2,
        "created_at": "2022-10-18T02:20:01.066Z",
        "updated_at": "2022-10-18T02:20:01.066Z"
    }
},
{
    "model": "core.review",
    "pk": 176,
    "fields": {
        "user": [
            "prueba1@gmail.com"
        ],
        "title": "Review N 6215",
        "content": "397eebb7-e16c-40eb-8219-62652830b1b8",
        "product": 74,
        "score": 6,
        "created_at": "2022-10-18T02:20:01.078Z",
        "updated_at": "2022-10-18T02:20:01.078Z"
    }
},
{
    "model": "core.review",
    "pk": 177,
    "fields": {
        "user": [
            "prueba1@gmail.com"
        ],
        "title": "Review N 5c18",
        "content": "16c8e57e-94e4-4726-883b-01d1aaa431bc",
        "product": 109,
        "score": 1,
        "created_at": "2022-10-18T02:20:01.191Z",
        "updated_at": "2022-10-18T02:20:01.191Z"
    }
},
{
    "model": "core.review",
    "pk": 178,
    "fields": {
        "user": [
            "prueba1@gmail.com"
        ],
        "title": "Review N 2219",
        "content": "df86031e-7e56-4e21-9a48-5457594902af",
        "product": 104,
        "score": 3,
        "created_at": "2022-10-18T02:20:01.202Z",
        "updated_at": "2022-10-18T02:20:01.202Z"
    }
},
{
    "model": "core.review",
    "pk": 179,
    "fields": {
        "user": [
            "prueba1@gmail.com"
        ],
        "title": "Review N ae9b",
        "content": "7a0f4b46-0f5c-498c-8edc-d53f87c5050e",
        "product": 119,
        "score": 5,
        "created_at": "2022-10-18T02:20:01.212Z",
        "updated_at": "2022-10-18T02:20:01.212Z"
    }
},
{
    "model": "core.review",
    "pk": 180,
    "fields": {
        "user": [
            "prueba1@gmail.com"
        ],
        "title": "Review N fb81",
        "content": "613f59d3-fa1a-47d7-9be0-79b24dbbc0c5",
        "product": 101,
        "score": 1,
        "created_at": "2022-10-18T02:20:01.223Z",
        "updated_at": "2022-10-18T02:20:01.223Z"
    }
},
{
    "model": "core.review",
    "pk": 181,
    "fields": {
        "user": [
            "prueba1@gmail.com"
        ],
        "title": "Review N 223a",
        "content": "ac155d8f-c2e9-42e6-82fd-e231ff5a1645",
        "product": 80,
        "score": 1,
        "created_at": "2022-10-18T02:20:01.236Z",
        "updated_at": "2022-10-18T02:20:01.236Z"
    }
},
{
    "model": "core.review",
    "pk": 182,
    "fields": {
        "user": [
            "prueba1@gmail.com"
        ],
        "title": "Review N 214a",
        "content": "4af1e19c-1afd-4320-9bf9-6ada950d82dd",
        "product": 115,
        "score": 5,
        "created_at": "2022-10-18T02:20:01.247Z",
        "updated_at": "2022-10-18T02:20:01.247Z"
    }
},
{
    "model": "core.review",
    "pk": 183,
    "fields": {
        "user": [
            "prueba1@gmail.com"
        ],
        "title": "Review N ba54",
        "content": "956f2836-a691-4450-8d41-f199dd21b870",
        "product": 109,
        "score": 2,
        "created_at": "2022-10-18T02:20:01.257Z",
        "updated_at": "2022-10-18T02:20:01.257Z"
    }
},
{
    "model": "core.review",
    "pk": 184,
    "fields": {
        "user": [
            "prueba1@gmail.com"
        ],
        "title": "Review N 8485",
        "content": "5e716d48-d907-45eb-be9f-452fdf730795",
        "product": 106,
        "score": 4,
        "created_at": "2022-10-18T02:20:01.268Z",
        "updated_at": "2022-10-18T02:20:01.268Z"
    }
},
{
    "model": "core.review",
    "pk": 185,
    "fields": {
        "user": [
            "prueba1@gmail.com"
        ],
        "title": "Review N 11c9",
        "content": "ee7b9792-8e6e-462d-90c6-33195dbcdd9f",
        "product": 95,
        "score": 3,
        "created_at": "2022-10-18T02:20:01.278Z",
        "updated_at": "2022-10-18T02:20:01.278Z"
    }
},
{
    "model": "core.review",
    "pk": 186,
    "fields": {
        "user": [
            "prueba1@gmail.com"
        ],
        "title": "Review N 1e22",
        "content": "ccda6368-e6b0-48df-b8bc-3d61b08e4115",
        "product": 86,
        "score": 2,
        "created_at": "2022-10-18T02:20:01.288Z",
        "updated_at": "2022-10-18T02:20:01.288Z"
    }
},
{
    "model": "core.review",
    "pk": 187,
    "fields": {
        "user": [
            "prueba1@gmail.com"
        ],
        "title": "Review N ee26",
        "content": "4811d4f9-0b84-471a-a6bb-13288a2e3cf5",
        "product": 94,
        "score": 3,
        "created_at": "2022-10-18T02:20:01.300Z",
        "updated_at": "2022-10-18T02:20:01.300Z"
    }
},
{
    "model": "core.review",
    "pk": 188,
    "fields": {
        "user": [
            "prueba1@gmail.com"
        ],
        "title": "Review N 8143",
        "content": "baf0eb00-a67a-4d45-b22b-e8b62df64205",
        "product": 108,
        "score": 1,
        "created_at": "2022-10-18T02:20:01.421Z",
        "updated_at": "2022-10-18T02:20:01.421Z"
    }
},
{
    "model": "core.review",
    "pk": 189,
    "fields": {
        "user": [
            "prueba1@gmail.com"
        ],
        "title": "Review N 2f2b",
        "content": "7caf9e25-6d00-4f3a-87ec-cbf96be91adf",
        "product": 98,
        "score": 1,
        "created_at": "2022-10-18T02:20:01.431Z",
        "updated_at": "2022-10-18T02:20:01.431Z"
    }
},
{
    "model": "core.review",
    "pk": 190,
    "fields": {
        "user": [
            "prueba1@gmail.com"
        ],
        "title": "Review N 5790",
        "content": "ac757dcd-faaf-49bf-86f6-dc8a732d11f6",
        "product": 96,
        "score": 3,
        "created_at": "2022-10-18T02:20:01.440Z",
        "updated_at": "2022-10-18T02:20:01.440Z"
    }
},
{
    "model": "core.review",
    "pk": 191,
    "fields": {
        "user": [
            "prueba1@gmail.com"
        ],
        "title": "Review N e077",
        "content": "17454eb1-17ea-4e4c-b7db-5b0a696bf3b6",
        "product": 119,
        "score": 4,
        "created_at": "2022-10-18T02:20:01.451Z",
        "updated_at": "2022-10-18T02:20:01.452Z"
    }
},
{
    "model": "core.review",
    "pk": 192,
    "fields": {
        "user": [
            "prueba1@gmail.com"
        ],
        "title": "Review N 844b",
        "content": "88250e19-4cb3-4aeb-8d75-2e39e6e5d5f2",
        "product": 90,
        "score": 5,
        "created_at": "2022-10-18T02:20:01.463Z",
        "updated_at": "2022-10-18T02:20:01.463Z"
    }
},
{
    "model": "core.review",
    "pk": 193,
    "fields": {
        "user": [
            "prueba1@gmail.com"
        ],
        "title": "Review N e4cf",
        "content": "5b6cf594-8893-4006-bc51-d2d727416a6f",
        "product": 89,
        "score": 6,
        "created_at": "2022-10-18T02:20:01.476Z",
        "updated_at": "2022-10-18T02:20:01.476Z"
    }
},
{
    "model": "core.review",
    "pk": 194,
    "fields": {
        "user": [
            "prueba1@gmail.com"
        ],
        "title": "Review N 2233",
        "content": "4f514a03-7901-4eae-9138-bcb9f97246ab",
        "product": 106,
        "score": 5,
        "created_at": "2022-10-18T02:20:01.491Z",
        "updated_at": "2022-10-18T02:20:01.491Z"
    }
},
{
    "model": "core.review",
    "pk": 195,
    "fields": {
        "user": [
            "prueba1@gmail.com"
        ],
        "title": "Review N c01b",
        "content": "83a075d3-3d74-41b3-b218-cb45c4a322dc",
        "product": 95,
        "score": 2,
        "created_at": "2022-10-18T02:20:01.505Z",
        "updated_at": "2022-10-18T02:20:01.505Z"
    }
},
{
    "model": "core.review",
    "pk": 196,
    "fields": {
        "user": [
            "prueba1@gmail.com"
        ],
        "title": "Review N 24ee",
        "content": "a89448de-ee9b-40b3-8b42-b9d650bc2ba0",
        "product": 82,
        "score": 2,
        "created_at": "2022-10-18T02:20:01.517Z",
        "updated_at": "2022-10-18T02:20:01.517Z"
    }
},
{
    "model": "core.review",
    "pk": 197,
    "fields": {
        "user": [
            "prueba1@gmail.com"
        ],
        "title": "Review N 0bf3",
        "content": "2f69e036-f8c2-43f0-82aa-23b3ca2aeb67",
        "product": 75,
        "score": 1,
        "created_at": "2022-10-18T02:20:01.529Z",
        "updated_at": "2022-10-18T02:20:01.529Z"
    }
},
{
    "model": "core.review",
    "pk": 198,
    "fields": {
        "user": [
            "prueba1@gmail.com"
        ],
        "title": "Review N b23c",
        "content": "5f3333ee-96ca-4283-8f3d-2094b14d3bf5",
        "product": 101,
        "score": 1,
        "created_at": "2022-10-18T02:20:01.637Z",
        "updated_at": "2022-10-18T02:20:01.637Z"
    }
},
{
    "model": "core.review",
    "pk": 199,
    "fields": {
        "user": [
            "prueba1@gmail.com"
        ],
        "title": "Review N 6069",
        "content": "1d6a4079-81fa-4b39-bd21-1ed71971e2f1",
        "product": 93,
        "score": 6,
        "created_at": "2022-10-18T02:20:01.648Z",
        "updated_at": "2022-10-18T02:20:01.648Z"
    }
},
{
    "model": "core.review",
    "pk": 200,
    "fields": {
        "user": [
            "prueba1@gmail.com"
        ],
        "title": "Review N cac0",
        "content": "c5042b07-dfba-491c-8a92-d2aa8a315891",
        "product": 73,
        "score": 3,
        "created_at": "2022-10-18T02:20:01.660Z",
        "updated_at": "2022-10-18T02:20:01.660Z"
    }
},
{
    "model": "core.review",
    "pk": 201,
    "fields": {
        "user": [
            "prueba1@gmail.com"
        ],
        "title": "Review N e625",
        "content": "916526c8-03d5-43d3-956b-18f7f9fec932",
        "product": 10,
        "score": 2,
        "created_at": "2022-10-18T02:20:01.673Z",
        "updated_at": "2022-10-18T02:20:01.673Z"
    }
},
{
    "model": "core.review",
    "pk": 202,
    "fields": {
        "user": [
            "prueba1@gmail.com"
        ],
        "title": "Review N 52aa",
        "content": "b4af0058-801c-4b4e-a88f-dd9ee002bb8e",
        "product": 73,
        "score": 4,
        "created_at": "2022-10-18T02:20:05.250Z",
        "updated_at": "2022-10-18T02:20:05.250Z"
    }
},
{
    "model": "core.review",
    "pk": 203,
    "fields": {
        "user": [
            "prueba1@gmail.com"
        ],
        "title": "Review N 790a",
        "content": "1d49bf37-828e-4f23-a37a-9305a98095a6",
        "product": 119,
        "score": 5,
        "created_at": "2022-10-18T02:20:05.262Z",
        "updated_at": "2022-10-18T02:20:05.262Z"
    }
},
{
    "model": "core.review",
    "pk": 204,
    "fields": {
        "user": [
            "prueba1@gmail.com"
        ],
        "title": "Review N 70e4",
        "content": "008b6629-df1e-4594-a07c-591a21f371cb",
        "product": 81,
        "score": 1,
        "created_at": "2022-10-18T02:20:05.272Z",
        "updated_at": "2022-10-18T02:20:05.272Z"
    }
},
{
    "model": "core.review",
    "pk": 205,
    "fields": {
        "user": [
            "prueba1@gmail.com"
        ],
        "title": "Review N 26b0",
        "content": "732c75c2-518a-4d67-8214-677cd3807c85",
        "product": 112,
        "score": 2,
        "created_at": "2022-10-18T02:20:05.282Z",
        "updated_at": "2022-10-18T02:20:05.282Z"
    }
},
{
    "model": "core.review",
    "pk": 206,
    "fields": {
        "user": [
            "prueba1@gmail.com"
        ],
        "title": "Review N 575c",
        "content": "2e259332-17b8-491f-a1a4-3fc2e22bf977",
        "product": 71,
        "score": 2,
        "created_at": "2022-10-18T02:20:05.292Z",
        "updated_at": "2022-10-18T02:20:05.292Z"
    }
},
{
    "model": "core.review",
    "pk": 207,
    "fields": {
        "user": [
            "prueba1@gmail.com"
        ],
        "title": "Review N bf10",
        "content": "229f938b-a240-4a5d-8565-86464ce55f75",
        "product": 73,
        "score": 1,
        "created_at": "2022-10-18T02:20:05.302Z",
        "updated_at": "2022-10-18T02:20:05.302Z"
    }
},
{
    "model": "core.review",
    "pk": 208,
    "fields": {
        "user": [
            "prueba1@gmail.com"
        ],
        "title": "Review N 2b5f",
        "content": "8588e847-a79b-4348-94c4-62170763d9ed",
        "product": 97,
        "score": 2,
        "created_at": "2022-10-18T02:20:05.313Z",
        "updated_at": "2022-10-18T02:20:05.313Z"
    }
},
{
    "model": "core.review",
    "pk": 209,
    "fields": {
        "user": [
            "prueba1@gmail.com"
        ],
        "title": "Review N ef36",
        "content": "4b2b296a-9a2b-40f1-8875-35744b32983d",
        "product": 87,
        "score": 4,
        "created_at": "2022-10-18T02:20:05.324Z",
        "updated_at": "2022-10-18T02:20:05.324Z"
    }
},
{
    "model": "core.review",
    "pk": 210,
    "fields": {
        "user": [
            "prueba1@gmail.com"
        ],
        "title": "Review N 597c",
        "content": "3072e2c2-721e-4670-a5f5-347d10dcc7f5",
        "product": 81,
        "score": 2,
        "created_at": "2022-10-18T02:20:05.336Z",
        "updated_at": "2022-10-18T02:20:05.336Z"
    }
},
{
    "model": "core.review",
    "pk": 211,
    "fields": {
        "user": [
            "prueba1@gmail.com"
        ],
        "title": "Review N 4b23",
        "content": "621254b0-cb44-4b46-8749-803ca2cb6342",
        "product": 93,
        "score": 1,
        "created_at": "2022-10-18T02:20:05.347Z",
        "updated_at": "2022-10-18T02:20:05.347Z"
    }
},
{
    "model": "core.review",
    "pk": 212,
    "fields": {
        "user": [
            "prueba1@gmail.com"
        ],
        "title": "Review N 24e2",
        "content": "3b384891-c4c2-4cc3-9d16-fde63fb672fa",
        "product": 112,
        "score": 3,
        "created_at": "2022-10-18T02:20:05.358Z",
        "updated_at": "2022-10-18T02:20:05.359Z"
    }
},
{
    "model": "core.review",
    "pk": 213,
    "fields": {
        "user": [
            "prueba1@gmail.com"
        ],
        "title": "Review N 37b9",
        "content": "7a428fc1-c5ea-46c6-a9dd-563494fef2c6",
        "product": 118,
        "score": 6,
        "created_at": "2022-10-18T02:20:05.370Z",
        "updated_at": "2022-10-18T02:20:05.370Z"
    }
},
{
    "model": "core.review",
    "pk": 214,
    "fields": {
        "user": [
            "prueba1@gmail.com"
        ],
        "title": "Review N b462",
        "content": "d27eda4b-9fa9-4baa-a86c-544b50e9c0ec",
        "product": 98,
        "score": 4,
        "created_at": "2022-10-18T02:20:05.488Z",
        "updated_at": "2022-10-18T02:20:05.488Z"
    }
},
{
    "model": "core.review",
    "pk": 215,
    "fields": {
        "user": [
            "prueba1@gmail.com"
        ],
        "title": "Review N 79e9",
        "content": "a8d911bc-78ae-4a79-b599-60da1a9a4b5a",
        "product": 75,
        "score": 1,
        "created_at": "2022-10-18T02:20:05.513Z",
        "updated_at": "2022-10-18T02:20:05.513Z"
    }
},
{
    "model": "core.review",
    "pk": 216,
    "fields": {
        "user": [
            "prueba1@gmail.com"
        ],
        "title": "Review N 36a7",
        "content": "980e0d0a-ce24-4b06-bb9b-566ec09978a0",
        "product": 113,
        "score": 6,
        "created_at": "2022-10-18T02:20:05.524Z",
        "updated_at": "2022-10-18T02:20:05.524Z"
    }
},
{
    "model": "core.review",
    "pk": 217,
    "fields": {
        "user": [
            "prueba1@gmail.com"
        ],
        "title": "Review N ff14",
        "content": "5facd7e3-efe1-454b-ae69-5ee81c87fc56",
        "product": 79,
        "score": 1,
        "created_at": "2022-10-18T02:20:05.535Z",
        "updated_at": "2022-10-18T02:20:05.535Z"
    }
},
{
    "model": "core.review",
    "pk": 218,
    "fields": {
        "user": [
            "prueba1@gmail.com"
        ],
        "title": "Review N 624d",
        "content": "379bd4f6-c2d1-4cd8-a517-dfa3d4ed589c",
        "product": 85,
        "score": 6,
        "created_at": "2022-10-18T02:20:05.546Z",
        "updated_at": "2022-10-18T02:20:05.546Z"
    }
},
{
    "model": "core.review",
    "pk": 219,
    "fields": {
        "user": [
            "prueba1@gmail.com"
        ],
        "title": "Review N a64e",
        "content": "b288f053-c201-4d2d-938f-cdf8406ccdd9",
        "product": 96,
        "score": 4,
        "created_at": "2022-10-18T02:20:05.556Z",
        "updated_at": "2022-10-18T02:20:05.556Z"
    }
},
{
    "model": "core.review",
    "pk": 220,
    "fields": {
        "user": [
            "prueba1@gmail.com"
        ],
        "title": "Review N 6c26",
        "content": "9aa92a76-b1a3-4432-be62-0721f19031f4",
        "product": 100,
        "score": 4,
        "created_at": "2022-10-18T02:20:05.568Z",
        "updated_at": "2022-10-18T02:20:05.568Z"
    }
},
{
    "model": "core.review",
    "pk": 221,
    "fields": {
        "user": [
            "prueba1@gmail.com"
        ],
        "title": "Review N 0d3f",
        "content": "d9555beb-fc14-4dcb-aa27-e69404edd8ca",
        "product": 95,
        "score": 1,
        "created_at": "2022-10-18T02:20:05.578Z",
        "updated_at": "2022-10-18T02:20:05.578Z"
    }
},
{
    "model": "core.review",
    "pk": 222,
    "fields": {
        "user": [
            "prueba1@gmail.com"
        ],
        "title": "Review N 0d67",
        "content": "83865845-cbb0-442a-b0f3-34348911fc23",
        "product": 83,
        "score": 3,
        "created_at": "2022-10-18T02:20:05.589Z",
        "updated_at": "2022-10-18T02:20:05.589Z"
    }
},
{
    "model": "core.review",
    "pk": 223,
    "fields": {
        "user": [
            "prueba1@gmail.com"
        ],
        "title": "Review N ac8f",
        "content": "024bef36-f7b7-4426-92c6-e8c1554a17c0",
        "product": 10,
        "score": 5,
        "created_at": "2022-10-18T02:20:05.599Z",
        "updated_at": "2022-10-18T02:20:05.599Z"
    }
},
{
    "model": "core.review",
    "pk": 224,
    "fields": {
        "user": [
            "prueba1@gmail.com"
        ],
        "title": "Review N 8c3c",
        "content": "242320bd-8a52-42fa-9cb4-aa88473a707f",
        "product": 115,
        "score": 6,
        "created_at": "2022-10-18T02:20:05.609Z",
        "updated_at": "2022-10-18T02:20:05.609Z"
    }
},
{
    "model": "core.review",
    "pk": 225,
    "fields": {
        "user": [
            "prueba1@gmail.com"
        ],
        "title": "Review N 6c38",
        "content": "4b37a4fd-f079-45be-a49a-2432a9628c46",
        "product": 74,
        "score": 4,
        "created_at": "2022-10-18T02:20:05.619Z",
        "updated_at": "2022-10-18T02:20:05.619Z"
    }
},
{
    "model": "core.review",
    "pk": 226,
    "fields": {
        "user": [
            "prueba1@gmail.com"
        ],
        "title": "Review N 2281",
        "content": "295d0a99-27a3-42e0-a7b6-ac7680856ccb",
        "product": 79,
        "score": 3,
        "created_at": "2022-10-18T02:20:05.629Z",
        "updated_at": "2022-10-18T02:20:05.629Z"
    }
},
{
    "model": "core.review",
    "pk": 227,
    "fields": {
        "user": [
            "prueba1@gmail.com"
        ],
        "title": "Review N 9944",
        "content": "85798b01-98a2-48f5-b540-0d42e4681993",
        "product": 118,
        "score": 5,
        "created_at": "2022-10-18T02:20:05.640Z",
        "updated_at": "2022-10-18T02:20:05.640Z"
    }
},
{
    "model": "core.review",
    "pk": 228,
    "fields": {
        "user": [
            "prueba1@gmail.com"
        ],
        "title": "Review N bf41",
        "content": "3c2b3569-5fe4-4378-8586-809156b9afd0",
        "product": 108,
        "score": 4,
        "created_at": "2022-10-18T02:20:05.651Z",
        "updated_at": "2022-10-18T02:20:05.651Z"
    }
},
{
    "model": "core.review",
    "pk": 229,
    "fields": {
        "user": [
            "prueba1@gmail.com"
        ],
        "title": "Review N a4e4",
        "content": "119fdccc-5e14-48ea-b284-c5a948b6e0dc",
        "product": 105,
        "score": 6,
        "created_at": "2022-10-18T02:20:05.661Z",
        "updated_at": "2022-10-18T02:20:05.661Z"
    }
},
{
    "model": "core.review",
    "pk": 230,
    "fields": {
        "user": [
            "prueba1@gmail.com"
        ],
        "title": "Review N cda3",
        "content": "3c824c37-1cba-4e1e-800c-b077d18bb469",
        "product": 86,
        "score": 5,
        "created_at": "2022-10-18T02:20:05.780Z",
        "updated_at": "2022-10-18T02:20:05.780Z"
    }
},
{
    "model": "core.review",
    "pk": 231,
    "fields": {
        "user": [
            "prueba1@gmail.com"
        ],
        "title": "Review N 361e",
        "content": "8240fbd2-7134-4fd2-b6da-488798af47a8",
        "product": 118,
        "score": 3,
        "created_at": "2022-10-18T02:20:05.791Z",
        "updated_at": "2022-10-18T02:20:05.791Z"
    }
},
{
    "model": "core.review",
    "pk": 232,
    "fields": {
        "user": [
            "prueba1@gmail.com"
        ],
        "title": "Review N 132b",
        "content": "3027a4fe-bf92-4dc0-bc3e-bc5a0a2ebbde",
        "product": 80,
        "score": 4,
        "created_at": "2022-10-18T02:20:05.801Z",
        "updated_at": "2022-10-18T02:20:05.801Z"
    }
},
{
    "model": "core.review",
    "pk": 233,
    "fields": {
        "user": [
            "prueba1@gmail.com"
        ],
        "title": "Review N 3e2b",
        "content": "132805e3-4b16-41a4-9d54-f0150aa774aa",
        "product": 80,
        "score": 1,
        "created_at": "2022-10-18T02:20:05.813Z",
        "updated_at": "2022-10-18T02:20:05.813Z"
    }
},
{
    "model": "core.review",
    "pk": 234,
    "fields": {
        "user": [
            "prueba1@gmail.com"
        ],
        "title": "Review N 5db0",
        "content": "d29e8d7d-82e2-4fdf-bb85-26c5af0b4869",
        "product": 117,
        "score": 4,
        "created_at": "2022-10-18T02:20:05.825Z",
        "updated_at": "2022-10-18T02:20:05.825Z"
    }
},
{
    "model": "core.review",
    "pk": 235,
    "fields": {
        "user": [
            "prueba1@gmail.com"
        ],
        "title": "Review N 1aa6",
        "content": "f64abc20-691a-423b-bbf4-96e0ae049597",
        "product": 114,
        "score": 2,
        "created_at": "2022-10-18T02:20:05.836Z",
        "updated_at": "2022-10-18T02:20:05.836Z"
    }
},
{
    "model": "core.review",
    "pk": 236,
    "fields": {
        "user": [
            "prueba1@gmail.com"
        ],
        "title": "Review N 82eb",
        "content": "018921af-b65c-4e6d-a585-408dbce835f2",
        "product": 96,
        "score": 5,
        "created_at": "2022-10-18T02:20:05.849Z",
        "updated_at": "2022-10-18T02:20:05.849Z"
    }
},
{
    "model": "core.review",
    "pk": 237,
    "fields": {
        "user": [
            "prueba1@gmail.com"
        ],
        "title": "Review N 9e50",
        "content": "330f81d5-c783-447b-974b-a70410d0a669",
        "product": 117,
        "score": 3,
        "created_at": "2022-10-18T02:20:05.859Z",
        "updated_at": "2022-10-18T02:20:05.859Z"
    }
},
{
    "model": "core.review",
    "pk": 238,
    "fields": {
        "user": [
            "prueba1@gmail.com"
        ],
        "title": "Review N 888b",
        "content": "7812e44d-504f-4d2e-a371-2c73ac61e70e",
        "product": 82,
        "score": 5,
        "created_at": "2022-10-18T02:20:05.869Z",
        "updated_at": "2022-10-18T02:20:05.869Z"
    }
},
{
    "model": "core.review",
    "pk": 239,
    "fields": {
        "user": [
            "prueba1@gmail.com"
        ],
        "title": "Review N aabe",
        "content": "85af4e8b-39fc-4a69-9991-9126eb93ab8e",
        "product": 92,
        "score": 3,
        "created_at": "2022-10-18T02:20:05.881Z",
        "updated_at": "2022-10-18T02:20:05.881Z"
    }
},
{
    "model": "core.review",
    "pk": 240,
    "fields": {
        "user": [
            "prueba1@gmail.com"
        ],
        "title": "Review N 6741",
        "content": "42afe832-0130-4bc9-8bd2-b70a8ef17685",
        "product": 105,
        "score": 5,
        "created_at": "2022-10-18T02:20:05.892Z",
        "updated_at": "2022-10-18T02:20:05.892Z"
    }
},
{
    "model": "core.review",
    "pk": 241,
    "fields": {
        "user": [
            "prueba1@gmail.com"
        ],
        "title": "Review N c5a5",
        "content": "6b48a908-b94b-444d-b77d-7bed9ba468f4",
        "product": 74,
        "score": 5,
        "created_at": "2022-10-18T02:20:05.902Z",
        "updated_at": "2022-10-18T02:20:05.902Z"
    }
},
{
    "model": "core.review",
    "pk": 242,
    "fields": {
        "user": [
            "prueba1@gmail.com"
        ],
        "title": "Review N 3bb1",
        "content": "0ce5bcc4-b519-4b25-8607-ca1ce23d3b97",
        "product": 91,
        "score": 6,
        "created_at": "2022-10-18T02:20:06.024Z",
        "updated_at": "2022-10-18T02:20:06.024Z"
    }
},
{
    "model": "core.review",
    "pk": 243,
    "fields": {
        "user": [
            "prueba1@gmail.com"
        ],
        "title": "Review N 0e9c",
        "content": "77ddbfc8-8fa7-46fc-aab8-280fcb1fb314",
        "product": 109,
        "score": 5,
        "created_at": "2022-10-18T02:20:06.037Z",
        "updated_at": "2022-10-18T02:20:06.037Z"
    }
},
{
    "model": "core.review",
    "pk": 244,
    "fields": {
        "user": [
            "prueba1@gmail.com"
        ],
        "title": "Review N d7a3",
        "content": "739b6802-3dbe-4bc9-a3b5-3a9dafc01309",
        "product": 76,
        "score": 3,
        "created_at": "2022-10-18T02:20:06.049Z",
        "updated_at": "2022-10-18T02:20:06.049Z"
    }
},
{
    "model": "core.review",
    "pk": 245,
    "fields": {
        "user": [
            "prueba1@gmail.com"
        ],
        "title": "Review N f78a",
        "content": "da8fcf12-4a29-43c5-8e01-72d8f25467db",
        "product": 70,
        "score": 1,
        "created_at": "2022-10-18T02:20:06.060Z",
        "updated_at": "2022-10-18T02:20:06.060Z"
    }
},
{
    "model": "core.review",
    "pk": 246,
    "fields": {
        "user": [
            "prueba1@gmail.com"
        ],
        "title": "Review N 5bc6",
        "content": "9d36c0f3-d0c3-42d1-ba56-b2fabf63d999",
        "product": 119,
        "score": 1,
        "created_at": "2022-10-18T02:20:06.074Z",
        "updated_at": "2022-10-18T02:20:06.074Z"
    }
},
{
    "model": "core.review",
    "pk": 247,
    "fields": {
        "user": [
            "prueba1@gmail.com"
        ],
        "title": "Review N 7998",
        "content": "036e7058-4614-4082-8286-37bb3fcd8fe0",
        "product": 99,
        "score": 2,
        "created_at": "2022-10-18T02:20:06.086Z",
        "updated_at": "2022-10-18T02:20:06.086Z"
    }
},
{
    "model": "core.review",
    "pk": 248,
    "fields": {
        "user": [
            "prueba1@gmail.com"
        ],
        "title": "Review N da39",
        "content": "13131bab-6a65-4032-be4e-743cb629fd9c",
        "product": 99,
        "score": 4,
        "created_at": "2022-10-18T02:20:06.100Z",
        "updated_at": "2022-10-18T02:20:06.100Z"
    }
},
{
    "model": "core.review",
    "pk": 249,
    "fields": {
        "user": [
            "prueba1@gmail.com"
        ],
        "title": "Review N 9143",
        "content": "18912cdb-6564-456a-af34-d91ce33462bf",
        "product": 114,
        "score": 4,
        "created_at": "2022-10-18T02:20:06.111Z",
        "updated_at": "2022-10-18T02:20:06.111Z"
    }
},
{
    "model": "core.review",
    "pk": 250,
    "fields": {
        "user": [
            "prueba1@gmail.com"
        ],
        "title": "Review N 36e1",
        "content": "a09d933c-f263-442c-9ca6-a3ebe11a170a",
        "product": 102,
        "score": 6,
        "created_at": "2022-10-18T02:20:06.122Z",
        "updated_at": "2022-10-18T02:20:06.122Z"
    }
},
{
    "model": "core.review",
    "pk": 251,
    "fields": {
        "user": [
            "prueba1@gmail.com"
        ],
        "title": "Review N e440",
        "content": "535568bc-a8c4-4c3b-a4a9-7d1e4aa820db",
        "product": 101,
        "score": 4,
        "created_at": "2022-10-18T02:20:06.234Z",
        "updated_at": "2022-10-18T02:20:06.234Z"
    }
},
{
    "model": "core.review",
    "pk": 252,
    "fields": {
        "user": [
            "prueba1@gmail.com"
        ],
        "title": "Review N 8310",
        "content": "3023927a-756c-4214-865d-f46571cdca91",
        "product": 72,
        "score": 2,
        "created_at": "2022-10-18T02:21:58.715Z",
        "updated_at": "2022-10-18T02:21:58.715Z"
    }
},
{
    "model": "core.review",
    "pk": 253,
    "fields": {
        "user": [
            "prueba1@gmail.com"
        ],
        "title": "Review N e44b",
        "content": "2e098453-d688-451e-8fc5-e29e2832b0f1",
        "product": 72,
        "score": 2,
        "created_at": "2022-10-18T02:21:58.726Z",
        "updated_at": "2022-10-18T02:21:58.726Z"
    }
},
{
    "model": "core.review",
    "pk": 254,
    "fields": {
        "user": [
            "prueba1@gmail.com"
        ],
        "title": "Review N 448b",
        "content": "5fcc1546-99a2-4597-adfe-94ac49a25774",
        "product": 72,
        "score": 4,
        "created_at": "2022-10-18T02:21:58.736Z",
        "updated_at": "2022-10-18T02:21:58.736Z"
    }
},
{
    "model": "core.review",
    "pk": 255,
    "fields": {
        "user": [
            "prueba1@gmail.com"
        ],
        "title": "Review N eeec",
        "content": "30cb75e5-18f3-444e-840b-d80e602aa8da",
        "product": 72,
        "score": 4,
        "created_at": "2022-10-18T02:21:58.746Z",
        "updated_at": "2022-10-18T02:21:58.746Z"
    }
},
{
    "model": "core.review",
    "pk": 256,
    "fields": {
        "user": [
            "prueba1@gmail.com"
        ],
        "title": "Review N 733a",
        "content": "d774d4a0-20e2-433a-8554-ada034f742a8",
        "product": 72,
        "score": 4,
        "created_at": "2022-10-18T02:21:58.852Z",
        "updated_at": "2022-10-18T02:21:58.852Z"
    }
},
{
    "model": "core.review",
    "pk": 257,
    "fields": {
        "user": [
            "prueba1@gmail.com"
        ],
        "title": "Review N dfcb",
        "content": "012efd6a-b689-4aea-ad33-ae527d069d29",
        "product": 72,
        "score": 4,
        "created_at": "2022-10-18T02:21:58.959Z",
        "updated_at": "2022-10-18T02:21:58.959Z"
    }
},
{
    "model": "core.review",
    "pk": 258,
    "fields": {
        "user": [
            "prueba1@gmail.com"
        ],
        "title": "Review N a05a",
        "content": "f341d1a0-8867-4c68-a3b4-708e04bedcd8",
        "product": 72,
        "score": 2,
        "created_at": "2022-10-18T02:21:58.972Z",
        "updated_at": "2022-10-18T02:21:58.972Z"
    }
},
{
    "model": "core.review",
    "pk": 259,
    "fields": {
        "user": [
            "prueba1@gmail.com"
        ],
        "title": "Review N 66ad",
        "content": "9548f37f-c886-46b2-b49d-746573ce519e",
        "product": 72,
        "score": 1,
        "created_at": "2022-10-18T02:21:59.080Z",
        "updated_at": "2022-10-18T02:21:59.080Z"
    }
},
{
    "model": "core.review",
    "pk": 260,
    "fields": {
        "user": [
            "prueba1@gmail.com"
        ],
        "title": "Review N e679",
        "content": "468e4578-92d5-4bce-a0d6-f617cebd2663",
        "product": 72,
        "score": 2,
        "created_at": "2022-10-18T02:21:59.092Z",
        "updated_at": "2022-10-18T02:21:59.092Z"
    }
},
{
    "model": "core.review",
    "pk": 261,
    "fields": {
        "user": [
            "prueba1@gmail.com"
        ],
        "title": "Review N ec20",
        "content": "fa44d938-3b7a-4e79-8338-bec87ee3a5f0",
        "product": 72,
        "score": 5,
        "created_at": "2022-10-18T02:21:59.104Z",
        "updated_at": "2022-10-18T02:21:59.104Z"
    }
},
{
    "model": "core.review",
    "pk": 262,
    "fields": {
        "user": [
            "prueba1@gmail.com"
        ],
        "title": "Review N 9c55",
        "content": "fd15b6e8-7c21-44eb-b25c-f4b8a434354c",
        "product": 72,
        "score": 5,
        "created_at": "2022-10-18T02:21:59.119Z",
        "updated_at": "2022-10-18T02:21:59.119Z"
    }
},
{
    "model": "core.review",
    "pk": 263,
    "fields": {
        "user": [
            "prueba1@gmail.com"
        ],
        "title": "Review N cb4d",
        "content": "0e381dbf-82a6-4a13-8962-2f2c0558e6ea",
        "product": 72,
        "score": 4,
        "created_at": "2022-10-18T02:21:59.130Z",
        "updated_at": "2022-10-18T02:21:59.130Z"
    }
},
{
    "model": "core.review",
    "pk": 264,
    "fields": {
        "user": [
            "prueba1@gmail.com"
        ],
        "title": "Review N 3623",
        "content": "f9674a52-8a5b-4918-a1a6-bf07b0c9cf73",
        "product": 72,
        "score": 1,
        "created_at": "2022-10-18T02:21:59.140Z",
        "updated_at": "2022-10-18T02:21:59.140Z"
    }
},
{
    "model": "core.review",
    "pk": 265,
    "fields": {
        "user": [
            "prueba1@gmail.com"
        ],
        "title": "Review N 9867",
        "content": "9fc86e84-0ebc-48f3-acf7-155905bb4114",
        "product": 72,
        "score": 1,
        "created_at": "2022-10-18T02:21:59.151Z",
        "updated_at": "2022-10-18T02:21:59.151Z"
    }
},
{
    "model": "core.review",
    "pk": 266,
    "fields": {
        "user": [
            "prueba1@gmail.com"
        ],
        "title": "Review N 1116",
        "content": "6ee0847a-28bb-42e1-9379-ccdf429def95",
        "product": 72,
        "score": 6,
        "created_at": "2022-10-18T02:21:59.163Z",
        "updated_at": "2022-10-18T02:21:59.163Z"
    }
},
{
    "model": "core.review",
    "pk": 267,
    "fields": {
        "user": [
            "prueba1@gmail.com"
        ],
        "title": "Review N 3d2c",
        "content": "eeaf20ad-be01-48b2-9055-144997b0949b",
        "product": 72,
        "score": 3,
        "created_at": "2022-10-18T02:21:59.269Z",
        "updated_at": "2022-10-18T02:21:59.269Z"
    }
},
{
    "model": "core.review",
    "pk": 268,
    "fields": {
        "user": [
            "prueba1@gmail.com"
        ],
        "title": "Review N 30f6",
        "content": "25ef1c35-11ae-4a8e-a536-37761a9136a7",
        "product": 72,
        "score": 1,
        "created_at": "2022-10-18T02:21:59.280Z",
        "updated_at": "2022-10-18T02:21:59.280Z"
    }
},
{
    "model": "core.review",
    "pk": 269,
    "fields": {
        "user": [
            "prueba1@gmail.com"
        ],
        "title": "Review N 3e13",
        "content": "a218dc34-cf91-46e9-86bf-e0f780bf36d1",
        "product": 72,
        "score": 5,
        "created_at": "2022-10-18T02:21:59.290Z",
        "updated_at": "2022-10-18T02:21:59.290Z"
    }
},
{
    "model": "core.review",
    "pk": 270,
    "fields": {
        "user": [
            "prueba1@gmail.com"
        ],
        "title": "Review N f758",
        "content": "6197bf91-53f5-42b2-8ec7-441e25c4c7ac",
        "product": 72,
        "score": 3,
        "created_at": "2022-10-18T02:21:59.301Z",
        "updated_at": "2022-10-18T02:21:59.302Z"
    }
},
{
    "model": "core.review",
    "pk": 271,
    "fields": {
        "user": [
            "prueba1@gmail.com"
        ],
        "title": "Review N 79de",
        "content": "37da613d-b5e3-4e67-a2be-9bd9113819b5",
        "product": 72,
        "score": 4,
        "created_at": "2022-10-18T02:21:59.313Z",
        "updated_at": "2022-10-18T02:21:59.313Z"
    }
},
{
    "model": "core.review",
    "pk": 272,
    "fields": {
        "user": [
            "prueba1@gmail.com"
        ],
        "title": "Review N b0a5",
        "content": "cc7f52da-9262-41ef-ae7f-1f3245891a95",
        "product": 72,
        "score": 5,
        "created_at": "2022-10-18T02:21:59.324Z",
        "updated_at": "2022-10-18T02:21:59.324Z"
    }
},
{
    "model": "core.review",
    "pk": 273,
    "fields": {
        "user": [
            "prueba1@gmail.com"
        ],
        "title": "Review N 4a61",
        "content": "41e644a3-4201-4063-bfe1-af95f9ee7cd2",
        "product": 72,
        "score": 1,
        "created_at": "2022-10-18T02:21:59.334Z",
        "updated_at": "2022-10-18T02:21:59.334Z"
    }
},
{
    "model": "core.review",
    "pk": 274,
    "fields": {
        "user": [
            "prueba1@gmail.com"
        ],
        "title": "Review N 1366",
        "content": "39aa4465-fe45-4fd2-8e80-19f7081fe230",
        "product": 72,
        "score": 1,
        "created_at": "2022-10-18T02:21:59.345Z",
        "updated_at": "2022-10-18T02:21:59.345Z"
    }
},
{
    "model": "core.review",
    "pk": 275,
    "fields": {
        "user": [
            "prueba1@gmail.com"
        ],
        "title": "Review N 2466",
        "content": "b8b723e3-c755-45c2-851f-68789f712e42",
        "product": 72,
        "score": 6,
        "created_at": "2022-10-18T02:21:59.356Z",
        "updated_at": "2022-10-18T02:21:59.356Z"
    }
},
{
    "model": "core.review",
    "pk": 276,
    "fields": {
        "user": [
            "prueba1@gmail.com"
        ],
        "title": "Review N ce81",
        "content": "d74ee9ac-0669-4e44-8f6c-b36332b21e63",
        "product": 72,
        "score": 5,
        "created_at": "2022-10-18T02:21:59.367Z",
        "updated_at": "2022-10-18T02:21:59.368Z"
    }
},
{
    "model": "core.review",
    "pk": 277,
    "fields": {
        "user": [
            "prueba1@gmail.com"
        ],
        "title": "Review N 3ef2",
        "content": "3411ac5d-1a69-4d64-8f6f-7831e997aff7",
        "product": 72,
        "score": 1,
        "created_at": "2022-10-18T02:21:59.378Z",
        "updated_at": "2022-10-18T02:21:59.378Z"
    }
},
{
    "model": "core.review",
    "pk": 278,
    "fields": {
        "user": [
            "prueba1@gmail.com"
        ],
        "title": "Review N e4ea",
        "content": "cf4b5eeb-54c3-4126-afaf-627ed2128750",
        "product": 72,
        "score": 2,
        "created_at": "2022-10-18T02:21:59.497Z",
        "updated_at": "2022-10-18T02:21:59.497Z"
    }
},
{
    "model": "core.review",
    "pk": 279,
    "fields": {
        "user": [
            "prueba1@gmail.com"
        ],
        "title": "Review N 0f53",
        "content": "d5bba1d0-3003-4c4b-ac4e-78aa49d79765",
        "product": 72,
        "score": 3,
        "created_at": "2022-10-18T02:21:59.511Z",
        "updated_at": "2022-10-18T02:21:59.511Z"
    }
},
{
    "model": "core.review",
    "pk": 280,
    "fields": {
        "user": [
            "prueba1@gmail.com"
        ],
        "title": "Review N 14c9",
        "content": "89ad5616-c23c-41c9-8751-ce64f1ba372d",
        "product": 72,
        "score": 5,
        "created_at": "2022-10-18T02:21:59.524Z",
        "updated_at": "2022-10-18T02:21:59.524Z"
    }
},
{
    "model": "core.review",
    "pk": 281,
    "fields": {
        "user": [
            "prueba1@gmail.com"
        ],
        "title": "Review N 3849",
        "content": "e1be6256-d210-4bf5-b38e-f3f35fe34e6f",
        "product": 72,
        "score": 3,
        "created_at": "2022-10-18T02:21:59.541Z",
        "updated_at": "2022-10-18T02:21:59.541Z"
    }
},
{
    "model": "core.review",
    "pk": 282,
    "fields": {
        "user": [
            "prueba1@gmail.com"
        ],
        "title": "Review N 8006",
        "content": "a082565c-1f19-485c-a129-9a30bf6f6276",
        "product": 72,
        "score": 2,
        "created_at": "2022-10-18T02:21:59.554Z",
        "updated_at": "2022-10-18T02:21:59.554Z"
    }
},
{
    "model": "core.review",
    "pk": 283,
    "fields": {
        "user": [
            "prueba1@gmail.com"
        ],
        "title": "Review N 7db4",
        "content": "8f8b08a3-0bfb-4e72-b5d7-1fec33ad1f48",
        "product": 72,
        "score": 4,
        "created_at": "2022-10-18T02:21:59.565Z",
        "updated_at": "2022-10-18T02:21:59.565Z"
    }
},
{
    "model": "core.review",
    "pk": 284,
    "fields": {
        "user": [
            "prueba1@gmail.com"
        ],
        "title": "Review N da6a",
        "content": "a3532e12-45ca-481d-92f3-2909d6465b6a",
        "product": 72,
        "score": 2,
        "created_at": "2022-10-18T02:21:59.576Z",
        "updated_at": "2022-10-18T02:21:59.576Z"
    }
},
{
    "model": "core.review",
    "pk": 285,
    "fields": {
        "user": [
            "prueba1@gmail.com"
        ],
        "title": "Review N c14c",
        "content": "bddcb76f-1582-4e6e-935c-1118a4bff7e1",
        "product": 72,
        "score": 1,
        "created_at": "2022-10-18T02:21:59.589Z",
        "updated_at": "2022-10-18T02:21:59.589Z"
    }
},
{
    "model": "core.review",
    "pk": 286,
    "fields": {
        "user": [
            "prueba1@gmail.com"
        ],
        "title": "Review N 67e0",
        "content": "8f6c00d5-f08f-476b-80af-4d5834001008",
        "product": 72,
        "score": 3,
        "created_at": "2022-10-18T02:21:59.600Z",
        "updated_at": "2022-10-18T02:21:59.600Z"
    }
},
{
    "model": "core.review",
    "pk": 287,
    "fields": {
        "user": [
            "prueba1@gmail.com"
        ],
        "title": "Review N 22e2",
        "content": "dc5f1970-7492-41fe-bc4c-ae92f4625c43",
        "product": 72,
        "score": 5,
        "created_at": "2022-10-18T02:21:59.612Z",
        "updated_at": "2022-10-18T02:21:59.612Z"
    }
},
{
    "model": "core.review",
    "pk": 288,
    "fields": {
        "user": [
            "prueba1@gmail.com"
        ],
        "title": "Review N d80b",
        "content": "d93bec31-f7c8-42d7-8e73-1c51423a5791",
        "product": 72,
        "score": 5,
        "created_at": "2022-10-18T02:21:59.623Z",
        "updated_at": "2022-10-18T02:21:59.623Z"
    }
},
{
    "model": "core.review",
    "pk": 289,
    "fields": {
        "user": [
            "prueba1@gmail.com"
        ],
        "title": "Review N fd4d",
        "content": "62a57b52-db7e-4fe6-95e5-d1ad8f025f25",
        "product": 72,
        "score": 5,
        "created_at": "2022-10-18T02:21:59.734Z",
        "updated_at": "2022-10-18T02:21:59.734Z"
    }
},
{
    "model": "core.review",
    "pk": 290,
    "fields": {
        "user": [
            "prueba1@gmail.com"
        ],
        "title": "Review N dd60",
        "content": "c259f9df-be94-4298-b9f4-c9c80d330cce",
        "product": 72,
        "score": 2,
        "created_at": "2022-10-18T02:21:59.747Z",
        "updated_at": "2022-10-18T02:21:59.747Z"
    }
},
{
    "model": "core.review",
    "pk": 291,
    "fields": {
        "user": [
            "prueba1@gmail.com"
        ],
        "title": "Review N bf50",
        "content": "403fa0dc-b1b1-4d80-9b13-3e402aa79d7d",
        "product": 72,
        "score": 4,
        "created_at": "2022-10-18T02:21:59.758Z",
        "updated_at": "2022-10-18T02:21:59.758Z"
    }
},
{
    "model": "core.review",
    "pk": 292,
    "fields": {
        "user": [
            "prueba1@gmail.com"
        ],
        "title": "Review N 34f9",
        "content": "543cc1be-2182-40a3-8d83-845e7c2622ab",
        "product": 72,
        "score": 5,
        "created_at": "2022-10-18T02:21:59.770Z",
        "updated_at": "2022-10-18T02:21:59.770Z"
    }
},
{
    "model": "core.review",
    "pk": 293,
    "fields": {
        "user": [
            "prueba1@gmail.com"
        ],
        "title": "Review N 6985",
        "content": "b83506dd-0cec-4e41-9407-e50cd573cdc9",
        "product": 72,
        "score": 2,
        "created_at": "2022-10-18T02:21:59.781Z",
        "updated_at": "2022-10-18T02:21:59.781Z"
    }
},
{
    "model": "core.review",
    "pk": 294,
    "fields": {
        "user": [
            "prueba1@gmail.com"
        ],
        "title": "Review N ef17",
        "content": "c774c075-efe8-4df8-8f28-f38ddfd9517d",
        "product": 72,
        "score": 6,
        "created_at": "2022-10-18T02:21:59.792Z",
        "updated_at": "2022-10-18T02:21:59.793Z"
    }
},
{
    "model": "core.review",
    "pk": 295,
    "fields": {
        "user": [
            "prueba1@gmail.com"
        ],
        "title": "Review N 1017",
        "content": "cb131006-5955-4d12-a34c-4a5d4126439f",
        "product": 72,
        "score": 4,
        "created_at": "2022-10-18T02:21:59.805Z",
        "updated_at": "2022-10-18T02:21:59.805Z"
    }
},
{
    "model": "core.review",
    "pk": 296,
    "fields": {
        "user": [
            "prueba1@gmail.com"
        ],
        "title": "Review N cc22",
        "content": "eb3282dc-569e-4ecd-8664-7602039d3c4b",
        "product": 72,
        "score": 3,
        "created_at": "2022-10-18T02:21:59.816Z",
        "updated_at": "2022-10-18T02:21:59.816Z"
    }
},
{
    "model": "core.review",
    "pk": 297,
    "fields": {
        "user": [
            "prueba1@gmail.com"
        ],
        "title": "Review N 62c6",
        "content": "1b087b90-43df-486d-b027-f8ca3851c5ff",
        "product": 72,
        "score": 3,
        "created_at": "2022-10-18T02:21:59.828Z",
        "updated_at": "2022-10-18T02:21:59.828Z"
    }
},
{
    "model": "core.review",
    "pk": 298,
    "fields": {
        "user": [
            "prueba1@gmail.com"
        ],
        "title": "Review N 4c4c",
        "content": "69c7569a-de65-48e9-bac9-44ad89fabb47",
        "product": 72,
        "score": 3,
        "created_at": "2022-10-18T02:21:59.839Z",
        "updated_at": "2022-10-18T02:21:59.839Z"
    }
},
{
    "model": "core.review",
    "pk": 299,
    "fields": {
        "user": [
            "prueba1@gmail.com"
        ],
        "title": "Review N d63d",
        "content": "a2d7d162-d9ec-4320-8abc-6b3f2976d6e4",
        "product": 72,
        "score": 1,
        "created_at": "2022-10-18T02:21:59.849Z",
        "updated_at": "2022-10-18T02:21:59.849Z"
    }
},
{
    "model": "core.review",
    "pk": 300,
    "fields": {
        "user": [
            "prueba1@gmail.com"
        ],
        "title": "Review N 3a85",
        "content": "29b9c9df-56db-4bd2-991b-c31116416c7c",
        "product": 72,
        "score": 5,
        "created_at": "2022-10-18T02:21:59.860Z",
        "updated_at": "2022-10-18T02:21:59.860Z"
    }
},
{
    "model": "core.review",
    "pk": 301,
    "fields": {
        "user": [
            "prueba1@gmail.com"
        ],
        "title": "Review N ada5",
        "content": "c7d79317-bdf6-49f6-9e9a-14d6d7e97efa",
        "product": 72,
        "score": 5,
        "created_at": "2022-10-18T02:21:59.972Z",
        "updated_at": "2022-10-18T02:21:59.973Z"
    }
},
{
    "model": "core.review",
    "pk": 302,
    "fields": {
        "user": [
            "augusto@simplee.cl"
        ],
        "title": null,
        "content": "a",
        "product": 11,
        "score": 1,
        "created_at": "2022-10-19T04:00:57.506Z",
        "updated_at": "2022-10-19T04:00:57.506Z"
    }
},
{
    "model": "core.review",
    "pk": 303,
    "fields": {
        "user": [
            "augusto@simplee.cl"
        ],
        "title": null,
        "content": "a",
        "product": 11,
        "score": 1,
        "created_at": "2022-10-19T04:02:01.284Z",
        "updated_at": "2022-10-19T04:02:01.284Z"
    }
},
{
    "model": "core.review",
    "pk": 304,
    "fields": {
        "user": [
            "augusto@simplee.cl"
        ],
        "title": null,
        "content": "a",
        "product": 11,
        "score": 1,
        "created_at": "2022-10-19T04:04:43.857Z",
        "updated_at": "2022-10-19T04:04:43.857Z"
    }
},
{
    "model": "core.review",
    "pk": 305,
    "fields": {
        "user": [
            "augusto@simplee.cl"
        ],
        "title": null,
        "content": "XD",
        "product": 11,
        "score": 1,
        "created_at": "2022-10-19T04:05:46.207Z",
        "updated_at": "2022-10-19T04:05:46.207Z"
    }
},
{
    "model": "core.review",
    "pk": 306,
    "fields": {
        "user": [
            "augusto@simplee.cl"
        ],
        "title": null,
        "content": "XD",
        "product": 11,
        "score": 1,
        "created_at": "2022-10-19T04:05:51.805Z",
        "updated_at": "2022-10-19T04:05:51.805Z"
    }
},
{
    "model": "core.review",
    "pk": 307,
    "fields": {
        "user": [
            "augusto@simplee.cl"
        ],
        "title": null,
        "content": "XD",
        "product": 11,
        "score": 1,
        "created_at": "2022-10-19T04:06:10.285Z",
        "updated_at": "2022-10-19T04:06:10.285Z"
    }
}
]
