--
-- PostgreSQL database dump
--

-- Dumped from database version 14.5
-- Dumped by pg_dump version 14.5

SET statement_timeout = 0;
SET lock_timeout = 0;
SET idle_in_transaction_session_timeout = 0;
SET client_encoding = 'UTF8';
SET standard_conforming_strings = on;
SELECT pg_catalog.set_config('search_path', '', false);
SET check_function_bodies = false;
SET xmloption = content;
SET client_min_messages = warning;
SET row_security = off;

--
-- Name: heroku_ext; Type: SCHEMA; Schema: -; Owner: postgres
--

CREATE SCHEMA heroku_ext;


ALTER SCHEMA heroku_ext OWNER TO postgres;

--
-- Name: adminpack; Type: EXTENSION; Schema: -; Owner: -
--

CREATE EXTENSION IF NOT EXISTS adminpack WITH SCHEMA pg_catalog;


--
-- Name: EXTENSION adminpack; Type: COMMENT; Schema: -; Owner: 
--

COMMENT ON EXTENSION adminpack IS 'administrative functions for PostgreSQL';


--
-- Name: pg_stat_statements; Type: EXTENSION; Schema: -; Owner: -
--

CREATE EXTENSION IF NOT EXISTS pg_stat_statements WITH SCHEMA heroku_ext;


--
-- Name: EXTENSION pg_stat_statements; Type: COMMENT; Schema: -; Owner: 
--

COMMENT ON EXTENSION pg_stat_statements IS 'track planning and execution statistics of all SQL statements executed';


SET default_tablespace = '';

SET default_table_access_method = heap;

--
-- Name: auth_group; Type: TABLE; Schema: public; Owner: postgres
--

CREATE TABLE public.auth_group (
    id integer NOT NULL,
    name character varying(150) NOT NULL
);


ALTER TABLE public.auth_group OWNER TO postgres;

--
-- Name: auth_group_id_seq; Type: SEQUENCE; Schema: public; Owner: postgres
--

ALTER TABLE public.auth_group ALTER COLUMN id ADD GENERATED BY DEFAULT AS IDENTITY (
    SEQUENCE NAME public.auth_group_id_seq
    START WITH 1
    INCREMENT BY 1
    NO MINVALUE
    NO MAXVALUE
    CACHE 1
);


--
-- Name: auth_group_permissions; Type: TABLE; Schema: public; Owner: postgres
--

CREATE TABLE public.auth_group_permissions (
    id bigint NOT NULL,
    group_id integer NOT NULL,
    permission_id integer NOT NULL
);


ALTER TABLE public.auth_group_permissions OWNER TO postgres;

--
-- Name: auth_group_permissions_id_seq; Type: SEQUENCE; Schema: public; Owner: postgres
--

ALTER TABLE public.auth_group_permissions ALTER COLUMN id ADD GENERATED BY DEFAULT AS IDENTITY (
    SEQUENCE NAME public.auth_group_permissions_id_seq
    START WITH 1
    INCREMENT BY 1
    NO MINVALUE
    NO MAXVALUE
    CACHE 1
);


--
-- Name: auth_permission; Type: TABLE; Schema: public; Owner: postgres
--

CREATE TABLE public.auth_permission (
    id integer NOT NULL,
    name character varying(255) NOT NULL,
    content_type_id integer NOT NULL,
    codename character varying(100) NOT NULL
);


ALTER TABLE public.auth_permission OWNER TO postgres;

--
-- Name: auth_permission_id_seq; Type: SEQUENCE; Schema: public; Owner: postgres
--

ALTER TABLE public.auth_permission ALTER COLUMN id ADD GENERATED BY DEFAULT AS IDENTITY (
    SEQUENCE NAME public.auth_permission_id_seq
    START WITH 1
    INCREMENT BY 1
    NO MINVALUE
    NO MAXVALUE
    CACHE 1
);


--
-- Name: cities_light_city; Type: TABLE; Schema: public; Owner: postgres
--

CREATE TABLE public.cities_light_city (
    id integer NOT NULL,
    name_ascii character varying(200) NOT NULL,
    slug character varying(50) NOT NULL,
    geoname_id integer,
    alternate_names text,
    name character varying(200) NOT NULL,
    display_name character varying(200) NOT NULL,
    search_names text NOT NULL,
    latitude numeric(8,5),
    longitude numeric(8,5),
    region_id integer,
    country_id integer NOT NULL,
    population bigint,
    feature_code character varying(10),
    timezone character varying(40),
    subregion_id integer
);


ALTER TABLE public.cities_light_city OWNER TO postgres;

--
-- Name: cities_light_city_id_seq; Type: SEQUENCE; Schema: public; Owner: postgres
--

ALTER TABLE public.cities_light_city ALTER COLUMN id ADD GENERATED BY DEFAULT AS IDENTITY (
    SEQUENCE NAME public.cities_light_city_id_seq
    START WITH 1
    INCREMENT BY 1
    NO MINVALUE
    NO MAXVALUE
    CACHE 1
);


--
-- Name: cities_light_country; Type: TABLE; Schema: public; Owner: postgres
--

CREATE TABLE public.cities_light_country (
    id integer NOT NULL,
    name_ascii character varying(200) NOT NULL,
    slug character varying(50) NOT NULL,
    geoname_id integer,
    alternate_names text,
    name character varying(200) NOT NULL,
    code2 character varying(2),
    code3 character varying(3),
    continent character varying(2) NOT NULL,
    tld character varying(5) NOT NULL,
    phone character varying(20)
);


ALTER TABLE public.cities_light_country OWNER TO postgres;

--
-- Name: cities_light_country_id_seq; Type: SEQUENCE; Schema: public; Owner: postgres
--

ALTER TABLE public.cities_light_country ALTER COLUMN id ADD GENERATED BY DEFAULT AS IDENTITY (
    SEQUENCE NAME public.cities_light_country_id_seq
    START WITH 1
    INCREMENT BY 1
    NO MINVALUE
    NO MAXVALUE
    CACHE 1
);


--
-- Name: cities_light_region; Type: TABLE; Schema: public; Owner: postgres
--

CREATE TABLE public.cities_light_region (
    id integer NOT NULL,
    name_ascii character varying(200) NOT NULL,
    slug character varying(50) NOT NULL,
    geoname_id integer,
    alternate_names text,
    name character varying(200) NOT NULL,
    display_name character varying(200) NOT NULL,
    geoname_code character varying(50),
    country_id integer NOT NULL
);


ALTER TABLE public.cities_light_region OWNER TO postgres;

--
-- Name: cities_light_region_id_seq; Type: SEQUENCE; Schema: public; Owner: postgres
--

ALTER TABLE public.cities_light_region ALTER COLUMN id ADD GENERATED BY DEFAULT AS IDENTITY (
    SEQUENCE NAME public.cities_light_region_id_seq
    START WITH 1
    INCREMENT BY 1
    NO MINVALUE
    NO MAXVALUE
    CACHE 1
);


--
-- Name: cities_light_subregion; Type: TABLE; Schema: public; Owner: postgres
--

CREATE TABLE public.cities_light_subregion (
    id integer NOT NULL,
    name character varying(200) NOT NULL,
    name_ascii character varying(200) NOT NULL,
    slug character varying(50) NOT NULL,
    geoname_id integer,
    alternate_names text,
    display_name character varying(200) NOT NULL,
    geoname_code character varying(50),
    country_id integer NOT NULL,
    region_id integer
);


ALTER TABLE public.cities_light_subregion OWNER TO postgres;

--
-- Name: cities_light_subregion_id_seq; Type: SEQUENCE; Schema: public; Owner: postgres
--

ALTER TABLE public.cities_light_subregion ALTER COLUMN id ADD GENERATED BY DEFAULT AS IDENTITY (
    SEQUENCE NAME public.cities_light_subregion_id_seq
    START WITH 1
    INCREMENT BY 1
    NO MINVALUE
    NO MAXVALUE
    CACHE 1
);


--
-- Name: core_address; Type: TABLE; Schema: public; Owner: postgres
--

CREATE TABLE public.core_address (
    id bigint NOT NULL,
    google_coordinates character varying(255),
    is_main boolean NOT NULL,
    region character varying(255),
    subregion character varying(255),
    city character varying(255),
    created_at timestamp with time zone NOT NULL,
    updated_at timestamp with time zone NOT NULL,
    short_address character varying(500),
    contact_phone character varying(255) NOT NULL,
    user_id bigint NOT NULL,
    last_name character varying(255),
    name character varying(255)
);


ALTER TABLE public.core_address OWNER TO postgres;

--
-- Name: core_address_id_seq; Type: SEQUENCE; Schema: public; Owner: postgres
--

ALTER TABLE public.core_address ALTER COLUMN id ADD GENERATED BY DEFAULT AS IDENTITY (
    SEQUENCE NAME public.core_address_id_seq
    START WITH 1
    INCREMENT BY 1
    NO MINVALUE
    NO MAXVALUE
    CACHE 1
);


--
-- Name: core_assistance; Type: TABLE; Schema: public; Owner: postgres
--

CREATE TABLE public.core_assistance (
    id bigint NOT NULL,
    completed boolean NOT NULL,
    freelance_id bigint NOT NULL,
    customer_id bigint,
    feedback boolean
);


ALTER TABLE public.core_assistance OWNER TO postgres;

--
-- Name: core_assistance_id_seq; Type: SEQUENCE; Schema: public; Owner: postgres
--

ALTER TABLE public.core_assistance ALTER COLUMN id ADD GENERATED BY DEFAULT AS IDENTITY (
    SEQUENCE NAME public.core_assistance_id_seq
    START WITH 1
    INCREMENT BY 1
    NO MINVALUE
    NO MAXVALUE
    CACHE 1
);


--
-- Name: core_brand; Type: TABLE; Schema: public; Owner: postgres
--

CREATE TABLE public.core_brand (
    id bigint NOT NULL,
    name character varying(255) NOT NULL,
    created_at timestamp with time zone NOT NULL,
    updated_at timestamp with time zone NOT NULL
);


ALTER TABLE public.core_brand OWNER TO postgres;

--
-- Name: core_brand_id_seq; Type: SEQUENCE; Schema: public; Owner: postgres
--

ALTER TABLE public.core_brand ALTER COLUMN id ADD GENERATED BY DEFAULT AS IDENTITY (
    SEQUENCE NAME public.core_brand_id_seq
    START WITH 1
    INCREMENT BY 1
    NO MINVALUE
    NO MAXVALUE
    CACHE 1
);


--
-- Name: core_cart; Type: TABLE; Schema: public; Owner: postgres
--

CREATE TABLE public.core_cart (
    id uuid NOT NULL,
    sub_total double precision NOT NULL,
    total double precision NOT NULL,
    user_id bigint NOT NULL
);


ALTER TABLE public.core_cart OWNER TO postgres;

--
-- Name: core_cartitem; Type: TABLE; Schema: public; Owner: postgres
--

CREATE TABLE public.core_cartitem (
    id bigint NOT NULL,
    quantity bigint NOT NULL,
    created_at timestamp with time zone NOT NULL,
    updated_at timestamp with time zone NOT NULL,
    cart_id uuid NOT NULL,
    product_id bigint NOT NULL,
    assistance_id bigint,
    CONSTRAINT core_cartitem_quantity_check CHECK ((quantity >= 0))
);


ALTER TABLE public.core_cartitem OWNER TO postgres;

--
-- Name: core_cartitem_id_seq; Type: SEQUENCE; Schema: public; Owner: postgres
--

ALTER TABLE public.core_cartitem ALTER COLUMN id ADD GENERATED BY DEFAULT AS IDENTITY (
    SEQUENCE NAME public.core_cartitem_id_seq
    START WITH 1
    INCREMENT BY 1
    NO MINVALUE
    NO MAXVALUE
    CACHE 1
);


--
-- Name: core_category; Type: TABLE; Schema: public; Owner: postgres
--

CREATE TABLE public.core_category (
    id bigint NOT NULL,
    name character varying(255) NOT NULL,
    created_at timestamp with time zone NOT NULL,
    updated_at timestamp with time zone NOT NULL,
    parent_id bigint
);


ALTER TABLE public.core_category OWNER TO postgres;

--
-- Name: core_category_id_seq; Type: SEQUENCE; Schema: public; Owner: postgres
--

ALTER TABLE public.core_category ALTER COLUMN id ADD GENERATED BY DEFAULT AS IDENTITY (
    SEQUENCE NAME public.core_category_id_seq
    START WITH 1
    INCREMENT BY 1
    NO MINVALUE
    NO MAXVALUE
    CACHE 1
);


--
-- Name: core_channelgroup; Type: TABLE; Schema: public; Owner: postgres
--

CREATE TABLE public.core_channelgroup (
    id bigint NOT NULL,
    name character varying(500) NOT NULL
);


ALTER TABLE public.core_channelgroup OWNER TO postgres;

--
-- Name: core_channelgroup_id_seq; Type: SEQUENCE; Schema: public; Owner: postgres
--

ALTER TABLE public.core_channelgroup ALTER COLUMN id ADD GENERATED BY DEFAULT AS IDENTITY (
    SEQUENCE NAME public.core_channelgroup_id_seq
    START WITH 1
    INCREMENT BY 1
    NO MINVALUE
    NO MAXVALUE
    CACHE 1
);


--
-- Name: core_config; Type: TABLE; Schema: public; Owner: postgres
--

CREATE TABLE public.core_config (
    id bigint NOT NULL,
    main_color character varying(100),
    secondary_color character varying(100),
    whatsapp_number character varying(100)
);


ALTER TABLE public.core_config OWNER TO postgres;

--
-- Name: core_config_id_seq; Type: SEQUENCE; Schema: public; Owner: postgres
--

ALTER TABLE public.core_config ALTER COLUMN id ADD GENERATED BY DEFAULT AS IDENTITY (
    SEQUENCE NAME public.core_config_id_seq
    START WITH 1
    INCREMENT BY 1
    NO MINVALUE
    NO MAXVALUE
    CACHE 1
);


--
-- Name: core_externalpayment; Type: TABLE; Schema: public; Owner: postgres
--

CREATE TABLE public.core_externalpayment (
    id bigint NOT NULL,
    payment_id character varying(255) NOT NULL,
    payment_type character varying(255) NOT NULL,
    national_bank character varying(255),
    state character varying(255) NOT NULL,
    created_at timestamp with time zone NOT NULL,
    updated_at timestamp with time zone NOT NULL,
    order_id integer NOT NULL
);


ALTER TABLE public.core_externalpayment OWNER TO postgres;

--
-- Name: core_externalpayment_id_seq; Type: SEQUENCE; Schema: public; Owner: postgres
--

ALTER TABLE public.core_externalpayment ALTER COLUMN id ADD GENERATED BY DEFAULT AS IDENTITY (
    SEQUENCE NAME public.core_externalpayment_id_seq
    START WITH 1
    INCREMENT BY 1
    NO MINVALUE
    NO MAXVALUE
    CACHE 1
);


--
-- Name: core_giftcard; Type: TABLE; Schema: public; Owner: postgres
--

CREATE TABLE public.core_giftcard (
    id bigint NOT NULL,
    code character varying(255) NOT NULL,
    user_id bigint
);


ALTER TABLE public.core_giftcard OWNER TO postgres;

--
-- Name: core_giftcard_id_seq; Type: SEQUENCE; Schema: public; Owner: postgres
--

ALTER TABLE public.core_giftcard ALTER COLUMN id ADD GENERATED BY DEFAULT AS IDENTITY (
    SEQUENCE NAME public.core_giftcard_id_seq
    START WITH 1
    INCREMENT BY 1
    NO MINVALUE
    NO MAXVALUE
    CACHE 1
);


--
-- Name: core_info; Type: TABLE; Schema: public; Owner: postgres
--

CREATE TABLE public.core_info (
    id bigint NOT NULL,
    person_type character varying(30) NOT NULL,
    document_type character varying(50) NOT NULL,
    document_number character varying(100) NOT NULL,
    user_id bigint NOT NULL
);


ALTER TABLE public.core_info OWNER TO postgres;

--
-- Name: core_info_id_seq; Type: SEQUENCE; Schema: public; Owner: postgres
--

ALTER TABLE public.core_info ALTER COLUMN id ADD GENERATED BY DEFAULT AS IDENTITY (
    SEQUENCE NAME public.core_info_id_seq
    START WITH 1
    INCREMENT BY 1
    NO MINVALUE
    NO MAXVALUE
    CACHE 1
);


--
-- Name: core_media; Type: TABLE; Schema: public; Owner: postgres
--

CREATE TABLE public.core_media (
    id bigint NOT NULL,
    name character varying(255) NOT NULL,
    file character varying(100) NOT NULL,
    priority smallint NOT NULL,
    created_at timestamp with time zone NOT NULL,
    updated_at timestamp with time zone NOT NULL
);


ALTER TABLE public.core_media OWNER TO postgres;

--
-- Name: core_media_id_seq; Type: SEQUENCE; Schema: public; Owner: postgres
--

ALTER TABLE public.core_media ALTER COLUMN id ADD GENERATED BY DEFAULT AS IDENTITY (
    SEQUENCE NAME public.core_media_id_seq
    START WITH 1
    INCREMENT BY 1
    NO MINVALUE
    NO MAXVALUE
    CACHE 1
);


--
-- Name: core_message; Type: TABLE; Schema: public; Owner: postgres
--

CREATE TABLE public.core_message (
    id bigint NOT NULL,
    content text NOT NULL,
    created_at timestamp with time zone NOT NULL,
    from_user_id bigint,
    to_user_id bigint,
    assistance_id bigint
);


ALTER TABLE public.core_message OWNER TO postgres;

--
-- Name: core_message_id_seq; Type: SEQUENCE; Schema: public; Owner: postgres
--

ALTER TABLE public.core_message ALTER COLUMN id ADD GENERATED BY DEFAULT AS IDENTITY (
    SEQUENCE NAME public.core_message_id_seq
    START WITH 1
    INCREMENT BY 1
    NO MINVALUE
    NO MAXVALUE
    CACHE 1
);


--
-- Name: core_notification; Type: TABLE; Schema: public; Owner: postgres
--

CREATE TABLE public.core_notification (
    id bigint NOT NULL,
    entity_name character varying(255) NOT NULL,
    entity_id bigint,
    created_at timestamp with time zone NOT NULL,
    updated_at timestamp with time zone NOT NULL,
    message text NOT NULL,
    channel_group_id bigint,
    CONSTRAINT core_notification_entity_id_check CHECK ((entity_id >= 0))
);


ALTER TABLE public.core_notification OWNER TO postgres;

--
-- Name: core_notification_id_seq; Type: SEQUENCE; Schema: public; Owner: postgres
--

ALTER TABLE public.core_notification ALTER COLUMN id ADD GENERATED BY DEFAULT AS IDENTITY (
    SEQUENCE NAME public.core_notification_id_seq
    START WITH 1
    INCREMENT BY 1
    NO MINVALUE
    NO MAXVALUE
    CACHE 1
);


--
-- Name: core_order; Type: TABLE; Schema: public; Owner: postgres
--

CREATE TABLE public.core_order (
    id integer NOT NULL,
    payment_status character varying(255) NOT NULL,
    external_payment_id character varying(255),
    payment_method character varying(255) NOT NULL,
    receipt character varying(100),
    delivery_type character varying(100) NOT NULL,
    created_at timestamp with time zone NOT NULL,
    updated_at timestamp with time zone NOT NULL,
    total_amount double precision NOT NULL,
    aditional_info text,
    address_id bigint,
    user_id bigint NOT NULL
);


ALTER TABLE public.core_order OWNER TO postgres;

--
-- Name: core_order_id_seq; Type: SEQUENCE; Schema: public; Owner: postgres
--

ALTER TABLE public.core_order ALTER COLUMN id ADD GENERATED BY DEFAULT AS IDENTITY (
    SEQUENCE NAME public.core_order_id_seq
    START WITH 1
    INCREMENT BY 1
    NO MINVALUE
    NO MAXVALUE
    CACHE 1
);


--
-- Name: core_productorder; Type: TABLE; Schema: public; Owner: postgres
--

CREATE TABLE public.core_productorder (
    id bigint NOT NULL,
    quantity bigint NOT NULL,
    created_at timestamp with time zone NOT NULL,
    updated_at timestamp with time zone NOT NULL,
    order_id integer,
    product_id bigint NOT NULL,
    assistance_id bigint,
    CONSTRAINT core_productorder_quantity_check CHECK ((quantity >= 0))
);


ALTER TABLE public.core_productorder OWNER TO postgres;

--
-- Name: core_productorder_id_seq; Type: SEQUENCE; Schema: public; Owner: postgres
--

ALTER TABLE public.core_productorder ALTER COLUMN id ADD GENERATED BY DEFAULT AS IDENTITY (
    SEQUENCE NAME public.core_productorder_id_seq
    START WITH 1
    INCREMENT BY 1
    NO MINVALUE
    NO MAXVALUE
    CACHE 1
);


--
-- Name: core_products; Type: TABLE; Schema: public; Owner: postgres
--

CREATE TABLE public.core_products (
    id bigint NOT NULL,
    name character varying(255) NOT NULL,
    product_slug character varying(800),
    quantity bigint NOT NULL,
    description text,
    large_description text,
    created_at timestamp with time zone NOT NULL,
    updated_at timestamp with time zone NOT NULL,
    condition character varying(255) NOT NULL,
    price double precision,
    product_type character varying(200) NOT NULL,
    discount smallint NOT NULL,
    brand_id bigint,
    category_id bigint,
    store_id bigint NOT NULL,
    thumbnail_id bigint,
    CONSTRAINT core_products_discount_check CHECK ((discount >= 0)),
    CONSTRAINT core_products_quantity_check CHECK ((quantity >= 0))
);


ALTER TABLE public.core_products OWNER TO postgres;

--
-- Name: core_products_id_seq; Type: SEQUENCE; Schema: public; Owner: postgres
--

ALTER TABLE public.core_products ALTER COLUMN id ADD GENERATED BY DEFAULT AS IDENTITY (
    SEQUENCE NAME public.core_products_id_seq
    START WITH 1
    INCREMENT BY 1
    NO MINVALUE
    NO MAXVALUE
    CACHE 1
);


--
-- Name: core_products_photos; Type: TABLE; Schema: public; Owner: postgres
--

CREATE TABLE public.core_products_photos (
    id bigint NOT NULL,
    products_id bigint NOT NULL,
    media_id bigint NOT NULL
);


ALTER TABLE public.core_products_photos OWNER TO postgres;

--
-- Name: core_products_photos_id_seq; Type: SEQUENCE; Schema: public; Owner: postgres
--

ALTER TABLE public.core_products_photos ALTER COLUMN id ADD GENERATED BY DEFAULT AS IDENTITY (
    SEQUENCE NAME public.core_products_photos_id_seq
    START WITH 1
    INCREMENT BY 1
    NO MINVALUE
    NO MAXVALUE
    CACHE 1
);


--
-- Name: core_review; Type: TABLE; Schema: public; Owner: postgres
--

CREATE TABLE public.core_review (
    id bigint NOT NULL,
    title character varying(150),
    content text NOT NULL,
    score integer NOT NULL,
    created_at timestamp with time zone NOT NULL,
    updated_at timestamp with time zone NOT NULL,
    product_id bigint NOT NULL,
    user_id bigint NOT NULL
);


ALTER TABLE public.core_review OWNER TO postgres;

--
-- Name: core_review_id_seq; Type: SEQUENCE; Schema: public; Owner: postgres
--

ALTER TABLE public.core_review ALTER COLUMN id ADD GENERATED BY DEFAULT AS IDENTITY (
    SEQUENCE NAME public.core_review_id_seq
    START WITH 1
    INCREMENT BY 1
    NO MINVALUE
    NO MAXVALUE
    CACHE 1
);


--
-- Name: core_store; Type: TABLE; Schema: public; Owner: postgres
--

CREATE TABLE public.core_store (
    id bigint NOT NULL,
    name character varying(255) NOT NULL,
    slug character varying(200) NOT NULL,
    logo character varying(100),
    description character varying(500),
    created_at timestamp with time zone NOT NULL,
    updated_at timestamp with time zone NOT NULL,
    bussiness_legal_id character varying(255),
    company_employee_number character varying(255) NOT NULL,
    company_anual_income double precision,
    category_id bigint,
    config_id bigint,
    parent_id bigint,
    money double precision NOT NULL
);


ALTER TABLE public.core_store OWNER TO postgres;

--
-- Name: core_store_id_seq; Type: SEQUENCE; Schema: public; Owner: postgres
--

ALTER TABLE public.core_store ALTER COLUMN id ADD GENERATED BY DEFAULT AS IDENTITY (
    SEQUENCE NAME public.core_store_id_seq
    START WITH 1
    INCREMENT BY 1
    NO MINVALUE
    NO MAXVALUE
    CACHE 1
);


--
-- Name: core_user; Type: TABLE; Schema: public; Owner: postgres
--

CREATE TABLE public.core_user (
    id bigint NOT NULL,
    password character varying(128) NOT NULL,
    last_login timestamp with time zone,
    is_superuser boolean NOT NULL,
    email character varying(255) NOT NULL,
    first_name character varying(255),
    last_name character varying(255),
    about text,
    is_active boolean NOT NULL,
    is_staff boolean NOT NULL,
    role character varying(255) NOT NULL,
    date_joined timestamp with time zone NOT NULL,
    born_date date,
    phone_number character varying(255) NOT NULL,
    store_id bigint,
    profile_img character varying(100),
    credits double precision NOT NULL
);


ALTER TABLE public.core_user OWNER TO postgres;

--
-- Name: core_user_groups; Type: TABLE; Schema: public; Owner: postgres
--

CREATE TABLE public.core_user_groups (
    id bigint NOT NULL,
    user_id bigint NOT NULL,
    group_id integer NOT NULL
);


ALTER TABLE public.core_user_groups OWNER TO postgres;

--
-- Name: core_user_groups_id_seq; Type: SEQUENCE; Schema: public; Owner: postgres
--

ALTER TABLE public.core_user_groups ALTER COLUMN id ADD GENERATED BY DEFAULT AS IDENTITY (
    SEQUENCE NAME public.core_user_groups_id_seq
    START WITH 1
    INCREMENT BY 1
    NO MINVALUE
    NO MAXVALUE
    CACHE 1
);


--
-- Name: core_user_id_seq; Type: SEQUENCE; Schema: public; Owner: postgres
--

ALTER TABLE public.core_user ALTER COLUMN id ADD GENERATED BY DEFAULT AS IDENTITY (
    SEQUENCE NAME public.core_user_id_seq
    START WITH 1
    INCREMENT BY 1
    NO MINVALUE
    NO MAXVALUE
    CACHE 1
);


--
-- Name: core_user_user_permissions; Type: TABLE; Schema: public; Owner: postgres
--

CREATE TABLE public.core_user_user_permissions (
    id bigint NOT NULL,
    user_id bigint NOT NULL,
    permission_id integer NOT NULL
);


ALTER TABLE public.core_user_user_permissions OWNER TO postgres;

--
-- Name: core_user_user_permissions_id_seq; Type: SEQUENCE; Schema: public; Owner: postgres
--

ALTER TABLE public.core_user_user_permissions ALTER COLUMN id ADD GENERATED BY DEFAULT AS IDENTITY (
    SEQUENCE NAME public.core_user_user_permissions_id_seq
    START WITH 1
    INCREMENT BY 1
    NO MINVALUE
    NO MAXVALUE
    CACHE 1
);


--
-- Name: core_wish; Type: TABLE; Schema: public; Owner: postgres
--

CREATE TABLE public.core_wish (
    id bigint NOT NULL,
    product_id bigint NOT NULL,
    user_id bigint NOT NULL
);


ALTER TABLE public.core_wish OWNER TO postgres;

--
-- Name: core_wish_id_seq; Type: SEQUENCE; Schema: public; Owner: postgres
--

ALTER TABLE public.core_wish ALTER COLUMN id ADD GENERATED BY DEFAULT AS IDENTITY (
    SEQUENCE NAME public.core_wish_id_seq
    START WITH 1
    INCREMENT BY 1
    NO MINVALUE
    NO MAXVALUE
    CACHE 1
);


--
-- Name: django_admin_log; Type: TABLE; Schema: public; Owner: postgres
--

CREATE TABLE public.django_admin_log (
    id integer NOT NULL,
    action_time timestamp with time zone NOT NULL,
    object_id text,
    object_repr character varying(200) NOT NULL,
    action_flag smallint NOT NULL,
    change_message text NOT NULL,
    content_type_id integer,
    user_id bigint NOT NULL,
    CONSTRAINT django_admin_log_action_flag_check CHECK ((action_flag >= 0))
);


ALTER TABLE public.django_admin_log OWNER TO postgres;

--
-- Name: django_admin_log_id_seq; Type: SEQUENCE; Schema: public; Owner: postgres
--

ALTER TABLE public.django_admin_log ALTER COLUMN id ADD GENERATED BY DEFAULT AS IDENTITY (
    SEQUENCE NAME public.django_admin_log_id_seq
    START WITH 1
    INCREMENT BY 1
    NO MINVALUE
    NO MAXVALUE
    CACHE 1
);


--
-- Name: django_content_type; Type: TABLE; Schema: public; Owner: postgres
--

CREATE TABLE public.django_content_type (
    id integer NOT NULL,
    app_label character varying(100) NOT NULL,
    model character varying(100) NOT NULL
);


ALTER TABLE public.django_content_type OWNER TO postgres;

--
-- Name: django_content_type_id_seq; Type: SEQUENCE; Schema: public; Owner: postgres
--

ALTER TABLE public.django_content_type ALTER COLUMN id ADD GENERATED BY DEFAULT AS IDENTITY (
    SEQUENCE NAME public.django_content_type_id_seq
    START WITH 1
    INCREMENT BY 1
    NO MINVALUE
    NO MAXVALUE
    CACHE 1
);


--
-- Name: django_migrations; Type: TABLE; Schema: public; Owner: postgres
--

CREATE TABLE public.django_migrations (
    id bigint NOT NULL,
    app character varying(255) NOT NULL,
    name character varying(255) NOT NULL,
    applied timestamp with time zone NOT NULL
);


ALTER TABLE public.django_migrations OWNER TO postgres;

--
-- Name: django_migrations_id_seq; Type: SEQUENCE; Schema: public; Owner: postgres
--

ALTER TABLE public.django_migrations ALTER COLUMN id ADD GENERATED BY DEFAULT AS IDENTITY (
    SEQUENCE NAME public.django_migrations_id_seq
    START WITH 1
    INCREMENT BY 1
    NO MINVALUE
    NO MAXVALUE
    CACHE 1
);


--
-- Name: django_session; Type: TABLE; Schema: public; Owner: postgres
--

CREATE TABLE public.django_session (
    session_key character varying(40) NOT NULL,
    session_data text NOT NULL,
    expire_date timestamp with time zone NOT NULL
);


ALTER TABLE public.django_session OWNER TO postgres;

--
-- Name: ip_logger_ipaddress; Type: TABLE; Schema: public; Owner: postgres
--

CREATE TABLE public.ip_logger_ipaddress (
    id integer NOT NULL,
    ip inet NOT NULL,
    init_visit timestamp with time zone,
    last_visit timestamp with time zone
);


ALTER TABLE public.ip_logger_ipaddress OWNER TO postgres;

--
-- Name: ip_logger_ipaddress_id_seq; Type: SEQUENCE; Schema: public; Owner: postgres
--

ALTER TABLE public.ip_logger_ipaddress ALTER COLUMN id ADD GENERATED BY DEFAULT AS IDENTITY (
    SEQUENCE NAME public.ip_logger_ipaddress_id_seq
    START WITH 1
    INCREMENT BY 1
    NO MINVALUE
    NO MAXVALUE
    CACHE 1
);


--
-- Data for Name: auth_group; Type: TABLE DATA; Schema: public; Owner: postgres
--

COPY public.auth_group (id, name) FROM stdin;
1	website_owner
2	base_user
3	store_owner
4	store_operator
5	freelance
6	customer
7	random_role
\.


--
-- Data for Name: auth_group_permissions; Type: TABLE DATA; Schema: public; Owner: postgres
--

COPY public.auth_group_permissions (id, group_id, permission_id) FROM stdin;
\.


--
-- Data for Name: auth_permission; Type: TABLE DATA; Schema: public; Owner: postgres
--

COPY public.auth_permission (id, name, content_type_id, codename) FROM stdin;
1	Can add log entry	1	add_logentry
2	Can change log entry	1	change_logentry
3	Can delete log entry	1	delete_logentry
4	Can view log entry	1	view_logentry
5	Can add permission	2	add_permission
6	Can change permission	2	change_permission
7	Can delete permission	2	delete_permission
8	Can view permission	2	view_permission
9	Can add group	3	add_group
10	Can change group	3	change_group
11	Can delete group	3	delete_group
12	Can view group	3	view_group
13	Can add content type	4	add_contenttype
14	Can change content type	4	change_contenttype
15	Can delete content type	4	delete_contenttype
16	Can view content type	4	view_contenttype
17	Can add session	5	add_session
18	Can change session	5	change_session
19	Can delete session	5	delete_session
20	Can view session	5	view_session
21	Can add country	6	add_country
22	Can change country	6	change_country
23	Can delete country	6	delete_country
24	Can view country	6	view_country
25	Can add region/state	7	add_region
26	Can change region/state	7	change_region
27	Can delete region/state	7	delete_region
28	Can view region/state	7	view_region
29	Can add city	8	add_city
30	Can change city	8	change_city
31	Can delete city	8	delete_city
32	Can view city	8	view_city
33	Can add SubRegion	9	add_subregion
34	Can change SubRegion	9	change_subregion
35	Can delete SubRegion	9	delete_subregion
36	Can view SubRegion	9	view_subregion
37	Can add user	10	add_user
38	Can change user	10	change_user
39	Can delete user	10	delete_user
40	Can view user	10	view_user
41	Can add address	11	add_address
42	Can change address	11	change_address
43	Can delete address	11	delete_address
44	Can view address	11	view_address
45	Can add brand	12	add_brand
46	Can change brand	12	change_brand
47	Can delete brand	12	delete_brand
48	Can view brand	12	view_brand
49	Can add cart	13	add_cart
50	Can change cart	13	change_cart
51	Can delete cart	13	delete_cart
52	Can view cart	13	view_cart
53	Can add category	14	add_category
54	Can change category	14	change_category
55	Can delete category	14	delete_category
56	Can view category	14	view_category
57	Can add config	15	add_config
58	Can change config	15	change_config
59	Can delete config	15	delete_config
60	Can view config	15	view_config
61	Can add media	16	add_media
62	Can change media	16	change_media
63	Can delete media	16	delete_media
64	Can view media	16	view_media
65	Can add order	17	add_order
66	Can change order	17	change_order
67	Can delete order	17	delete_order
68	Can view order	17	view_order
69	Can add products	18	add_products
70	Can change products	18	change_products
71	Can delete products	18	delete_products
72	Can view products	18	view_products
73	Can add wish	19	add_wish
74	Can change wish	19	change_wish
75	Can delete wish	19	delete_wish
76	Can view wish	19	view_wish
77	Can add store	20	add_store
78	Can change store	20	change_store
79	Can delete store	20	delete_store
80	Can view store	20	view_store
81	Can add review	21	add_review
82	Can change review	21	change_review
83	Can delete review	21	delete_review
84	Can view review	21	view_review
85	Can add product order	22	add_productorder
86	Can change product order	22	change_productorder
87	Can delete product order	22	delete_productorder
88	Can view product order	22	view_productorder
89	Can add info	23	add_info
90	Can change info	23	change_info
91	Can delete info	23	delete_info
92	Can view info	23	view_info
93	Can add external payment	24	add_externalpayment
94	Can change external payment	24	change_externalpayment
95	Can delete external payment	24	delete_externalpayment
96	Can view external payment	24	view_externalpayment
97	Can add cart item	25	add_cartitem
98	Can change cart item	25	change_cartitem
99	Can delete cart item	25	delete_cartitem
100	Can view cart item	25	view_cartitem
101	Can add notification	26	add_notification
102	Can change notification	26	change_notification
103	Can delete notification	26	delete_notification
104	Can view notification	26	view_notification
105	Can add channel group	27	add_channelgroup
106	Can change channel group	27	change_channelgroup
107	Can delete channel group	27	delete_channelgroup
108	Can view channel group	27	view_channelgroup
109	Can add message	28	add_message
110	Can change message	28	change_message
111	Can delete message	28	delete_message
112	Can view message	28	view_message
113	Can add assistance	29	add_assistance
114	Can change assistance	29	change_assistance
115	Can delete assistance	29	delete_assistance
116	Can view assistance	29	view_assistance
117	Can add gift card	30	add_giftcard
118	Can change gift card	30	change_giftcard
119	Can delete gift card	30	delete_giftcard
120	Can view gift card	30	view_giftcard
121	Can add ip address	31	add_ipaddress
122	Can change ip address	31	change_ipaddress
123	Can delete ip address	31	delete_ipaddress
124	Can view ip address	31	view_ipaddress
\.


--
-- Data for Name: cities_light_city; Type: TABLE DATA; Schema: public; Owner: postgres
--

COPY public.cities_light_city (id, name_ascii, slug, geoname_id, alternate_names, name, display_name, search_names, latitude, longitude, region_id, country_id, population, feature_code, timezone, subregion_id) FROM stdin;
1	La Asuncion	la-asuncion	3480908		La Asunción	La Asunción, Nueva Esparta, Venezuela	laasuncionbolivarianrepublicofvenezuela laasuncionestadonuevaespartabolivarianrepublicofvenezuela laasuncionestadonuevaespartaestadosunidosdevenezuela laasuncionestadonuevaespartarepublicabolivarianadevenezuela laasuncionestadonuevaespartarepublicadevenezuela laasuncionestadonuevaespartarepublicofvenezuela laasuncionestadonuevaespartaunitedstatesofvenezuela laasuncionestadonuevaespartavenezuela laasuncionestadonuevaespartavenezuelabolivarianrepublicof laasuncionestadonuevaespartawenezuela laasuncionestadosunidosdevenezuela laasuncionmargaritabolivarianrepublicofvenezuela laasuncionmargaritaestadosunidosdevenezuela laasuncionmargaritarepublicabolivarianadevenezuela laasuncionmargaritarepublicadevenezuela laasuncionmargaritarepublicofvenezuela laasuncionmargaritaunitedstatesofvenezuela laasuncionmargaritavenezuela laasuncionmargaritavenezuelabolivarianrepublicof laasuncionmargaritawenezuela laasuncionnuevaespartabolivarianrepublicofvenezuela laasuncionnuevaespartaestadosunidosdevenezuela laasuncionnuevaespartarepublicabolivarianadevenezuela laasuncionnuevaespartarepublicadevenezuela laasuncionnuevaespartarepublicofvenezuela laasuncionnuevaespartaunitedstatesofvenezuela laasuncionnuevaespartavenezuela laasuncionnuevaespartavenezuelabolivarianrepublicof laasuncionnuevaespartawenezuela laasuncionrepublicabolivarianadevenezuela laasuncionrepublicadevenezuela laasuncionrepublicofvenezuela laasuncionunitedstatesofvenezuela laasuncionvenezuela laasuncionvenezuelabolivarianrepublicof laasuncionwenezuela	11.03333	-63.86278	7	1	35084	PPLA	America/Caracas	\N
2	Anaco	anaco	3486270		Anaco	Anaco, Anzoátegui, Venezuela	anacoanzoateguibolivarianrepublicofvenezuela anacoanzoateguiestadosunidosdevenezuela anacoanzoateguirepublicabolivarianadevenezuela anacoanzoateguirepublicadevenezuela anacoanzoateguirepublicofvenezuela anacoanzoateguiunitedstatesofvenezuela anacoanzoateguivenezuela anacoanzoateguivenezuelabolivarianrepublicof anacoanzoateguiwenezuela anacobolivarianrepublicofvenezuela anacoestadoanzoateguibolivarianrepublicofvenezuela anacoestadoanzoateguiestadosunidosdevenezuela anacoestadoanzoateguirepublicabolivarianadevenezuela anacoestadoanzoateguirepublicadevenezuela anacoestadoanzoateguirepublicofvenezuela anacoestadoanzoateguiunitedstatesofvenezuela anacoestadoanzoateguivenezuela anacoestadoanzoateguivenezuelabolivarianrepublicof anacoestadoanzoateguiwenezuela anacoestadosunidosdevenezuela anacorepublicabolivarianadevenezuela anacorepublicadevenezuela anacorepublicofvenezuela anacounitedstatesofvenezuela anacovenezuela anacovenezuelabolivarianrepublicof anacowenezuela	9.42958	-64.46428	23	1	139397	PPLA2	America/Caracas	152
3	Alto Barinas	alto-barinas	3487903		Alto Barinas	Alto Barinas, Barinas, Venezuela	altobarinasbarinasbolivarianrepublicofvenezuela altobarinasbarinasestadosunidosdevenezuela altobarinasbarinasrepublicabolivarianadevenezuela altobarinasbarinasrepublicadevenezuela altobarinasbarinasrepublicofvenezuela altobarinasbarinasunitedstatesofvenezuela altobarinasbarinasvenezuela altobarinasbarinasvenezuelabolivarianrepublicof altobarinasbarinaswenezuela altobarinasbolivarianrepublicofvenezuela altobarinasestadobarinasbolivarianrepublicofvenezuela altobarinasestadobarinasestadosunidosdevenezuela altobarinasestadobarinasrepublicabolivarianadevenezuela altobarinasestadobarinasrepublicadevenezuela altobarinasestadobarinasrepublicofvenezuela altobarinasestadobarinasunitedstatesofvenezuela altobarinasestadobarinasvenezuela altobarinasestadobarinasvenezuelabolivarianrepublicof altobarinasestadobarinaswenezuela altobarinasestadosunidosdevenezuela altobarinasrepublicabolivarianadevenezuela altobarinasrepublicadevenezuela altobarinasrepublicofvenezuela altobarinasunitedstatesofvenezuela altobarinasvenezuela altobarinasvenezuelabolivarianrepublicof altobarinaswenezuela	8.59310	-70.22610	20	1	284289	PPL	America/Caracas	\N
4	Zaraza	zaraza	3625066		Zaraza	Zaraza, Guárico, Venezuela	zarazabolivarianrepublicofvenezuela zarazaestadoguaricobolivarianrepublicofvenezuela zarazaestadoguaricoestadosunidosdevenezuela zarazaestadoguaricorepublicabolivarianadevenezuela zarazaestadoguaricorepublicadevenezuela zarazaestadoguaricorepublicofvenezuela zarazaestadoguaricounitedstatesofvenezuela zarazaestadoguaricovenezuela zarazaestadoguaricovenezuelabolivarianrepublicof zarazaestadoguaricowenezuela zarazaestadosunidosdevenezuela zarazaguaricobolivarianrepublicofvenezuela zarazaguaricoestadosunidosdevenezuela zarazaguaricorepublicabolivarianadevenezuela zarazaguaricorepublicadevenezuela zarazaguaricorepublicofvenezuela zarazaguaricounitedstatesofvenezuela zarazaguaricovenezuela zarazaguaricovenezuelabolivarianrepublicof zarazaguaricowenezuela zarazarepublicabolivarianadevenezuela zarazarepublicadevenezuela zarazarepublicofvenezuela zarazaunitedstatesofvenezuela zarazavenezuela zarazavenezuelabolivarianrepublicof zarazawenezuela	9.35029	-65.32452	12	1	74017	PPLA2	America/Caracas	274
5	Yumare	yumare	3625155		Yumare	Yumare, Yaracuy, Venezuela	yumarebolivarianrepublicofvenezuela yumareestadosunidosdevenezuela yumareestadoyaracuybolivarianrepublicofvenezuela yumareestadoyaracuyestadosunidosdevenezuela yumareestadoyaracuyrepublicabolivarianadevenezuela yumareestadoyaracuyrepublicadevenezuela yumareestadoyaracuyrepublicofvenezuela yumareestadoyaracuyunitedstatesofvenezuela yumareestadoyaracuyvenezuela yumareestadoyaracuyvenezuelabolivarianrepublicof yumareestadoyaracuywenezuela yumarerepublicabolivarianadevenezuela yumarerepublicadevenezuela yumarerepublicofvenezuela yumareunitedstatesofvenezuela yumarevenezuela yumarevenezuelabolivarianrepublicof yumarewenezuela yumareyaracuybolivarianrepublicofvenezuela yumareyaracuyestadosunidosdevenezuela yumareyaracuyrepublicabolivarianadevenezuela yumareyaracuyrepublicadevenezuela yumareyaracuyrepublicofvenezuela yumareyaracuyunitedstatesofvenezuela yumareyaracuyvenezuela yumareyaracuyvenezuelabolivarianrepublicof yumareyaracuywenezuela	10.59703	-68.67328	2	1	15661	PPLA2	America/Caracas	232
6	Yaritagua	yaritagua	3625207		Yaritagua	Yaritagua, Yaracuy, Venezuela	yaritaguabolivarianrepublicofvenezuela yaritaguaestadosunidosdevenezuela yaritaguaestadoyaracuybolivarianrepublicofvenezuela yaritaguaestadoyaracuyestadosunidosdevenezuela yaritaguaestadoyaracuyrepublicabolivarianadevenezuela yaritaguaestadoyaracuyrepublicadevenezuela yaritaguaestadoyaracuyrepublicofvenezuela yaritaguaestadoyaracuyunitedstatesofvenezuela yaritaguaestadoyaracuyvenezuela yaritaguaestadoyaracuyvenezuelabolivarianrepublicof yaritaguaestadoyaracuywenezuela yaritaguarepublicabolivarianadevenezuela yaritaguarepublicadevenezuela yaritaguarepublicofvenezuela yaritaguaunitedstatesofvenezuela yaritaguavenezuela yaritaguavenezuelabolivarianrepublicof yaritaguawenezuela yaritaguayaracuybolivarianrepublicofvenezuela yaritaguayaracuyestadosunidosdevenezuela yaritaguayaracuyrepublicabolivarianadevenezuela yaritaguayaracuyrepublicadevenezuela yaritaguayaracuyrepublicofvenezuela yaritaguayaracuyunitedstatesofvenezuela yaritaguayaracuyvenezuela yaritaguayaracuyvenezuelabolivarianrepublicof yaritaguayaracuywenezuela	10.08081	-69.12420	2	1	113343	PPLA2	America/Caracas	216
7	Villa de Cura	villa-de-cura	3625341		Villa de Cura	Villa de Cura, Aragua, Venezuela	villadecuraaraguabolivarianrepublicofvenezuela villadecuraaraguaestadosunidosdevenezuela villadecuraaraguarepublicabolivarianadevenezuela villadecuraaraguarepublicadevenezuela villadecuraaraguarepublicofvenezuela villadecuraaraguaunitedstatesofvenezuela villadecuraaraguavenezuela villadecuraaraguavenezuelabolivarianrepublicof villadecuraaraguawenezuela villadecurabolivarianrepublicofvenezuela villadecuraestadoaraguabolivarianrepublicofvenezuela villadecuraestadoaraguaestadosunidosdevenezuela villadecuraestadoaraguarepublicabolivarianadevenezuela villadecuraestadoaraguarepublicadevenezuela villadecuraestadoaraguarepublicofvenezuela villadecuraestadoaraguaunitedstatesofvenezuela villadecuraestadoaraguavenezuela villadecuraestadoaraguavenezuelabolivarianrepublicof villadecuraestadoaraguawenezuela villadecuraestadosunidosdevenezuela villadecurarepublicabolivarianadevenezuela villadecurarepublicadevenezuela villadecurarepublicofvenezuela villadecuraunitedstatesofvenezuela villadecuravenezuela villadecuravenezuelabolivarianrepublicof villadecurawenezuela	10.03863	-67.48938	21	1	99669	PPLA2	America/Caracas	3
8	Villa Bruzual	villa-bruzual	3625346		Villa Bruzual	Villa Bruzual, Portuguesa, Venezuela	villabruzualbolivarianrepublicofvenezuela villabruzualestadoportuguesabolivarianrepublicofvenezuela villabruzualestadoportuguesaestadosunidosdevenezuela villabruzualestadoportuguesarepublicabolivarianadevenezuela villabruzualestadoportuguesarepublicadevenezuela villabruzualestadoportuguesarepublicofvenezuela villabruzualestadoportuguesaunitedstatesofvenezuela villabruzualestadoportuguesavenezuela villabruzualestadoportuguesavenezuelabolivarianrepublicof villabruzualestadoportuguesawenezuela villabruzualestadosunidosdevenezuela villabruzualportuguesabolivarianrepublicofvenezuela villabruzualportuguesaestadosunidosdevenezuela villabruzualportuguesarepublicabolivarianadevenezuela villabruzualportuguesarepublicadevenezuela villabruzualportuguesarepublicofvenezuela villabruzualportuguesaunitedstatesofvenezuela villabruzualportuguesavenezuela villabruzualportuguesavenezuelabolivarianrepublicof villabruzualportuguesawenezuela villabruzualrepublicabolivarianadevenezuela villabruzualrepublicadevenezuela villabruzualrepublicofvenezuela villabruzualunitedstatesofvenezuela villabruzualvenezuela villabruzualvenezuelabolivarianrepublicof villabruzualwenezuela	9.33186	-69.11968	6	1	55244	PPLA2	America/Caracas	13
9	Valle de La Pascua	valle-de-la-pascua	3625515		Valle de La Pascua	Valle de La Pascua, Guárico, Venezuela	valledelapascuabolivarianrepublicofvenezuela valledelapascuaestadoguaricobolivarianrepublicofvenezuela valledelapascuaestadoguaricoestadosunidosdevenezuela valledelapascuaestadoguaricorepublicabolivarianadevenezuela valledelapascuaestadoguaricorepublicadevenezuela valledelapascuaestadoguaricorepublicofvenezuela valledelapascuaestadoguaricounitedstatesofvenezuela valledelapascuaestadoguaricovenezuela valledelapascuaestadoguaricovenezuelabolivarianrepublicof valledelapascuaestadoguaricowenezuela valledelapascuaestadosunidosdevenezuela valledelapascuaguaricobolivarianrepublicofvenezuela valledelapascuaguaricoestadosunidosdevenezuela valledelapascuaguaricorepublicabolivarianadevenezuela valledelapascuaguaricorepublicadevenezuela valledelapascuaguaricorepublicofvenezuela valledelapascuaguaricounitedstatesofvenezuela valledelapascuaguaricovenezuela valledelapascuaguaricovenezuelabolivarianrepublicof valledelapascuaguaricowenezuela valledelapascuarepublicabolivarianadevenezuela valledelapascuarepublicadevenezuela valledelapascuarepublicofvenezuela valledelapascuaunitedstatesofvenezuela valledelapascuavenezuela valledelapascuavenezuelabolivarianrepublicof valledelapascuawenezuela	9.21554	-66.00734	12	1	153136	PPLA2	America/Caracas	192
10	Valera	valera	3625542		Valera	Valera, Trujillo, Venezuela	valerabolivarianrepublicofvenezuela valeraestadosunidosdevenezuela valeraestadotrujillobolivarianrepublicofvenezuela valeraestadotrujilloestadosunidosdevenezuela valeraestadotrujillorepublicabolivarianadevenezuela valeraestadotrujillorepublicadevenezuela valeraestadotrujillorepublicofvenezuela valeraestadotrujillounitedstatesofvenezuela valeraestadotrujillovenezuela valeraestadotrujillovenezuelabolivarianrepublicof valeraestadotrujillowenezuela valerarepublicabolivarianadevenezuela valerarepublicadevenezuela valerarepublicofvenezuela valeratrujillobolivarianrepublicofvenezuela valeratrujilloestadosunidosdevenezuela valeratrujillorepublicabolivarianadevenezuela valeratrujillorepublicadevenezuela valeratrujillorepublicofvenezuela valeratrujillounitedstatesofvenezuela valeratrujillovenezuela valeratrujillovenezuelabolivarianrepublicof valeratrujillowenezuela valeraunitedstatesofvenezuela valeravenezuela valeravenezuelabolivarianrepublicof valerawenezuela	9.31778	-70.60361	3	1	244708	PPLA2	America/Caracas	5
11	Valencia	valencia	3625549	Valência	Valencia	Valencia, Carabobo, Venezuela	valenciabolivarianrepublicofvenezuela valenciacarabobobolivarianrepublicofvenezuela valenciacaraboboestadosunidosdevenezuela valenciacaraboborepublicabolivarianadevenezuela valenciacaraboborepublicadevenezuela valenciacaraboborepublicofvenezuela valenciacarabobounitedstatesofvenezuela valenciacarabobovenezuela valenciacarabobovenezuelabolivarianrepublicof valenciacarabobowenezuela valenciaestadocarabobobolivarianrepublicofvenezuela valenciaestadocaraboboestadosunidosdevenezuela valenciaestadocaraboborepublicabolivarianadevenezuela valenciaestadocaraboborepublicadevenezuela valenciaestadocaraboborepublicofvenezuela valenciaestadocarabobounitedstatesofvenezuela valenciaestadocarabobovenezuela valenciaestadocarabobovenezuelabolivarianrepublicof valenciaestadocarabobowenezuela valenciaestadosunidosdevenezuela valenciarepublicabolivarianadevenezuela valenciarepublicadevenezuela valenciarepublicofvenezuela valenciaunitedstatesofvenezuela valenciavenezuela valenciavenezuelabolivarianrepublicof valenciawenezuela	10.16202	-68.00765	18	1	1619470	PPLA	America/Caracas	6
12	Urena	urena	3625655		Ureña	Ureña, Táchira, Venezuela	urenabolivarianrepublicofvenezuela urenaestadosunidosdevenezuela urenaestadotachirabolivarianrepublicofvenezuela urenaestadotachiraestadosunidosdevenezuela urenaestadotachirarepublicabolivarianadevenezuela urenaestadotachirarepublicadevenezuela urenaestadotachirarepublicofvenezuela urenaestadotachiraunitedstatesofvenezuela urenaestadotachiravenezuela urenaestadotachiravenezuelabolivarianrepublicof urenaestadotachirawenezuela urenarepublicabolivarianadevenezuela urenarepublicadevenezuela urenarepublicofvenezuela urenatachirabolivarianrepublicofvenezuela urenatachiraestadosunidosdevenezuela urenatachirarepublicabolivarianadevenezuela urenatachirarepublicadevenezuela urenatachirarepublicofvenezuela urenatachiraunitedstatesofvenezuela urenatachiravenezuela urenatachiravenezuelabolivarianrepublicof urenatachirawenezuela urenaunitedstatesofvenezuela urenavenezuela urenavenezuelabolivarianrepublicof urenawenezuela	7.91857	-72.44708	4	1	56509	PPLA2	America/Caracas	52
13	Urachiche	urachiche	3625696		Urachiche	Urachiche, Yaracuy, Venezuela	urachichebolivarianrepublicofvenezuela urachicheestadosunidosdevenezuela urachicheestadoyaracuybolivarianrepublicofvenezuela urachicheestadoyaracuyestadosunidosdevenezuela urachicheestadoyaracuyrepublicabolivarianadevenezuela urachicheestadoyaracuyrepublicadevenezuela urachicheestadoyaracuyrepublicofvenezuela urachicheestadoyaracuyunitedstatesofvenezuela urachicheestadoyaracuyvenezuela urachicheestadoyaracuyvenezuelabolivarianrepublicof urachicheestadoyaracuywenezuela urachicherepublicabolivarianadevenezuela urachicherepublicadevenezuela urachicherepublicofvenezuela urachicheunitedstatesofvenezuela urachichevenezuela urachichevenezuelabolivarianrepublicof urachichewenezuela urachicheyaracuybolivarianrepublicofvenezuela urachicheyaracuyestadosunidosdevenezuela urachicheyaracuyrepublicabolivarianadevenezuela urachicheyaracuyrepublicadevenezuela urachicheyaracuyrepublicofvenezuela urachicheyaracuyunitedstatesofvenezuela urachicheyaracuyvenezuela urachicheyaracuyvenezuelabolivarianrepublicof urachicheyaracuywenezuela	10.15847	-69.00782	2	1	26755	PPLA2	America/Caracas	12
14	Upata	upata	3625710		Upata	Upata, Bolívar, Venezuela	upatabolivarbolivarianrepublicofvenezuela upatabolivarestadosunidosdevenezuela upatabolivarianrepublicofvenezuela upatabolivarrepublicabolivarianadevenezuela upatabolivarrepublicadevenezuela upatabolivarrepublicofvenezuela upatabolivarunitedstatesofvenezuela upatabolivarvenezuela upatabolivarvenezuelabolivarianrepublicof upatabolivarwenezuela upataestadobolivarbolivarianrepublicofvenezuela upataestadobolivarestadosunidosdevenezuela upataestadobolivarrepublicabolivarianadevenezuela upataestadobolivarrepublicadevenezuela upataestadobolivarrepublicofvenezuela upataestadobolivarunitedstatesofvenezuela upataestadobolivarvenezuela upataestadobolivarvenezuelabolivarianrepublicof upataestadobolivarwenezuela upataestadosunidosdevenezuela upataguayanabolivarianrepublicofvenezuela upataguayanaestadosunidosdevenezuela upataguayanarepublicabolivarianadevenezuela upataguayanarepublicadevenezuela upataguayanarepublicofvenezuela upataguayanaunitedstatesofvenezuela upataguayanavenezuela upataguayanavenezuelabolivarianrepublicof upataguayanawenezuela upatarepublicabolivarianadevenezuela upatarepublicadevenezuela upatarepublicofvenezuela upataunitedstatesofvenezuela upatavenezuela upatavenezuelabolivarianrepublicof upatawenezuela	8.01620	-62.40561	19	1	112617	PPLA2	America/Caracas	49
15	Turmero	turmero	3625829		Turmero	Turmero, Aragua, Venezuela	turmeroaraguabolivarianrepublicofvenezuela turmeroaraguaestadosunidosdevenezuela turmeroaraguarepublicabolivarianadevenezuela turmeroaraguarepublicadevenezuela turmeroaraguarepublicofvenezuela turmeroaraguaunitedstatesofvenezuela turmeroaraguavenezuela turmeroaraguavenezuelabolivarianrepublicof turmeroaraguawenezuela turmerobolivarianrepublicofvenezuela turmeroestadoaraguabolivarianrepublicofvenezuela turmeroestadoaraguaestadosunidosdevenezuela turmeroestadoaraguarepublicabolivarianadevenezuela turmeroestadoaraguarepublicadevenezuela turmeroestadoaraguarepublicofvenezuela turmeroestadoaraguaunitedstatesofvenezuela turmeroestadoaraguavenezuela turmeroestadoaraguavenezuelabolivarianrepublicof turmeroestadoaraguawenezuela turmeroestadosunidosdevenezuela turmerorepublicabolivarianadevenezuela turmerorepublicadevenezuela turmerorepublicofvenezuela turmerounitedstatesofvenezuela turmerovenezuela turmerovenezuelabolivarianrepublicof turmerowenezuela	10.22856	-67.47421	21	1	344700	PPLA2	America/Caracas	218
16	Tumeremo	tumeremo	3625892		Tumeremo	Tumeremo, Bolívar, Venezuela	tumeremobolivarbolivarianrepublicofvenezuela tumeremobolivarestadosunidosdevenezuela tumeremobolivarianrepublicofvenezuela tumeremobolivarrepublicabolivarianadevenezuela tumeremobolivarrepublicadevenezuela tumeremobolivarrepublicofvenezuela tumeremobolivarunitedstatesofvenezuela tumeremobolivarvenezuela tumeremobolivarvenezuelabolivarianrepublicof tumeremobolivarwenezuela tumeremoestadobolivarbolivarianrepublicofvenezuela tumeremoestadobolivarestadosunidosdevenezuela tumeremoestadobolivarrepublicabolivarianadevenezuela tumeremoestadobolivarrepublicadevenezuela tumeremoestadobolivarrepublicofvenezuela tumeremoestadobolivarunitedstatesofvenezuela tumeremoestadobolivarvenezuela tumeremoestadobolivarvenezuelabolivarianrepublicof tumeremoestadobolivarwenezuela tumeremoestadosunidosdevenezuela tumeremoguayanabolivarianrepublicofvenezuela tumeremoguayanaestadosunidosdevenezuela tumeremoguayanarepublicabolivarianadevenezuela tumeremoguayanarepublicadevenezuela tumeremoguayanarepublicofvenezuela tumeremoguayanaunitedstatesofvenezuela tumeremoguayanavenezuela tumeremoguayanavenezuelabolivarianrepublicof tumeremoguayanawenezuela tumeremorepublicabolivarianadevenezuela tumeremorepublicadevenezuela tumeremorepublicofvenezuela tumeremounitedstatesofvenezuela tumeremovenezuela tumeremovenezuelabolivarianrepublicof tumeremowenezuela	7.29861	-61.50497	19	1	37614	PPLA2	America/Caracas	\N
17	Tucupita	tucupita	3625929		Tucupita	Tucupita, Delta Amacuro, Venezuela	tucupitabolivarianrepublicofvenezuela tucupitadeltaamacurobolivarianrepublicofvenezuela tucupitadeltaamacuroestadosunidosdevenezuela tucupitadeltaamacurorepublicabolivarianadevenezuela tucupitadeltaamacurorepublicadevenezuela tucupitadeltaamacurorepublicofvenezuela tucupitadeltaamacurounitedstatesofvenezuela tucupitadeltaamacurovenezuela tucupitadeltaamacurovenezuelabolivarianrepublicof tucupitadeltaamacurowenezuela tucupitaestadosunidosdevenezuela tucupitarepublicabolivarianadevenezuela tucupitarepublicadevenezuela tucupitarepublicofvenezuela tucupitaterritoriodeltaamacurobolivarianrepublicofvenezuela tucupitaterritoriodeltaamacuroestadosunidosdevenezuela tucupitaterritoriodeltaamacurorepublicabolivarianadevenezuela tucupitaterritoriodeltaamacurorepublicadevenezuela tucupitaterritoriodeltaamacurorepublicofvenezuela tucupitaterritoriodeltaamacurounitedstatesofvenezuela tucupitaterritoriodeltaamacurovenezuela tucupitaterritoriodeltaamacurovenezuelabolivarianrepublicof tucupitaterritoriodeltaamacurowenezuela tucupitaunitedstatesofvenezuela tucupitavenezuela tucupitavenezuelabolivarianrepublicof tucupitawenezuela	9.05806	-62.05000	16	1	99778	PPLA	America/Caracas	14
18	Tucupido	tucupido	3625944		Tucupido	Tucupido, Guárico, Venezuela	tucupidobolivarianrepublicofvenezuela tucupidoestadoguaricobolivarianrepublicofvenezuela tucupidoestadoguaricoestadosunidosdevenezuela tucupidoestadoguaricorepublicabolivarianadevenezuela tucupidoestadoguaricorepublicadevenezuela tucupidoestadoguaricorepublicofvenezuela tucupidoestadoguaricounitedstatesofvenezuela tucupidoestadoguaricovenezuela tucupidoestadoguaricovenezuelabolivarianrepublicof tucupidoestadoguaricowenezuela tucupidoestadosunidosdevenezuela tucupidoguaricobolivarianrepublicofvenezuela tucupidoguaricoestadosunidosdevenezuela tucupidoguaricorepublicabolivarianadevenezuela tucupidoguaricorepublicadevenezuela tucupidoguaricorepublicofvenezuela tucupidoguaricounitedstatesofvenezuela tucupidoguaricovenezuela tucupidoguaricovenezuelabolivarianrepublicof tucupidoguaricowenezuela tucupidorepublicabolivarianadevenezuela tucupidorepublicadevenezuela tucupidorepublicofvenezuela tucupidounitedstatesofvenezuela tucupidovenezuela tucupidovenezuelabolivarianrepublicof tucupidowenezuela	9.27304	-65.77153	12	1	42633	PPLA2	America/Caracas	301
19	Tucani	tucani	3625963		Tucaní	Tucaní, Mérida, Venezuela	tucanibolivarianrepublicofvenezuela tucaniestadomeridabolivarianrepublicofvenezuela tucaniestadomeridaestadosunidosdevenezuela tucaniestadomeridarepublicabolivarianadevenezuela tucaniestadomeridarepublicadevenezuela tucaniestadomeridarepublicofvenezuela tucaniestadomeridaunitedstatesofvenezuela tucaniestadomeridavenezuela tucaniestadomeridavenezuelabolivarianrepublicof tucaniestadomeridawenezuela tucaniestadosunidosdevenezuela tucanimeridabolivarianrepublicofvenezuela tucanimeridaestadosunidosdevenezuela tucanimeridarepublicabolivarianadevenezuela tucanimeridarepublicadevenezuela tucanimeridarepublicofvenezuela tucanimeridaunitedstatesofvenezuela tucanimeridavenezuela tucanimeridavenezuelabolivarianrepublicof tucanimeridawenezuela tucanirepublicabolivarianadevenezuela tucanirepublicadevenezuela tucanirepublicofvenezuela tucaniunitedstatesofvenezuela tucanivenezuela tucanivenezuelabolivarianrepublicof tucaniwenezuela	8.97003	-71.27277	10	1	24034	PPLA2	America/Caracas	303
20	Tucacas	tucacas	3625965		Tucacas	Tucacas, Falcón, Venezuela	tucacasbolivarianrepublicofvenezuela tucacascorobolivarianrepublicofvenezuela tucacascoroestadosunidosdevenezuela tucacascororepublicabolivarianadevenezuela tucacascororepublicadevenezuela tucacascororepublicofvenezuela tucacascorounitedstatesofvenezuela tucacascorovenezuela tucacascorovenezuelabolivarianrepublicof tucacascorowenezuela tucacasestadofalconbolivarianrepublicofvenezuela tucacasestadofalconestadosunidosdevenezuela tucacasestadofalconrepublicabolivarianadevenezuela tucacasestadofalconrepublicadevenezuela tucacasestadofalconrepublicofvenezuela tucacasestadofalconunitedstatesofvenezuela tucacasestadofalconvenezuela tucacasestadofalconvenezuelabolivarianrepublicof tucacasestadofalconwenezuela tucacasestadosunidosdevenezuela tucacasfalconbolivarianrepublicofvenezuela tucacasfalconestadosunidosdevenezuela tucacasfalconrepublicabolivarianadevenezuela tucacasfalconrepublicadevenezuela tucacasfalconrepublicofvenezuela tucacasfalconunitedstatesofvenezuela tucacasfalconvenezuela tucacasfalconvenezuelabolivarianrepublicof tucacasfalconwenezuela tucacasrepublicabolivarianadevenezuela tucacasrepublicadevenezuela tucacasrepublicofvenezuela tucacasunitedstatesofvenezuela tucacasvenezuela tucacasvenezuelabolivarianrepublicof tucacaswenezuela	10.79006	-68.32564	15	1	34407	PPLA2	America/Caracas	31
21	Trujillo	trujillo	3625979		Trujillo	Trujillo, Trujillo, Venezuela	trujillobolivarianrepublicofvenezuela trujilloestadosunidosdevenezuela trujilloestadotrujillobolivarianrepublicofvenezuela trujilloestadotrujilloestadosunidosdevenezuela trujilloestadotrujillorepublicabolivarianadevenezuela trujilloestadotrujillorepublicadevenezuela trujilloestadotrujillorepublicofvenezuela trujilloestadotrujillounitedstatesofvenezuela trujilloestadotrujillovenezuela trujilloestadotrujillovenezuelabolivarianrepublicof trujilloestadotrujillowenezuela trujillorepublicabolivarianadevenezuela trujillorepublicadevenezuela trujillorepublicofvenezuela trujillotrujillobolivarianrepublicofvenezuela trujillotrujilloestadosunidosdevenezuela trujillotrujillorepublicabolivarianadevenezuela trujillotrujillorepublicadevenezuela trujillotrujillorepublicofvenezuela trujillotrujillounitedstatesofvenezuela trujillotrujillovenezuela trujillotrujillovenezuelabolivarianrepublicof trujillotrujillowenezuela trujillounitedstatesofvenezuela trujillovenezuela trujillovenezuelabolivarianrepublicof trujillowenezuela	9.36583	-70.43694	3	1	71362	PPLA	America/Caracas	\N
22	Tovar	tovar	3626047	Municipio Tovar;Tovar Municipality	Tovar	Tovar, Mérida, Venezuela	municipiotovarbolivarianrepublicofvenezuela municipiotovarestadomeridabolivarianrepublicofvenezuela municipiotovarestadomeridaestadosunidosdevenezuela municipiotovarestadomeridarepublicabolivarianadevenezuela municipiotovarestadomeridarepublicadevenezuela municipiotovarestadomeridarepublicofvenezuela municipiotovarestadomeridaunitedstatesofvenezuela municipiotovarestadomeridavenezuela municipiotovarestadomeridavenezuelabolivarianrepublicof municipiotovarestadomeridawenezuela municipiotovarestadosunidosdevenezuela municipiotovarmeridabolivarianrepublicofvenezuela municipiotovarmeridaestadosunidosdevenezuela municipiotovarmeridarepublicabolivarianadevenezuela municipiotovarmeridarepublicadevenezuela municipiotovarmeridarepublicofvenezuela municipiotovarmeridaunitedstatesofvenezuela municipiotovarmeridavenezuela municipiotovarmeridavenezuelabolivarianrepublicof municipiotovarmeridawenezuela municipiotovarrepublicabolivarianadevenezuela municipiotovarrepublicadevenezuela municipiotovarrepublicofvenezuela municipiotovarunitedstatesofvenezuela municipiotovarvenezuela municipiotovarvenezuelabolivarianrepublicof municipiotovarwenezuela tovarbolivarianrepublicofvenezuela tovarestadomeridabolivarianrepublicofvenezuela tovarestadomeridaestadosunidosdevenezuela tovarestadomeridarepublicabolivarianadevenezuela tovarestadomeridarepublicadevenezuela tovarestadomeridarepublicofvenezuela tovarestadomeridaunitedstatesofvenezuela tovarestadomeridavenezuela tovarestadomeridavenezuelabolivarianrepublicof tovarestadomeridawenezuela tovarestadosunidosdevenezuela tovarmeridabolivarianrepublicofvenezuela tovarmeridaestadosunidosdevenezuela tovarmeridarepublicabolivarianadevenezuela tovarmeridarepublicadevenezuela tovarmeridarepublicofvenezuela tovarmeridaunitedstatesofvenezuela tovarmeridavenezuela tovarmeridavenezuelabolivarianrepublicof tovarmeridawenezuela tovarmunicipalitybolivarianrepublicofvenezuela tovarmunicipalityestadomeridabolivarianrepublicofvenezuela tovarmunicipalityestadomeridaestadosunidosdevenezuela tovarmunicipalityestadomeridarepublicabolivarianadevenezuela tovarmunicipalityestadomeridarepublicadevenezuela tovarmunicipalityestadomeridarepublicofvenezuela tovarmunicipalityestadomeridaunitedstatesofvenezuela tovarmunicipalityestadomeridavenezuela tovarmunicipalityestadomeridavenezuelabolivarianrepublicof tovarmunicipalityestadomeridawenezuela tovarmunicipalityestadosunidosdevenezuela tovarmunicipalitymeridabolivarianrepublicofvenezuela tovarmunicipalitymeridaestadosunidosdevenezuela tovarmunicipalitymeridarepublicabolivarianadevenezuela tovarmunicipalitymeridarepublicadevenezuela tovarmunicipalitymeridarepublicofvenezuela tovarmunicipalitymeridaunitedstatesofvenezuela tovarmunicipalitymeridavenezuela tovarmunicipalitymeridavenezuelabolivarianrepublicof tovarmunicipalitymeridawenezuela tovarmunicipalityrepublicabolivarianadevenezuela tovarmunicipalityrepublicadevenezuela tovarmunicipalityrepublicofvenezuela tovarmunicipalityunitedstatesofvenezuela tovarmunicipalityvenezuela tovarmunicipalityvenezuelabolivarianrepublicof tovarmunicipalitywenezuela tovarrepublicabolivarianadevenezuela tovarrepublicadevenezuela tovarrepublicofvenezuela tovarunitedstatesofvenezuela tovarvenezuela tovarvenezuelabolivarianrepublicof tovarwenezuela	8.33015	-71.75277	10	1	40716	PPLA2	America/Caracas	17
23	Tinaquillo	tinaquillo	3626219		Tinaquillo	Tinaquillo, Cojedes, Venezuela	tinaquillobolivarianrepublicofvenezuela tinaquillocojedesbolivarianrepublicofvenezuela tinaquillocojedesestadosunidosdevenezuela tinaquillocojedesrepublicabolivarianadevenezuela tinaquillocojedesrepublicadevenezuela tinaquillocojedesrepublicofvenezuela tinaquillocojedesunitedstatesofvenezuela tinaquillocojedesvenezuela tinaquillocojedesvenezuelabolivarianrepublicof tinaquillocojedeswenezuela tinaquilloestadocojedesbolivarianrepublicofvenezuela tinaquilloestadocojedesestadosunidosdevenezuela tinaquilloestadocojedesrepublicabolivarianadevenezuela tinaquilloestadocojedesrepublicadevenezuela tinaquilloestadocojedesrepublicofvenezuela tinaquilloestadocojedesunitedstatesofvenezuela tinaquilloestadocojedesvenezuela tinaquilloestadocojedesvenezuelabolivarianrepublicof tinaquilloestadocojedeswenezuela tinaquilloestadosunidosdevenezuela tinaquillorepublicabolivarianadevenezuela tinaquillorepublicadevenezuela tinaquillorepublicofvenezuela tinaquillounitedstatesofvenezuela tinaquillovenezuela tinaquillovenezuelabolivarianrepublicof tinaquillowenezuela	9.91861	-68.30472	17	1	115937	PPLA2	America/Caracas	104
24	Tinaco	tinaco	3626235		Tinaco	Tinaco, Cojedes, Venezuela	tinacobolivarianrepublicofvenezuela tinacocojedesbolivarianrepublicofvenezuela tinacocojedesestadosunidosdevenezuela tinacocojedesrepublicabolivarianadevenezuela tinacocojedesrepublicadevenezuela tinacocojedesrepublicofvenezuela tinacocojedesunitedstatesofvenezuela tinacocojedesvenezuela tinacocojedesvenezuelabolivarianrepublicof tinacocojedeswenezuela tinacoestadocojedesbolivarianrepublicofvenezuela tinacoestadocojedesestadosunidosdevenezuela tinacoestadocojedesrepublicabolivarianadevenezuela tinacoestadocojedesrepublicadevenezuela tinacoestadocojedesrepublicofvenezuela tinacoestadocojedesunitedstatesofvenezuela tinacoestadocojedesvenezuela tinacoestadocojedesvenezuelabolivarianrepublicof tinacoestadocojedeswenezuela tinacoestadosunidosdevenezuela tinacorepublicabolivarianadevenezuela tinacorepublicadevenezuela tinacorepublicofvenezuela tinacounitedstatesofvenezuela tinacovenezuela tinacovenezuelabolivarianrepublicof tinacowenezuela	9.69894	-68.43273	17	1	38172	PPLA2	America/Caracas	19
25	Timotes	timotes	3626237		Timotes	Timotes, Mérida, Venezuela	timotesbolivarianrepublicofvenezuela timotesestadomeridabolivarianrepublicofvenezuela timotesestadomeridaestadosunidosdevenezuela timotesestadomeridarepublicabolivarianadevenezuela timotesestadomeridarepublicadevenezuela timotesestadomeridarepublicofvenezuela timotesestadomeridaunitedstatesofvenezuela timotesestadomeridavenezuela timotesestadomeridavenezuelabolivarianrepublicof timotesestadomeridawenezuela timotesestadosunidosdevenezuela timotesmeridabolivarianrepublicofvenezuela timotesmeridaestadosunidosdevenezuela timotesmeridarepublicabolivarianadevenezuela timotesmeridarepublicadevenezuela timotesmeridarepublicofvenezuela timotesmeridaunitedstatesofvenezuela timotesmeridavenezuela timotesmeridavenezuelabolivarianrepublicof timotesmeridawenezuela timotesrepublicabolivarianadevenezuela timotesrepublicadevenezuela timotesrepublicofvenezuela timotesunitedstatesofvenezuela timotesvenezuela timotesvenezuelabolivarianrepublicof timoteswenezuela	8.98224	-70.73926	10	1	20098	PPLA2	America/Caracas	71
26	Tia Juana	tia-juana	3626302		Tía Juana	Tía Juana, Zulia, Venezuela	tiajuanabolivarianrepublicofvenezuela tiajuanaestadosunidosdevenezuela tiajuanaestadozuliabolivarianrepublicofvenezuela tiajuanaestadozuliaestadosunidosdevenezuela tiajuanaestadozuliarepublicabolivarianadevenezuela tiajuanaestadozuliarepublicadevenezuela tiajuanaestadozuliarepublicofvenezuela tiajuanaestadozuliaunitedstatesofvenezuela tiajuanaestadozuliavenezuela tiajuanaestadozuliavenezuelabolivarianrepublicof tiajuanaestadozuliawenezuela tiajuanarepublicabolivarianadevenezuela tiajuanarepublicadevenezuela tiajuanarepublicofvenezuela tiajuanaunitedstatesofvenezuela tiajuanavenezuela tiajuanavenezuelabolivarianrepublicof tiajuanawenezuela tiajuanazuliabolivarianrepublicofvenezuela tiajuanazuliaestadosunidosdevenezuela tiajuanazuliarepublicabolivarianadevenezuela tiajuanazuliarepublicadevenezuela tiajuanazuliarepublicofvenezuela tiajuanazuliaunitedstatesofvenezuela tiajuanazuliavenezuela tiajuanazuliavenezuelabolivarianrepublicof tiajuanazuliawenezuela	10.25927	-71.36343	1	1	23714	PPLA2	America/Caracas	209
27	Temblador	temblador	3626352		Temblador	Temblador, Monagas, Venezuela	tembladorbolivarianrepublicofvenezuela tembladorestadomaturinbolivarianrepublicofvenezuela tembladorestadomaturinestadosunidosdevenezuela tembladorestadomaturinrepublicabolivarianadevenezuela tembladorestadomaturinrepublicadevenezuela tembladorestadomaturinrepublicofvenezuela tembladorestadomaturinunitedstatesofvenezuela tembladorestadomaturinvenezuela tembladorestadomaturinvenezuelabolivarianrepublicof tembladorestadomaturinwenezuela tembladorestadomonagasbolivarianrepublicofvenezuela tembladorestadomonagasestadosunidosdevenezuela tembladorestadomonagasrepublicabolivarianadevenezuela tembladorestadomonagasrepublicadevenezuela tembladorestadomonagasrepublicofvenezuela tembladorestadomonagasunitedstatesofvenezuela tembladorestadomonagasvenezuela tembladorestadomonagasvenezuelabolivarianrepublicof tembladorestadomonagaswenezuela tembladorestadosunidosdevenezuela tembladormonagasbolivarianrepublicofvenezuela tembladormonagasestadosunidosdevenezuela tembladormonagasrepublicabolivarianadevenezuela tembladormonagasrepublicadevenezuela tembladormonagasrepublicofvenezuela tembladormonagasunitedstatesofvenezuela tembladormonagasvenezuela tembladormonagasvenezuelabolivarianrepublicof tembladormonagaswenezuela tembladorrepublicabolivarianadevenezuela tembladorrepublicadevenezuela tembladorrepublicofvenezuela tembladorunitedstatesofvenezuela tembladorvenezuela tembladorvenezuelabolivarianrepublicof tembladorwenezuela	9.00525	-62.64493	8	1	36447	PPLA2	America/Caracas	309
28	Tariba	tariba	3626402		Táriba	Táriba, Táchira, Venezuela	taribabolivarianrepublicofvenezuela taribaestadosunidosdevenezuela taribaestadotachirabolivarianrepublicofvenezuela taribaestadotachiraestadosunidosdevenezuela taribaestadotachirarepublicabolivarianadevenezuela taribaestadotachirarepublicadevenezuela taribaestadotachirarepublicofvenezuela taribaestadotachiraunitedstatesofvenezuela taribaestadotachiravenezuela taribaestadotachiravenezuelabolivarianrepublicof taribaestadotachirawenezuela taribarepublicabolivarianadevenezuela taribarepublicadevenezuela taribarepublicofvenezuela taribatachirabolivarianrepublicofvenezuela taribatachiraestadosunidosdevenezuela taribatachirarepublicabolivarianadevenezuela taribatachirarepublicadevenezuela taribatachirarepublicofvenezuela taribatachiraunitedstatesofvenezuela taribatachiravenezuela taribatachiravenezuelabolivarianrepublicof taribatachirawenezuela taribaunitedstatesofvenezuela taribavenezuela taribavenezuelabolivarianrepublicof taribawenezuela	7.81880	-72.22427	4	1	138402	PPLA2	America/Caracas	122
29	Tabay	tabay	3626595		Tabay	Tabay, Mérida, Venezuela	tabaybolivarianrepublicofvenezuela tabayestadomeridabolivarianrepublicofvenezuela tabayestadomeridaestadosunidosdevenezuela tabayestadomeridarepublicabolivarianadevenezuela tabayestadomeridarepublicadevenezuela tabayestadomeridarepublicofvenezuela tabayestadomeridaunitedstatesofvenezuela tabayestadomeridavenezuela tabayestadomeridavenezuelabolivarianrepublicof tabayestadomeridawenezuela tabayestadosunidosdevenezuela tabaymeridabolivarianrepublicofvenezuela tabaymeridaestadosunidosdevenezuela tabaymeridarepublicabolivarianadevenezuela tabaymeridarepublicadevenezuela tabaymeridarepublicofvenezuela tabaymeridaunitedstatesofvenezuela tabaymeridavenezuela tabaymeridavenezuelabolivarianrepublicof tabaymeridawenezuela tabayrepublicabolivarianadevenezuela tabayrepublicadevenezuela tabayrepublicofvenezuela tabayunitedstatesofvenezuela tabayvenezuela tabayvenezuelabolivarianrepublicof tabaywenezuela	8.63170	-71.07833	10	1	23539	PPLA2	America/Caracas	195
30	Soledad	soledad	3626741		Soledad	Soledad, Anzoátegui, Venezuela	soledadanzoateguibolivarianrepublicofvenezuela soledadanzoateguiestadosunidosdevenezuela soledadanzoateguirepublicabolivarianadevenezuela soledadanzoateguirepublicadevenezuela soledadanzoateguirepublicofvenezuela soledadanzoateguiunitedstatesofvenezuela soledadanzoateguivenezuela soledadanzoateguivenezuelabolivarianrepublicof soledadanzoateguiwenezuela soledadbolivarianrepublicofvenezuela soledadestadoanzoateguibolivarianrepublicofvenezuela soledadestadoanzoateguiestadosunidosdevenezuela soledadestadoanzoateguirepublicabolivarianadevenezuela soledadestadoanzoateguirepublicadevenezuela soledadestadoanzoateguirepublicofvenezuela soledadestadoanzoateguiunitedstatesofvenezuela soledadestadoanzoateguivenezuela soledadestadoanzoateguivenezuelabolivarianrepublicof soledadestadoanzoateguiwenezuela soledadestadosunidosdevenezuela soledadrepublicabolivarianadevenezuela soledadrepublicadevenezuela soledadrepublicofvenezuela soledadunitedstatesofvenezuela soledadvenezuela soledadvenezuelabolivarianrepublicof soledadwenezuela	8.16206	-63.56540	23	1	29763	PPLA2	America/Caracas	93
31	Socopo	socopo	3626764		Socopó	Socopó, Barinas, Venezuela	socopobarinasbolivarianrepublicofvenezuela socopobarinasestadosunidosdevenezuela socopobarinasrepublicabolivarianadevenezuela socopobarinasrepublicadevenezuela socopobarinasrepublicofvenezuela socopobarinasunitedstatesofvenezuela socopobarinasvenezuela socopobarinasvenezuelabolivarianrepublicof socopobarinaswenezuela socopobolivarianrepublicofvenezuela socopoestadobarinasbolivarianrepublicofvenezuela socopoestadobarinasestadosunidosdevenezuela socopoestadobarinasrepublicabolivarianadevenezuela socopoestadobarinasrepublicadevenezuela socopoestadobarinasrepublicofvenezuela socopoestadobarinasunitedstatesofvenezuela socopoestadobarinasvenezuela socopoestadobarinasvenezuelabolivarianrepublicof socopoestadobarinaswenezuela socopoestadosunidosdevenezuela socoporepublicabolivarianadevenezuela socoporepublicadevenezuela socoporepublicofvenezuela socopounitedstatesofvenezuela socopovenezuela socopovenezuelabolivarianrepublicof socopowenezuela	8.23062	-70.82198	20	1	72352	PPLA2	America/Caracas	172
32	Santa Teresa del Tuy	santa-teresa-del-tuy	3627047		Santa Teresa del Tuy	Santa Teresa del Tuy, Miranda, Venezuela	santateresadeltuybolivarianrepublicofvenezuela santateresadeltuyestadomirandabolivarianrepublicofvenezuela santateresadeltuyestadomirandaestadosunidosdevenezuela santateresadeltuyestadomirandarepublicabolivarianadevenezuela santateresadeltuyestadomirandarepublicadevenezuela santateresadeltuyestadomirandarepublicofvenezuela santateresadeltuyestadomirandaunitedstatesofvenezuela santateresadeltuyestadomirandavenezuela santateresadeltuyestadomirandavenezuelabolivarianrepublicof santateresadeltuyestadomirandawenezuela santateresadeltuyestadosunidosdevenezuela santateresadeltuymirandabolivarianrepublicofvenezuela santateresadeltuymirandaestadosunidosdevenezuela santateresadeltuymirandarepublicabolivarianadevenezuela santateresadeltuymirandarepublicadevenezuela santateresadeltuymirandarepublicofvenezuela santateresadeltuymirandaunitedstatesofvenezuela santateresadeltuymirandavenezuela santateresadeltuymirandavenezuelabolivarianrepublicof santateresadeltuymirandawenezuela santateresadeltuyrepublicabolivarianadevenezuela santateresadeltuyrepublicadevenezuela santateresadeltuyrepublicofvenezuela santateresadeltuyunitedstatesofvenezuela santateresadeltuyvenezuela santateresadeltuyvenezuelabolivarianrepublicof santateresadeltuywenezuela	10.23291	-66.66474	9	1	278890	PPLA2	America/Caracas	\N
33	Santa Rita	santa-rita	3627186		Santa Rita	Santa Rita, Zulia, Venezuela	santaritabolivarianrepublicofvenezuela santaritaestadosunidosdevenezuela santaritaestadozuliabolivarianrepublicofvenezuela santaritaestadozuliaestadosunidosdevenezuela santaritaestadozuliarepublicabolivarianadevenezuela santaritaestadozuliarepublicadevenezuela santaritaestadozuliarepublicofvenezuela santaritaestadozuliaunitedstatesofvenezuela santaritaestadozuliavenezuela santaritaestadozuliavenezuelabolivarianrepublicof santaritaestadozuliawenezuela santaritarepublicabolivarianadevenezuela santaritarepublicadevenezuela santaritarepublicofvenezuela santaritaunitedstatesofvenezuela santaritavenezuela santaritavenezuelabolivarianrepublicof santaritawenezuela santaritazuliabolivarianrepublicofvenezuela santaritazuliaestadosunidosdevenezuela santaritazuliarepublicabolivarianadevenezuela santaritazuliarepublicadevenezuela santaritazuliarepublicofvenezuela santaritazuliaunitedstatesofvenezuela santaritazuliavenezuela santaritazuliavenezuelabolivarianrepublicof santaritazuliawenezuela	10.53642	-71.51104	1	1	31810	PPLA2	America/Caracas	334
34	Santa Elena de Uairen	santa-elena-de-uairen	3627382		Santa Elena de Uairén	Santa Elena de Uairén, Bolívar, Venezuela	santaelenadeuairenbolivarbolivarianrepublicofvenezuela santaelenadeuairenbolivarestadosunidosdevenezuela santaelenadeuairenbolivarianrepublicofvenezuela santaelenadeuairenbolivarrepublicabolivarianadevenezuela santaelenadeuairenbolivarrepublicadevenezuela santaelenadeuairenbolivarrepublicofvenezuela santaelenadeuairenbolivarunitedstatesofvenezuela santaelenadeuairenbolivarvenezuela santaelenadeuairenbolivarvenezuelabolivarianrepublicof santaelenadeuairenbolivarwenezuela santaelenadeuairenestadobolivarbolivarianrepublicofvenezuela santaelenadeuairenestadobolivarestadosunidosdevenezuela santaelenadeuairenestadobolivarrepublicabolivarianadevenezuela santaelenadeuairenestadobolivarrepublicadevenezuela santaelenadeuairenestadobolivarrepublicofvenezuela santaelenadeuairenestadobolivarunitedstatesofvenezuela santaelenadeuairenestadobolivarvenezuela santaelenadeuairenestadobolivarvenezuelabolivarianrepublicof santaelenadeuairenestadobolivarwenezuela santaelenadeuairenestadosunidosdevenezuela santaelenadeuairenguayanabolivarianrepublicofvenezuela santaelenadeuairenguayanaestadosunidosdevenezuela santaelenadeuairenguayanarepublicabolivarianadevenezuela santaelenadeuairenguayanarepublicadevenezuela santaelenadeuairenguayanarepublicofvenezuela santaelenadeuairenguayanaunitedstatesofvenezuela santaelenadeuairenguayanavenezuela santaelenadeuairenguayanavenezuelabolivarianrepublicof santaelenadeuairenguayanawenezuela santaelenadeuairenrepublicabolivarianadevenezuela santaelenadeuairenrepublicadevenezuela santaelenadeuairenrepublicofvenezuela santaelenadeuairenunitedstatesofvenezuela santaelenadeuairenvenezuela santaelenadeuairenvenezuelabolivarianrepublicof santaelenadeuairenwenezuela	4.60226	-61.11025	19	1	29795	PPLA2	America/Caracas	164
35	Santa Cruz de Mora	santa-cruz-de-mora	3627418		Santa Cruz de Mora	Santa Cruz de Mora, Mérida, Venezuela	santacruzdemorabolivarianrepublicofvenezuela santacruzdemoraestadomeridabolivarianrepublicofvenezuela santacruzdemoraestadomeridaestadosunidosdevenezuela santacruzdemoraestadomeridarepublicabolivarianadevenezuela santacruzdemoraestadomeridarepublicadevenezuela santacruzdemoraestadomeridarepublicofvenezuela santacruzdemoraestadomeridaunitedstatesofvenezuela santacruzdemoraestadomeridavenezuela santacruzdemoraestadomeridavenezuelabolivarianrepublicof santacruzdemoraestadomeridawenezuela santacruzdemoraestadosunidosdevenezuela santacruzdemorameridabolivarianrepublicofvenezuela santacruzdemorameridaestadosunidosdevenezuela santacruzdemorameridarepublicabolivarianadevenezuela santacruzdemorameridarepublicadevenezuela santacruzdemorameridarepublicofvenezuela santacruzdemorameridaunitedstatesofvenezuela santacruzdemorameridavenezuela santacruzdemorameridavenezuelabolivarianrepublicof santacruzdemorameridawenezuela santacruzdemorarepublicabolivarianadevenezuela santacruzdemorarepublicadevenezuela santacruzdemorarepublicofvenezuela santacruzdemoraunitedstatesofvenezuela santacruzdemoravenezuela santacruzdemoravenezuelabolivarianrepublicof santacruzdemorawenezuela	8.39925	-71.64082	10	1	21209	PPLA2	America/Caracas	302
36	Santa Cruz de Mara	santa-cruz-de-mara	3627420		Santa Cruz de Mara	Santa Cruz de Mara, Zulia, Venezuela	santacruzdemarabolivarianrepublicofvenezuela santacruzdemaraestadosunidosdevenezuela santacruzdemaraestadozuliabolivarianrepublicofvenezuela santacruzdemaraestadozuliaestadosunidosdevenezuela santacruzdemaraestadozuliarepublicabolivarianadevenezuela santacruzdemaraestadozuliarepublicadevenezuela santacruzdemaraestadozuliarepublicofvenezuela santacruzdemaraestadozuliaunitedstatesofvenezuela santacruzdemaraestadozuliavenezuela santacruzdemaraestadozuliavenezuelabolivarianrepublicof santacruzdemaraestadozuliawenezuela santacruzdemararepublicabolivarianadevenezuela santacruzdemararepublicadevenezuela santacruzdemararepublicofvenezuela santacruzdemaraunitedstatesofvenezuela santacruzdemaravenezuela santacruzdemaravenezuelabolivarianrepublicof santacruzdemarawenezuela santacruzdemarazuliabolivarianrepublicofvenezuela santacruzdemarazuliaestadosunidosdevenezuela santacruzdemarazuliarepublicabolivarianadevenezuela santacruzdemarazuliarepublicadevenezuela santacruzdemarazuliarepublicofvenezuela santacruzdemarazuliaunitedstatesofvenezuela santacruzdemarazuliavenezuela santacruzdemarazuliavenezuelabolivarianrepublicof santacruzdemarazuliawenezuela	10.79269	-71.68505	1	1	69781	PPL	America/Caracas	\N
37	Santa Barbara	santa-barbara	3627561		Santa Bárbara	Santa Bárbara, Barinas, Venezuela	santabarbarabarinasbolivarianrepublicofvenezuela santabarbarabarinasestadosunidosdevenezuela santabarbarabarinasrepublicabolivarianadevenezuela santabarbarabarinasrepublicadevenezuela santabarbarabarinasrepublicofvenezuela santabarbarabarinasunitedstatesofvenezuela santabarbarabarinasvenezuela santabarbarabarinasvenezuelabolivarianrepublicof santabarbarabarinaswenezuela santabarbarabolivarianrepublicofvenezuela santabarbaraestadobarinasbolivarianrepublicofvenezuela santabarbaraestadobarinasestadosunidosdevenezuela santabarbaraestadobarinasrepublicabolivarianadevenezuela santabarbaraestadobarinasrepublicadevenezuela santabarbaraestadobarinasrepublicofvenezuela santabarbaraestadobarinasunitedstatesofvenezuela santabarbaraestadobarinasvenezuela santabarbaraestadobarinasvenezuelabolivarianrepublicof santabarbaraestadobarinaswenezuela santabarbaraestadosunidosdevenezuela santabarbararepublicabolivarianadevenezuela santabarbararepublicadevenezuela santabarbararepublicofvenezuela santabarbaraunitedstatesofvenezuela santabarbaravenezuela santabarbaravenezuelabolivarianrepublicof santabarbarawenezuela	7.81348	-71.17788	20	1	45808	PPLA2	America/Caracas	106
38	Santa Ana	santa-ana	3627593		Santa Ana	Santa Ana, Nueva Esparta, Venezuela	santaanabolivarianrepublicofvenezuela santaanaestadonuevaespartabolivarianrepublicofvenezuela santaanaestadonuevaespartaestadosunidosdevenezuela santaanaestadonuevaespartarepublicabolivarianadevenezuela santaanaestadonuevaespartarepublicadevenezuela santaanaestadonuevaespartarepublicofvenezuela santaanaestadonuevaespartaunitedstatesofvenezuela santaanaestadonuevaespartavenezuela santaanaestadonuevaespartavenezuelabolivarianrepublicof santaanaestadonuevaespartawenezuela santaanaestadosunidosdevenezuela santaanamargaritabolivarianrepublicofvenezuela santaanamargaritaestadosunidosdevenezuela santaanamargaritarepublicabolivarianadevenezuela santaanamargaritarepublicadevenezuela santaanamargaritarepublicofvenezuela santaanamargaritaunitedstatesofvenezuela santaanamargaritavenezuela santaanamargaritavenezuelabolivarianrepublicof santaanamargaritawenezuela santaananuevaespartabolivarianrepublicofvenezuela santaananuevaespartaestadosunidosdevenezuela santaananuevaespartarepublicabolivarianadevenezuela santaananuevaespartarepublicadevenezuela santaananuevaespartarepublicofvenezuela santaananuevaespartaunitedstatesofvenezuela santaananuevaespartavenezuela santaananuevaespartavenezuelabolivarianrepublicof santaananuevaespartawenezuela santaanarepublicabolivarianadevenezuela santaanarepublicadevenezuela santaanarepublicofvenezuela santaanaunitedstatesofvenezuela santaanavenezuela santaanavenezuelabolivarianrepublicof santaanawenezuela	11.06828	-63.92239	7	1	19215	PPLA2	America/Caracas	99
39	Santa Ana	santa-ana	3627614	Santa Ana del Táchira	Santa Ana	Santa Ana, Táchira, Venezuela	santaanabolivarianrepublicofvenezuela santaanadeltachirabolivarianrepublicofvenezuela santaanadeltachiraestadosunidosdevenezuela santaanadeltachiraestadotachirabolivarianrepublicofvenezuela santaanadeltachiraestadotachiraestadosunidosdevenezuela santaanadeltachiraestadotachirarepublicabolivarianadevenezuela santaanadeltachiraestadotachirarepublicadevenezuela santaanadeltachiraestadotachirarepublicofvenezuela santaanadeltachiraestadotachiraunitedstatesofvenezuela santaanadeltachiraestadotachiravenezuela santaanadeltachiraestadotachiravenezuelabolivarianrepublicof santaanadeltachiraestadotachirawenezuela santaanadeltachirarepublicabolivarianadevenezuela santaanadeltachirarepublicadevenezuela santaanadeltachirarepublicofvenezuela santaanadeltachiratachirabolivarianrepublicofvenezuela santaanadeltachiratachiraestadosunidosdevenezuela santaanadeltachiratachirarepublicabolivarianadevenezuela santaanadeltachiratachirarepublicadevenezuela santaanadeltachiratachirarepublicofvenezuela santaanadeltachiratachiraunitedstatesofvenezuela santaanadeltachiratachiravenezuela santaanadeltachiratachiravenezuelabolivarianrepublicof santaanadeltachiratachirawenezuela santaanadeltachiraunitedstatesofvenezuela santaanadeltachiravenezuela santaanadeltachiravenezuelabolivarianrepublicof santaanadeltachirawenezuela santaanaestadosunidosdevenezuela santaanaestadotachirabolivarianrepublicofvenezuela santaanaestadotachiraestadosunidosdevenezuela santaanaestadotachirarepublicabolivarianadevenezuela santaanaestadotachirarepublicadevenezuela santaanaestadotachirarepublicofvenezuela santaanaestadotachiraunitedstatesofvenezuela santaanaestadotachiravenezuela santaanaestadotachiravenezuelabolivarianrepublicof santaanaestadotachirawenezuela santaanarepublicabolivarianadevenezuela santaanarepublicadevenezuela santaanarepublicofvenezuela santaanatachirabolivarianrepublicofvenezuela santaanatachiraestadosunidosdevenezuela santaanatachirarepublicabolivarianadevenezuela santaanatachirarepublicadevenezuela santaanatachirarepublicofvenezuela santaanatachiraunitedstatesofvenezuela santaanatachiravenezuela santaanatachiravenezuelabolivarianrepublicof santaanatachirawenezuela santaanaunitedstatesofvenezuela santaanavenezuela santaanavenezuelabolivarianrepublicof santaanawenezuela	7.64220	-72.27694	4	1	35452	PPLA2	America/Caracas	113
40	San Rafael de Onoto	san-rafael-de-onoto	3627680		San Rafael de Onoto	San Rafael de Onoto, Portuguesa, Venezuela	sanrafaeldeonotobolivarianrepublicofvenezuela sanrafaeldeonotoestadoportuguesabolivarianrepublicofvenezuela sanrafaeldeonotoestadoportuguesaestadosunidosdevenezuela sanrafaeldeonotoestadoportuguesarepublicabolivarianadevenezuela sanrafaeldeonotoestadoportuguesarepublicadevenezuela sanrafaeldeonotoestadoportuguesarepublicofvenezuela sanrafaeldeonotoestadoportuguesaunitedstatesofvenezuela sanrafaeldeonotoestadoportuguesavenezuela sanrafaeldeonotoestadoportuguesavenezuelabolivarianrepublicof sanrafaeldeonotoestadoportuguesawenezuela sanrafaeldeonotoestadosunidosdevenezuela sanrafaeldeonotoportuguesabolivarianrepublicofvenezuela sanrafaeldeonotoportuguesaestadosunidosdevenezuela sanrafaeldeonotoportuguesarepublicabolivarianadevenezuela sanrafaeldeonotoportuguesarepublicadevenezuela sanrafaeldeonotoportuguesarepublicofvenezuela sanrafaeldeonotoportuguesaunitedstatesofvenezuela sanrafaeldeonotoportuguesavenezuela sanrafaeldeonotoportuguesavenezuelabolivarianrepublicof sanrafaeldeonotoportuguesawenezuela sanrafaeldeonotorepublicabolivarianadevenezuela sanrafaeldeonotorepublicadevenezuela sanrafaeldeonotorepublicofvenezuela sanrafaeldeonotounitedstatesofvenezuela sanrafaeldeonotovenezuela sanrafaeldeonotovenezuelabolivarianrepublicof sanrafaeldeonotowenezuela	9.67813	-68.97278	6	1	17402	PPLA2	America/Caracas	197
41	San Mateo	san-mateo	3627968		San Mateo	San Mateo, Aragua, Venezuela	sanmateoaraguabolivarianrepublicofvenezuela sanmateoaraguaestadosunidosdevenezuela sanmateoaraguarepublicabolivarianadevenezuela sanmateoaraguarepublicadevenezuela sanmateoaraguarepublicofvenezuela sanmateoaraguaunitedstatesofvenezuela sanmateoaraguavenezuela sanmateoaraguavenezuelabolivarianrepublicof sanmateoaraguawenezuela sanmateobolivarianrepublicofvenezuela sanmateoestadoaraguabolivarianrepublicofvenezuela sanmateoestadoaraguaestadosunidosdevenezuela sanmateoestadoaraguarepublicabolivarianadevenezuela sanmateoestadoaraguarepublicadevenezuela sanmateoestadoaraguarepublicofvenezuela sanmateoestadoaraguaunitedstatesofvenezuela sanmateoestadoaraguavenezuela sanmateoestadoaraguavenezuelabolivarianrepublicof sanmateoestadoaraguawenezuela sanmateoestadosunidosdevenezuela sanmateorepublicabolivarianadevenezuela sanmateorepublicadevenezuela sanmateorepublicofvenezuela sanmateounitedstatesofvenezuela sanmateovenezuela sanmateovenezuelabolivarianrepublicof sanmateowenezuela	10.21302	-67.42365	21	1	50401	PPLA2	America/Caracas	219
42	San Juan de los Morros	san-juan-de-los-morros	3628053	San Juan de Los Morros	San Juan de los Morros	San Juan de los Morros, Guárico, Venezuela	sanjuandelosmorrosbolivarianrepublicofvenezuela sanjuandelosmorrosestadoguaricobolivarianrepublicofvenezuela sanjuandelosmorrosestadoguaricoestadosunidosdevenezuela sanjuandelosmorrosestadoguaricorepublicabolivarianadevenezuela sanjuandelosmorrosestadoguaricorepublicadevenezuela sanjuandelosmorrosestadoguaricorepublicofvenezuela sanjuandelosmorrosestadoguaricounitedstatesofvenezuela sanjuandelosmorrosestadoguaricovenezuela sanjuandelosmorrosestadoguaricovenezuelabolivarianrepublicof sanjuandelosmorrosestadoguaricowenezuela sanjuandelosmorrosestadosunidosdevenezuela sanjuandelosmorrosguaricobolivarianrepublicofvenezuela sanjuandelosmorrosguaricoestadosunidosdevenezuela sanjuandelosmorrosguaricorepublicabolivarianadevenezuela sanjuandelosmorrosguaricorepublicadevenezuela sanjuandelosmorrosguaricorepublicofvenezuela sanjuandelosmorrosguaricounitedstatesofvenezuela sanjuandelosmorrosguaricovenezuela sanjuandelosmorrosguaricovenezuelabolivarianrepublicof sanjuandelosmorrosguaricowenezuela sanjuandelosmorrosrepublicabolivarianadevenezuela sanjuandelosmorrosrepublicadevenezuela sanjuandelosmorrosrepublicofvenezuela sanjuandelosmorrosunitedstatesofvenezuela sanjuandelosmorrosvenezuela sanjuandelosmorrosvenezuelabolivarianrepublicof sanjuandelosmorroswenezuela	9.91152	-67.35381	12	1	160868	PPLA	America/Caracas	198
43	Colon	colon	3628060	San Juan de Colón	Colón	Colón, Táchira, Venezuela	colonbolivarianrepublicofvenezuela colonestadosunidosdevenezuela colonestadotachirabolivarianrepublicofvenezuela colonestadotachiraestadosunidosdevenezuela colonestadotachirarepublicabolivarianadevenezuela colonestadotachirarepublicadevenezuela colonestadotachirarepublicofvenezuela colonestadotachiraunitedstatesofvenezuela colonestadotachiravenezuela colonestadotachiravenezuelabolivarianrepublicof colonestadotachirawenezuela colonrepublicabolivarianadevenezuela colonrepublicadevenezuela colonrepublicofvenezuela colontachirabolivarianrepublicofvenezuela colontachiraestadosunidosdevenezuela colontachirarepublicabolivarianadevenezuela colontachirarepublicadevenezuela colontachirarepublicofvenezuela colontachiraunitedstatesofvenezuela colontachiravenezuela colontachiravenezuelabolivarianrepublicof colontachirawenezuela colonunitedstatesofvenezuela colonvenezuela colonvenezuelabolivarianrepublicof colonwenezuela sanjuandecolonbolivarianrepublicofvenezuela sanjuandecolonestadosunidosdevenezuela sanjuandecolonestadotachirabolivarianrepublicofvenezuela sanjuandecolonestadotachiraestadosunidosdevenezuela sanjuandecolonestadotachirarepublicabolivarianadevenezuela sanjuandecolonestadotachirarepublicadevenezuela sanjuandecolonestadotachirarepublicofvenezuela sanjuandecolonestadotachiraunitedstatesofvenezuela sanjuandecolonestadotachiravenezuela sanjuandecolonestadotachiravenezuelabolivarianrepublicof sanjuandecolonestadotachirawenezuela sanjuandecolonrepublicabolivarianadevenezuela sanjuandecolonrepublicadevenezuela sanjuandecolonrepublicofvenezuela sanjuandecolontachirabolivarianrepublicofvenezuela sanjuandecolontachiraestadosunidosdevenezuela sanjuandecolontachirarepublicabolivarianadevenezuela sanjuandecolontachirarepublicadevenezuela sanjuandecolontachirarepublicofvenezuela sanjuandecolontachiraunitedstatesofvenezuela sanjuandecolontachiravenezuela sanjuandecolontachiravenezuelabolivarianrepublicof sanjuandecolontachirawenezuela sanjuandecolonunitedstatesofvenezuela sanjuandecolonvenezuela sanjuandecolonvenezuelabolivarianrepublicof sanjuandecolonwenezuela	8.03125	-72.26053	4	1	62513	PPLA2	America/Caracas	139
49	San Cristobal	san-cristobal	3628473		San Cristóbal	San Cristóbal, Táchira, Venezuela	sancristobalbolivarianrepublicofvenezuela sancristobalestadosunidosdevenezuela sancristobalestadotachirabolivarianrepublicofvenezuela sancristobalestadotachiraestadosunidosdevenezuela sancristobalestadotachirarepublicabolivarianadevenezuela sancristobalestadotachirarepublicadevenezuela sancristobalestadotachirarepublicofvenezuela sancristobalestadotachiraunitedstatesofvenezuela sancristobalestadotachiravenezuela sancristobalestadotachiravenezuelabolivarianrepublicof sancristobalestadotachirawenezuela sancristobalrepublicabolivarianadevenezuela sancristobalrepublicadevenezuela sancristobalrepublicofvenezuela sancristobaltachirabolivarianrepublicofvenezuela sancristobaltachiraestadosunidosdevenezuela sancristobaltachirarepublicabolivarianadevenezuela sancristobaltachirarepublicadevenezuela sancristobaltachirarepublicofvenezuela sancristobaltachiraunitedstatesofvenezuela sancristobaltachiravenezuela sancristobaltachiravenezuelabolivarianrepublicof sancristobaltachirawenezuela sancristobalunitedstatesofvenezuela sancristobalvenezuela sancristobalvenezuelabolivarianrepublicof sancristobalwenezuela	7.76694	-72.22500	4	1	289852	PPLA	America/Caracas	35
44	San Juan Bautista	san-juan-bautista	3628066		San Juan Bautista	San Juan Bautista, Nueva Esparta, Venezuela	sanjuanbautistabolivarianrepublicofvenezuela sanjuanbautistaestadonuevaespartabolivarianrepublicofvenezuela sanjuanbautistaestadonuevaespartaestadosunidosdevenezuela sanjuanbautistaestadonuevaespartarepublicabolivarianadevenezuela sanjuanbautistaestadonuevaespartarepublicadevenezuela sanjuanbautistaestadonuevaespartarepublicofvenezuela sanjuanbautistaestadonuevaespartaunitedstatesofvenezuela sanjuanbautistaestadonuevaespartavenezuela sanjuanbautistaestadonuevaespartavenezuelabolivarianrepublicof sanjuanbautistaestadonuevaespartawenezuela sanjuanbautistaestadosunidosdevenezuela sanjuanbautistamargaritabolivarianrepublicofvenezuela sanjuanbautistamargaritaestadosunidosdevenezuela sanjuanbautistamargaritarepublicabolivarianadevenezuela sanjuanbautistamargaritarepublicadevenezuela sanjuanbautistamargaritarepublicofvenezuela sanjuanbautistamargaritaunitedstatesofvenezuela sanjuanbautistamargaritavenezuela sanjuanbautistamargaritavenezuelabolivarianrepublicof sanjuanbautistamargaritawenezuela sanjuanbautistanuevaespartabolivarianrepublicofvenezuela sanjuanbautistanuevaespartaestadosunidosdevenezuela sanjuanbautistanuevaespartarepublicabolivarianadevenezuela sanjuanbautistanuevaespartarepublicadevenezuela sanjuanbautistanuevaespartarepublicofvenezuela sanjuanbautistanuevaespartaunitedstatesofvenezuela sanjuanbautistanuevaespartavenezuela sanjuanbautistanuevaespartavenezuelabolivarianrepublicof sanjuanbautistanuevaespartawenezuela sanjuanbautistarepublicabolivarianadevenezuela sanjuanbautistarepublicadevenezuela sanjuanbautistarepublicofvenezuela sanjuanbautistaunitedstatesofvenezuela sanjuanbautistavenezuela sanjuanbautistavenezuelabolivarianrepublicof sanjuanbautistawenezuela	11.01422	-63.94383	7	1	90387	PPLA2	America/Caracas	109
45	San Jose de Barlovento	san-jose-de-barlovento	3628129		San José de Barlovento	San José de Barlovento, Miranda, Venezuela	sanjosedebarloventobolivarianrepublicofvenezuela sanjosedebarloventoestadomirandabolivarianrepublicofvenezuela sanjosedebarloventoestadomirandaestadosunidosdevenezuela sanjosedebarloventoestadomirandarepublicabolivarianadevenezuela sanjosedebarloventoestadomirandarepublicadevenezuela sanjosedebarloventoestadomirandarepublicofvenezuela sanjosedebarloventoestadomirandaunitedstatesofvenezuela sanjosedebarloventoestadomirandavenezuela sanjosedebarloventoestadomirandavenezuelabolivarianrepublicof sanjosedebarloventoestadomirandawenezuela sanjosedebarloventoestadosunidosdevenezuela sanjosedebarloventomirandabolivarianrepublicofvenezuela sanjosedebarloventomirandaestadosunidosdevenezuela sanjosedebarloventomirandarepublicabolivarianadevenezuela sanjosedebarloventomirandarepublicadevenezuela sanjosedebarloventomirandarepublicofvenezuela sanjosedebarloventomirandaunitedstatesofvenezuela sanjosedebarloventomirandavenezuela sanjosedebarloventomirandavenezuelabolivarianrepublicof sanjosedebarloventomirandawenezuela sanjosedebarloventorepublicabolivarianadevenezuela sanjosedebarloventorepublicadevenezuela sanjosedebarloventorepublicofvenezuela sanjosedebarloventounitedstatesofvenezuela sanjosedebarloventovenezuela sanjosedebarloventovenezuelabolivarianrepublicof sanjosedebarloventowenezuela	10.30125	-65.99053	9	1	22352	PPLA2	America/Caracas	305
46	San Jose de Guanipa	san-jose-de-guanipa	3628142		San José de Guanipa	San José de Guanipa, Anzoátegui, Venezuela	sanjosedeguanipaanzoateguibolivarianrepublicofvenezuela sanjosedeguanipaanzoateguiestadosunidosdevenezuela sanjosedeguanipaanzoateguirepublicabolivarianadevenezuela sanjosedeguanipaanzoateguirepublicadevenezuela sanjosedeguanipaanzoateguirepublicofvenezuela sanjosedeguanipaanzoateguiunitedstatesofvenezuela sanjosedeguanipaanzoateguivenezuela sanjosedeguanipaanzoateguivenezuelabolivarianrepublicof sanjosedeguanipaanzoateguiwenezuela sanjosedeguanipabolivarianrepublicofvenezuela sanjosedeguanipaestadoanzoateguibolivarianrepublicofvenezuela sanjosedeguanipaestadoanzoateguiestadosunidosdevenezuela sanjosedeguanipaestadoanzoateguirepublicabolivarianadevenezuela sanjosedeguanipaestadoanzoateguirepublicadevenezuela sanjosedeguanipaestadoanzoateguirepublicofvenezuela sanjosedeguanipaestadoanzoateguiunitedstatesofvenezuela sanjosedeguanipaestadoanzoateguivenezuela sanjosedeguanipaestadoanzoateguivenezuelabolivarianrepublicof sanjosedeguanipaestadoanzoateguiwenezuela sanjosedeguanipaestadosunidosdevenezuela sanjosedeguaniparepublicabolivarianadevenezuela sanjosedeguaniparepublicadevenezuela sanjosedeguaniparepublicofvenezuela sanjosedeguanipaunitedstatesofvenezuela sanjosedeguanipavenezuela sanjosedeguanipavenezuelabolivarianrepublicof sanjosedeguanipawenezuela	8.88724	-64.16512	23	1	83092	PPLA2	America/Caracas	283
47	San Joaquin	san-joaquin	3628267		San Joaquín	San Joaquín, Carabobo, Venezuela	sanjoaquinbolivarianrepublicofvenezuela sanjoaquincarabobobolivarianrepublicofvenezuela sanjoaquincaraboboestadosunidosdevenezuela sanjoaquincaraboborepublicabolivarianadevenezuela sanjoaquincaraboborepublicadevenezuela sanjoaquincaraboborepublicofvenezuela sanjoaquincarabobounitedstatesofvenezuela sanjoaquincarabobovenezuela sanjoaquincarabobovenezuelabolivarianrepublicof sanjoaquincarabobowenezuela sanjoaquinestadocarabobobolivarianrepublicofvenezuela sanjoaquinestadocaraboboestadosunidosdevenezuela sanjoaquinestadocaraboborepublicabolivarianadevenezuela sanjoaquinestadocaraboborepublicadevenezuela sanjoaquinestadocaraboborepublicofvenezuela sanjoaquinestadocarabobounitedstatesofvenezuela sanjoaquinestadocarabobovenezuela sanjoaquinestadocarabobovenezuelabolivarianrepublicof sanjoaquinestadocarabobowenezuela sanjoaquinestadosunidosdevenezuela sanjoaquinrepublicabolivarianadevenezuela sanjoaquinrepublicadevenezuela sanjoaquinrepublicofvenezuela sanjoaquinunitedstatesofvenezuela sanjoaquinvenezuela sanjoaquinvenezuelabolivarianrepublicof sanjoaquinwenezuela	10.26061	-67.79348	18	1	69894	PPLA2	America/Caracas	\N
48	San Felipe	san-felipe	3628423		San Felipe	San Felipe, Yaracuy, Venezuela	sanfelipebolivarianrepublicofvenezuela sanfelipeestadosunidosdevenezuela sanfelipeestadoyaracuybolivarianrepublicofvenezuela sanfelipeestadoyaracuyestadosunidosdevenezuela sanfelipeestadoyaracuyrepublicabolivarianadevenezuela sanfelipeestadoyaracuyrepublicadevenezuela sanfelipeestadoyaracuyrepublicofvenezuela sanfelipeestadoyaracuyunitedstatesofvenezuela sanfelipeestadoyaracuyvenezuela sanfelipeestadoyaracuyvenezuelabolivarianrepublicof sanfelipeestadoyaracuywenezuela sanfeliperepublicabolivarianadevenezuela sanfeliperepublicadevenezuela sanfeliperepublicofvenezuela sanfelipeunitedstatesofvenezuela sanfelipevenezuela sanfelipevenezuelabolivarianrepublicof sanfelipewenezuela sanfelipeyaracuybolivarianrepublicofvenezuela sanfelipeyaracuyestadosunidosdevenezuela sanfelipeyaracuyrepublicabolivarianadevenezuela sanfelipeyaracuyrepublicadevenezuela sanfelipeyaracuyrepublicofvenezuela sanfelipeyaracuyunitedstatesofvenezuela sanfelipeyaracuyvenezuela sanfelipeyaracuyvenezuelabolivarianrepublicof sanfelipeyaracuywenezuela	10.33991	-68.74247	2	1	206270	PPLA	America/Caracas	34
66	Puerto La Cruz	puerto-la-cruz	3629672	Puerto Cruz;Puerto de La Cruz;Puerto la Cruz	Puerto La Cruz	Puerto La Cruz, Anzoátegui, Venezuela	puertocruzanzoateguibolivarianrepublicofvenezuela puertocruzanzoateguiestadosunidosdevenezuela puertocruzanzoateguirepublicabolivarianadevenezuela puertocruzanzoateguirepublicadevenezuela puertocruzanzoateguirepublicofvenezuela puertocruzanzoateguiunitedstatesofvenezuela puertocruzanzoateguivenezuela puertocruzanzoateguivenezuelabolivarianrepublicof puertocruzanzoateguiwenezuela puertocruzbolivarianrepublicofvenezuela puertocruzestadoanzoateguibolivarianrepublicofvenezuela puertocruzestadoanzoateguiestadosunidosdevenezuela puertocruzestadoanzoateguirepublicabolivarianadevenezuela puertocruzestadoanzoateguirepublicadevenezuela puertocruzestadoanzoateguirepublicofvenezuela puertocruzestadoanzoateguiunitedstatesofvenezuela puertocruzestadoanzoateguivenezuela puertocruzestadoanzoateguivenezuelabolivarianrepublicof puertocruzestadoanzoateguiwenezuela puertocruzestadosunidosdevenezuela puertocruzrepublicabolivarianadevenezuela puertocruzrepublicadevenezuela puertocruzrepublicofvenezuela puertocruzunitedstatesofvenezuela puertocruzvenezuela puertocruzvenezuelabolivarianrepublicof puertocruzwenezuela puertodelacruzanzoateguibolivarianrepublicofvenezuela puertodelacruzanzoateguiestadosunidosdevenezuela puertodelacruzanzoateguirepublicabolivarianadevenezuela puertodelacruzanzoateguirepublicadevenezuela puertodelacruzanzoateguirepublicofvenezuela puertodelacruzanzoateguiunitedstatesofvenezuela puertodelacruzanzoateguivenezuela puertodelacruzanzoateguivenezuelabolivarianrepublicof puertodelacruzanzoateguiwenezuela puertodelacruzbolivarianrepublicofvenezuela puertodelacruzestadoanzoateguibolivarianrepublicofvenezuela puertodelacruzestadoanzoateguiestadosunidosdevenezuela puertodelacruzestadoanzoateguirepublicabolivarianadevenezuela puertodelacruzestadoanzoateguirepublicadevenezuela puertodelacruzestadoanzoateguirepublicofvenezuela puertodelacruzestadoanzoateguiunitedstatesofvenezuela puertodelacruzestadoanzoateguivenezuela puertodelacruzestadoanzoateguivenezuelabolivarianrepublicof puertodelacruzestadoanzoateguiwenezuela puertodelacruzestadosunidosdevenezuela puertodelacruzrepublicabolivarianadevenezuela puertodelacruzrepublicadevenezuela puertodelacruzrepublicofvenezuela puertodelacruzunitedstatesofvenezuela puertodelacruzvenezuela puertodelacruzvenezuelabolivarianrepublicof puertodelacruzwenezuela puertolacruzanzoateguibolivarianrepublicofvenezuela puertolacruzanzoateguiestadosunidosdevenezuela puertolacruzanzoateguirepublicabolivarianadevenezuela puertolacruzanzoateguirepublicadevenezuela puertolacruzanzoateguirepublicofvenezuela puertolacruzanzoateguiunitedstatesofvenezuela puertolacruzanzoateguivenezuela puertolacruzanzoateguivenezuelabolivarianrepublicof puertolacruzanzoateguiwenezuela puertolacruzbolivarianrepublicofvenezuela puertolacruzestadoanzoateguibolivarianrepublicofvenezuela puertolacruzestadoanzoateguiestadosunidosdevenezuela puertolacruzestadoanzoateguirepublicabolivarianadevenezuela puertolacruzestadoanzoateguirepublicadevenezuela puertolacruzestadoanzoateguirepublicofvenezuela puertolacruzestadoanzoateguiunitedstatesofvenezuela puertolacruzestadoanzoateguivenezuela puertolacruzestadoanzoateguivenezuelabolivarianrepublicof puertolacruzestadoanzoateguiwenezuela puertolacruzestadosunidosdevenezuela puertolacruzrepublicabolivarianadevenezuela puertolacruzrepublicadevenezuela puertolacruzrepublicofvenezuela puertolacruzunitedstatesofvenezuela puertolacruzvenezuela puertolacruzvenezuelabolivarianrepublicof puertolacruzwenezuela	10.21382	-64.63280	23	1	370000	PPLA2	America/Caracas	200
50	San Carlos del Zulia	san-carlos-del-zulia	3628489		San Carlos del Zulia	San Carlos del Zulia, Zulia, Venezuela	sancarlosdelzuliabolivarianrepublicofvenezuela sancarlosdelzuliaestadosunidosdevenezuela sancarlosdelzuliaestadozuliabolivarianrepublicofvenezuela sancarlosdelzuliaestadozuliaestadosunidosdevenezuela sancarlosdelzuliaestadozuliarepublicabolivarianadevenezuela sancarlosdelzuliaestadozuliarepublicadevenezuela sancarlosdelzuliaestadozuliarepublicofvenezuela sancarlosdelzuliaestadozuliaunitedstatesofvenezuela sancarlosdelzuliaestadozuliavenezuela sancarlosdelzuliaestadozuliavenezuelabolivarianrepublicof sancarlosdelzuliaestadozuliawenezuela sancarlosdelzuliarepublicabolivarianadevenezuela sancarlosdelzuliarepublicadevenezuela sancarlosdelzuliarepublicofvenezuela sancarlosdelzuliaunitedstatesofvenezuela sancarlosdelzuliavenezuela sancarlosdelzuliavenezuelabolivarianrepublicof sancarlosdelzuliawenezuela sancarlosdelzuliazuliabolivarianrepublicofvenezuela sancarlosdelzuliazuliaestadosunidosdevenezuela sancarlosdelzuliazuliarepublicabolivarianadevenezuela sancarlosdelzuliazuliarepublicadevenezuela sancarlosdelzuliazuliarepublicofvenezuela sancarlosdelzuliazuliaunitedstatesofvenezuela sancarlosdelzuliazuliavenezuela sancarlosdelzuliazuliavenezuelabolivarianrepublicof sancarlosdelzuliazuliawenezuela	9.00098	-71.92683	1	1	89365	PPLA2	America/Caracas	114
51	San Carlos	san-carlos	3628503		San Carlos	San Carlos, Cojedes, Venezuela	sancarlosbolivarianrepublicofvenezuela sancarloscojedesbolivarianrepublicofvenezuela sancarloscojedesestadosunidosdevenezuela sancarloscojedesrepublicabolivarianadevenezuela sancarloscojedesrepublicadevenezuela sancarloscojedesrepublicofvenezuela sancarloscojedesunitedstatesofvenezuela sancarloscojedesvenezuela sancarloscojedesvenezuelabolivarianrepublicof sancarloscojedeswenezuela sancarlosestadocojedesbolivarianrepublicofvenezuela sancarlosestadocojedesestadosunidosdevenezuela sancarlosestadocojedesrepublicabolivarianadevenezuela sancarlosestadocojedesrepublicadevenezuela sancarlosestadocojedesrepublicofvenezuela sancarlosestadocojedesunitedstatesofvenezuela sancarlosestadocojedesvenezuela sancarlosestadocojedesvenezuelabolivarianrepublicof sancarlosestadocojedeswenezuela sancarlosestadosunidosdevenezuela sancarlosrepublicabolivarianadevenezuela sancarlosrepublicadevenezuela sancarlosrepublicofvenezuela sancarlosunitedstatesofvenezuela sancarlosvenezuela sancarlosvenezuelabolivarianrepublicof sancarloswenezuela	9.66124	-68.58268	17	1	120375	PPLA	America/Caracas	37
52	Sanare	sanare	3628545		Sanare	Sanare, Lara, Venezuela	sanarebarquisimetobolivarianrepublicofvenezuela sanarebarquisimetoestadosunidosdevenezuela sanarebarquisimetorepublicabolivarianadevenezuela sanarebarquisimetorepublicadevenezuela sanarebarquisimetorepublicofvenezuela sanarebarquisimetounitedstatesofvenezuela sanarebarquisimetovenezuela sanarebarquisimetovenezuelabolivarianrepublicof sanarebarquisimetowenezuela sanarebolivarianrepublicofvenezuela sanareestadolarabolivarianrepublicofvenezuela sanareestadolaraestadosunidosdevenezuela sanareestadolararepublicabolivarianadevenezuela sanareestadolararepublicadevenezuela sanareestadolararepublicofvenezuela sanareestadolaraunitedstatesofvenezuela sanareestadolaravenezuela sanareestadolaravenezuelabolivarianrepublicof sanareestadolarawenezuela sanareestadosunidosdevenezuela sanarelarabolivarianrepublicofvenezuela sanarelaraestadosunidosdevenezuela sanarelararepublicabolivarianadevenezuela sanarelararepublicadevenezuela sanarelararepublicofvenezuela sanarelaraunitedstatesofvenezuela sanarelaravenezuela sanarelaravenezuelabolivarianrepublicof sanarelarawenezuela sanarerepublicabolivarianadevenezuela sanarerepublicadevenezuela sanarerepublicofvenezuela sanareunitedstatesofvenezuela sanarevenezuela sanarevenezuelabolivarianrepublicof sanarewenezuela	9.75209	-69.65240	11	1	35850	PPLA2	America/Caracas	241
53	San Antonio del Tachira	san-antonio-del-tachira	3628549		San Antonio del Táchira	San Antonio del Táchira, Táchira, Venezuela	sanantoniodeltachirabolivarianrepublicofvenezuela sanantoniodeltachiraestadosunidosdevenezuela sanantoniodeltachiraestadotachirabolivarianrepublicofvenezuela sanantoniodeltachiraestadotachiraestadosunidosdevenezuela sanantoniodeltachiraestadotachirarepublicabolivarianadevenezuela sanantoniodeltachiraestadotachirarepublicadevenezuela sanantoniodeltachiraestadotachirarepublicofvenezuela sanantoniodeltachiraestadotachiraunitedstatesofvenezuela sanantoniodeltachiraestadotachiravenezuela sanantoniodeltachiraestadotachiravenezuelabolivarianrepublicof sanantoniodeltachiraestadotachirawenezuela sanantoniodeltachirarepublicabolivarianadevenezuela sanantoniodeltachirarepublicadevenezuela sanantoniodeltachirarepublicofvenezuela sanantoniodeltachiratachirabolivarianrepublicofvenezuela sanantoniodeltachiratachiraestadosunidosdevenezuela sanantoniodeltachiratachirarepublicabolivarianadevenezuela sanantoniodeltachiratachirarepublicadevenezuela sanantoniodeltachiratachirarepublicofvenezuela sanantoniodeltachiratachiraunitedstatesofvenezuela sanantoniodeltachiratachiravenezuela sanantoniodeltachiratachiravenezuelabolivarianrepublicof sanantoniodeltachiratachirawenezuela sanantoniodeltachiraunitedstatesofvenezuela sanantoniodeltachiravenezuela sanantoniodeltachiravenezuelabolivarianrepublicof sanantoniodeltachirawenezuela	7.81454	-72.44310	4	1	66392	PPLA2	America/Caracas	132
54	San Antonio de Los Altos	san-antonio-de-los-altos	3628550		San Antonio de Los Altos	San Antonio de Los Altos, Miranda, Venezuela	sanantoniodelosaltosbolivarianrepublicofvenezuela sanantoniodelosaltosestadomirandabolivarianrepublicofvenezuela sanantoniodelosaltosestadomirandaestadosunidosdevenezuela sanantoniodelosaltosestadomirandarepublicabolivarianadevenezuela sanantoniodelosaltosestadomirandarepublicadevenezuela sanantoniodelosaltosestadomirandarepublicofvenezuela sanantoniodelosaltosestadomirandaunitedstatesofvenezuela sanantoniodelosaltosestadomirandavenezuela sanantoniodelosaltosestadomirandavenezuelabolivarianrepublicof sanantoniodelosaltosestadomirandawenezuela sanantoniodelosaltosestadosunidosdevenezuela sanantoniodelosaltosmirandabolivarianrepublicofvenezuela sanantoniodelosaltosmirandaestadosunidosdevenezuela sanantoniodelosaltosmirandarepublicabolivarianadevenezuela sanantoniodelosaltosmirandarepublicadevenezuela sanantoniodelosaltosmirandarepublicofvenezuela sanantoniodelosaltosmirandaunitedstatesofvenezuela sanantoniodelosaltosmirandavenezuela sanantoniodelosaltosmirandavenezuelabolivarianrepublicof sanantoniodelosaltosmirandawenezuela sanantoniodelosaltosrepublicabolivarianadevenezuela sanantoniodelosaltosrepublicadevenezuela sanantoniodelosaltosrepublicofvenezuela sanantoniodelosaltosunitedstatesofvenezuela sanantoniodelosaltosvenezuela sanantoniodelosaltosvenezuelabolivarianrepublicof sanantoniodelosaltoswenezuela	10.38853	-66.95179	9	1	63873	PPLA2	America/Caracas	217
55	Sabaneta	sabaneta	3628853		Sabaneta	Sabaneta, Barinas, Venezuela	sabanetabarinasbolivarianrepublicofvenezuela sabanetabarinasestadosunidosdevenezuela sabanetabarinasrepublicabolivarianadevenezuela sabanetabarinasrepublicadevenezuela sabanetabarinasrepublicofvenezuela sabanetabarinasunitedstatesofvenezuela sabanetabarinasvenezuela sabanetabarinasvenezuelabolivarianrepublicof sabanetabarinaswenezuela sabanetabolivarianrepublicofvenezuela sabanetaestadobarinasbolivarianrepublicofvenezuela sabanetaestadobarinasestadosunidosdevenezuela sabanetaestadobarinasrepublicabolivarianadevenezuela sabanetaestadobarinasrepublicadevenezuela sabanetaestadobarinasrepublicofvenezuela sabanetaestadobarinasunitedstatesofvenezuela sabanetaestadobarinasvenezuela sabanetaestadobarinasvenezuelabolivarianrepublicof sabanetaestadobarinaswenezuela sabanetaestadosunidosdevenezuela sabanetarepublicabolivarianadevenezuela sabanetarepublicadevenezuela sabanetarepublicofvenezuela sabanetaunitedstatesofvenezuela sabanetavenezuela sabanetavenezuelabolivarianrepublicof sabanetawenezuela	8.75234	-69.93351	20	1	39493	PPLA2	America/Caracas	242
56	Sabana de Parra	sabana-de-parra	3628918		Sabana de Parra	Sabana de Parra, Yaracuy, Venezuela	sabanadeparrabolivarianrepublicofvenezuela sabanadeparraestadosunidosdevenezuela sabanadeparraestadoyaracuybolivarianrepublicofvenezuela sabanadeparraestadoyaracuyestadosunidosdevenezuela sabanadeparraestadoyaracuyrepublicabolivarianadevenezuela sabanadeparraestadoyaracuyrepublicadevenezuela sabanadeparraestadoyaracuyrepublicofvenezuela sabanadeparraestadoyaracuyunitedstatesofvenezuela sabanadeparraestadoyaracuyvenezuela sabanadeparraestadoyaracuyvenezuelabolivarianrepublicof sabanadeparraestadoyaracuywenezuela sabanadeparrarepublicabolivarianadevenezuela sabanadeparrarepublicadevenezuela sabanadeparrarepublicofvenezuela sabanadeparraunitedstatesofvenezuela sabanadeparravenezuela sabanadeparravenezuelabolivarianrepublicof sabanadeparrawenezuela sabanadeparrayaracuybolivarianrepublicofvenezuela sabanadeparrayaracuyestadosunidosdevenezuela sabanadeparrayaracuyrepublicabolivarianadevenezuela sabanadeparrayaracuyrepublicadevenezuela sabanadeparrayaracuyrepublicofvenezuela sabanadeparrayaracuyunitedstatesofvenezuela sabanadeparrayaracuyvenezuela sabanadeparrayaracuyvenezuelabolivarianrepublicof sabanadeparrayaracuywenezuela	10.12111	-69.03639	2	1	24262	PPLA2	America/Caracas	243
57	Rubio	rubio	3628952		Rubio	Rubio, Táchira, Venezuela	rubiobolivarianrepublicofvenezuela rubioestadosunidosdevenezuela rubioestadotachirabolivarianrepublicofvenezuela rubioestadotachiraestadosunidosdevenezuela rubioestadotachirarepublicabolivarianadevenezuela rubioestadotachirarepublicadevenezuela rubioestadotachirarepublicofvenezuela rubioestadotachiraunitedstatesofvenezuela rubioestadotachiravenezuela rubioestadotachiravenezuelabolivarianrepublicof rubioestadotachirawenezuela rubiorepublicabolivarianadevenezuela rubiorepublicadevenezuela rubiorepublicofvenezuela rubiotachirabolivarianrepublicofvenezuela rubiotachiraestadosunidosdevenezuela rubiotachirarepublicabolivarianadevenezuela rubiotachirarepublicadevenezuela rubiotachirarepublicofvenezuela rubiotachiraunitedstatesofvenezuela rubiotachiravenezuela rubiotachiravenezuelabolivarianrepublicof rubiotachirawenezuela rubiounitedstatesofvenezuela rubiovenezuela rubiovenezuelabolivarianrepublicof rubiowenezuela	7.70131	-72.35569	4	1	93197	PPLA2	America/Caracas	88
58	La Villa del Rosario	la-villa-del-rosario	3628966		La Villa del Rosario	La Villa del Rosario, Zulia, Venezuela	lavilladelrosariobolivarianrepublicofvenezuela lavilladelrosarioestadosunidosdevenezuela lavilladelrosarioestadozuliabolivarianrepublicofvenezuela lavilladelrosarioestadozuliaestadosunidosdevenezuela lavilladelrosarioestadozuliarepublicabolivarianadevenezuela lavilladelrosarioestadozuliarepublicadevenezuela lavilladelrosarioestadozuliarepublicofvenezuela lavilladelrosarioestadozuliaunitedstatesofvenezuela lavilladelrosarioestadozuliavenezuela lavilladelrosarioestadozuliavenezuelabolivarianrepublicof lavilladelrosarioestadozuliawenezuela lavilladelrosariorepublicabolivarianadevenezuela lavilladelrosariorepublicadevenezuela lavilladelrosariorepublicofvenezuela lavilladelrosariounitedstatesofvenezuela lavilladelrosariovenezuela lavilladelrosariovenezuelabolivarianrepublicof lavilladelrosariowenezuela lavilladelrosariozuliabolivarianrepublicofvenezuela lavilladelrosariozuliaestadosunidosdevenezuela lavilladelrosariozuliarepublicabolivarianadevenezuela lavilladelrosariozuliarepublicadevenezuela lavilladelrosariozuliarepublicofvenezuela lavilladelrosariozuliaunitedstatesofvenezuela lavilladelrosariozuliavenezuela lavilladelrosariozuliavenezuelabolivarianrepublicof lavilladelrosariozuliawenezuela	10.32580	-72.31343	1	1	82766	PPLA2	America/Caracas	332
59	Rio Chico	rio-chico	3629102		Río Chico	Río Chico, Miranda, Venezuela	riochicobolivarianrepublicofvenezuela riochicoestadomirandabolivarianrepublicofvenezuela riochicoestadomirandaestadosunidosdevenezuela riochicoestadomirandarepublicabolivarianadevenezuela riochicoestadomirandarepublicadevenezuela riochicoestadomirandarepublicofvenezuela riochicoestadomirandaunitedstatesofvenezuela riochicoestadomirandavenezuela riochicoestadomirandavenezuelabolivarianrepublicof riochicoestadomirandawenezuela riochicoestadosunidosdevenezuela riochicomirandabolivarianrepublicofvenezuela riochicomirandaestadosunidosdevenezuela riochicomirandarepublicabolivarianadevenezuela riochicomirandarepublicadevenezuela riochicomirandarepublicofvenezuela riochicomirandaunitedstatesofvenezuela riochicomirandavenezuela riochicomirandavenezuelabolivarianrepublicof riochicomirandawenezuela riochicorepublicabolivarianadevenezuela riochicorepublicadevenezuela riochicorepublicofvenezuela riochicounitedstatesofvenezuela riochicovenezuela riochicovenezuelabolivarianrepublicof riochicowenezuela	10.31899	-65.97751	9	1	22830	PPLA2	America/Caracas	59
60	Quibor	quibor	3629419		Quíbor	Quíbor, Lara, Venezuela	quiborbarquisimetobolivarianrepublicofvenezuela quiborbarquisimetoestadosunidosdevenezuela quiborbarquisimetorepublicabolivarianadevenezuela quiborbarquisimetorepublicadevenezuela quiborbarquisimetorepublicofvenezuela quiborbarquisimetounitedstatesofvenezuela quiborbarquisimetovenezuela quiborbarquisimetovenezuelabolivarianrepublicof quiborbarquisimetowenezuela quiborbolivarianrepublicofvenezuela quiborestadolarabolivarianrepublicofvenezuela quiborestadolaraestadosunidosdevenezuela quiborestadolararepublicabolivarianadevenezuela quiborestadolararepublicadevenezuela quiborestadolararepublicofvenezuela quiborestadolaraunitedstatesofvenezuela quiborestadolaravenezuela quiborestadolaravenezuelabolivarianrepublicof quiborestadolarawenezuela quiborestadosunidosdevenezuela quiborlarabolivarianrepublicofvenezuela quiborlaraestadosunidosdevenezuela quiborlararepublicabolivarianadevenezuela quiborlararepublicadevenezuela quiborlararepublicofvenezuela quiborlaraunitedstatesofvenezuela quiborlaravenezuela quiborlaravenezuelabolivarianrepublicof quiborlarawenezuela quiborrepublicabolivarianadevenezuela quiborrepublicadevenezuela quiborrepublicofvenezuela quiborunitedstatesofvenezuela quiborvenezuela quiborvenezuelabolivarianrepublicof quiborwenezuela	9.92866	-69.62010	11	1	51377	PPLA2	America/Caracas	89
61	Punto Fijo	punto-fijo	3629576		Punto Fijo	Punto Fijo, Falcón, Venezuela	puntofijobolivarianrepublicofvenezuela puntofijocorobolivarianrepublicofvenezuela puntofijocoroestadosunidosdevenezuela puntofijocororepublicabolivarianadevenezuela puntofijocororepublicadevenezuela puntofijocororepublicofvenezuela puntofijocorounitedstatesofvenezuela puntofijocorovenezuela puntofijocorovenezuelabolivarianrepublicof puntofijocorowenezuela puntofijoestadofalconbolivarianrepublicofvenezuela puntofijoestadofalconestadosunidosdevenezuela puntofijoestadofalconrepublicabolivarianadevenezuela puntofijoestadofalconrepublicadevenezuela puntofijoestadofalconrepublicofvenezuela puntofijoestadofalconunitedstatesofvenezuela puntofijoestadofalconvenezuela puntofijoestadofalconvenezuelabolivarianrepublicof puntofijoestadofalconwenezuela puntofijoestadosunidosdevenezuela puntofijofalconbolivarianrepublicofvenezuela puntofijofalconestadosunidosdevenezuela puntofijofalconrepublicabolivarianadevenezuela puntofijofalconrepublicadevenezuela puntofijofalconrepublicofvenezuela puntofijofalconunitedstatesofvenezuela puntofijofalconvenezuela puntofijofalconvenezuelabolivarianrepublicof puntofijofalconwenezuela puntofijorepublicabolivarianadevenezuela puntofijorepublicadevenezuela puntofijorepublicofvenezuela puntofijounitedstatesofvenezuela puntofijovenezuela puntofijovenezuelabolivarianrepublicof puntofijowenezuela	11.69152	-70.19918	15	1	141729	PPLA2	America/Caracas	120
62	Punta de Piedras	punta-de-piedras	3629601		Punta de Piedras	Punta de Piedras, Nueva Esparta, Venezuela	puntadepiedrasbolivarianrepublicofvenezuela puntadepiedrasestadonuevaespartabolivarianrepublicofvenezuela puntadepiedrasestadonuevaespartaestadosunidosdevenezuela puntadepiedrasestadonuevaespartarepublicabolivarianadevenezuela puntadepiedrasestadonuevaespartarepublicadevenezuela puntadepiedrasestadonuevaespartarepublicofvenezuela puntadepiedrasestadonuevaespartaunitedstatesofvenezuela puntadepiedrasestadonuevaespartavenezuela puntadepiedrasestadonuevaespartavenezuelabolivarianrepublicof puntadepiedrasestadonuevaespartawenezuela puntadepiedrasestadosunidosdevenezuela puntadepiedrasmargaritabolivarianrepublicofvenezuela puntadepiedrasmargaritaestadosunidosdevenezuela puntadepiedrasmargaritarepublicabolivarianadevenezuela puntadepiedrasmargaritarepublicadevenezuela puntadepiedrasmargaritarepublicofvenezuela puntadepiedrasmargaritaunitedstatesofvenezuela puntadepiedrasmargaritavenezuela puntadepiedrasmargaritavenezuelabolivarianrepublicof puntadepiedrasmargaritawenezuela puntadepiedrasnuevaespartabolivarianrepublicofvenezuela puntadepiedrasnuevaespartaestadosunidosdevenezuela puntadepiedrasnuevaespartarepublicabolivarianadevenezuela puntadepiedrasnuevaespartarepublicadevenezuela puntadepiedrasnuevaespartarepublicofvenezuela puntadepiedrasnuevaespartaunitedstatesofvenezuela puntadepiedrasnuevaespartavenezuela puntadepiedrasnuevaespartavenezuelabolivarianrepublicof puntadepiedrasnuevaespartawenezuela puntadepiedrasrepublicabolivarianadevenezuela puntadepiedrasrepublicadevenezuela puntadepiedrasrepublicofvenezuela puntadepiedrasunitedstatesofvenezuela puntadepiedrasvenezuela puntadepiedrasvenezuelabolivarianrepublicof puntadepiedraswenezuela	10.90123	-64.09690	7	1	31886	PPLA2	America/Caracas	15
63	Punta de Mata	punta-de-mata	3629606		Punta de Mata	Punta de Mata, Monagas, Venezuela	puntadematabolivarianrepublicofvenezuela puntademataestadomaturinbolivarianrepublicofvenezuela puntademataestadomaturinestadosunidosdevenezuela puntademataestadomaturinrepublicabolivarianadevenezuela puntademataestadomaturinrepublicadevenezuela puntademataestadomaturinrepublicofvenezuela puntademataestadomaturinunitedstatesofvenezuela puntademataestadomaturinvenezuela puntademataestadomaturinvenezuelabolivarianrepublicof puntademataestadomaturinwenezuela puntademataestadomonagasbolivarianrepublicofvenezuela puntademataestadomonagasestadosunidosdevenezuela puntademataestadomonagasrepublicabolivarianadevenezuela puntademataestadomonagasrepublicadevenezuela puntademataestadomonagasrepublicofvenezuela puntademataestadomonagasunitedstatesofvenezuela puntademataestadomonagasvenezuela puntademataestadomonagasvenezuelabolivarianrepublicof puntademataestadomonagaswenezuela puntademataestadosunidosdevenezuela puntadematamonagasbolivarianrepublicofvenezuela puntadematamonagasestadosunidosdevenezuela puntadematamonagasrepublicabolivarianadevenezuela puntadematamonagasrepublicadevenezuela puntadematamonagasrepublicofvenezuela puntadematamonagasunitedstatesofvenezuela puntadematamonagasvenezuela puntadematamonagasvenezuelabolivarianrepublicof puntadematamonagaswenezuela puntadematarepublicabolivarianadevenezuela puntadematarepublicadevenezuela puntadematarepublicofvenezuela puntademataunitedstatesofvenezuela puntadematavenezuela puntadematavenezuelabolivarianrepublicof puntadematawenezuela	9.69131	-63.60921	8	1	61080	PPLA2	America/Caracas	220
64	Punta Cardon	punta-cardon	3629614		Punta Cardón	Punta Cardón, Falcón, Venezuela	puntacardonbolivarianrepublicofvenezuela puntacardoncorobolivarianrepublicofvenezuela puntacardoncoroestadosunidosdevenezuela puntacardoncororepublicabolivarianadevenezuela puntacardoncororepublicadevenezuela puntacardoncororepublicofvenezuela puntacardoncorounitedstatesofvenezuela puntacardoncorovenezuela puntacardoncorovenezuelabolivarianrepublicof puntacardoncorowenezuela puntacardonestadofalconbolivarianrepublicofvenezuela puntacardonestadofalconestadosunidosdevenezuela puntacardonestadofalconrepublicabolivarianadevenezuela puntacardonestadofalconrepublicadevenezuela puntacardonestadofalconrepublicofvenezuela puntacardonestadofalconunitedstatesofvenezuela puntacardonestadofalconvenezuela puntacardonestadofalconvenezuelabolivarianrepublicof puntacardonestadofalconwenezuela puntacardonestadosunidosdevenezuela puntacardonfalconbolivarianrepublicofvenezuela puntacardonfalconestadosunidosdevenezuela puntacardonfalconrepublicabolivarianadevenezuela puntacardonfalconrepublicadevenezuela puntacardonfalconrepublicofvenezuela puntacardonfalconunitedstatesofvenezuela puntacardonfalconvenezuela puntacardonfalconvenezuelabolivarianrepublicof puntacardonfalconwenezuela puntacardonrepublicabolivarianadevenezuela puntacardonrepublicadevenezuela puntacardonrepublicofvenezuela puntacardonunitedstatesofvenezuela puntacardonvenezuela puntacardonvenezuelabolivarianrepublicof puntacardonwenezuela	11.65806	-70.21500	15	1	113999	PPL	America/Caracas	\N
65	Puerto Piritu	puerto-piritu	3629653		Puerto Píritu	Puerto Píritu, Anzoátegui, Venezuela	puertopirituanzoateguibolivarianrepublicofvenezuela puertopirituanzoateguiestadosunidosdevenezuela puertopirituanzoateguirepublicabolivarianadevenezuela puertopirituanzoateguirepublicadevenezuela puertopirituanzoateguirepublicofvenezuela puertopirituanzoateguiunitedstatesofvenezuela puertopirituanzoateguivenezuela puertopirituanzoateguivenezuelabolivarianrepublicof puertopirituanzoateguiwenezuela puertopiritubolivarianrepublicofvenezuela puertopirituestadoanzoateguibolivarianrepublicofvenezuela puertopirituestadoanzoateguiestadosunidosdevenezuela puertopirituestadoanzoateguirepublicabolivarianadevenezuela puertopirituestadoanzoateguirepublicadevenezuela puertopirituestadoanzoateguirepublicofvenezuela puertopirituestadoanzoateguiunitedstatesofvenezuela puertopirituestadoanzoateguivenezuela puertopirituestadoanzoateguivenezuelabolivarianrepublicof puertopirituestadoanzoateguiwenezuela puertopirituestadosunidosdevenezuela puertopiriturepublicabolivarianadevenezuela puertopiriturepublicadevenezuela puertopiriturepublicofvenezuela puertopirituunitedstatesofvenezuela puertopirituvenezuela puertopirituvenezuelabolivarianrepublicof puertopirituwenezuela	10.05896	-65.03698	23	1	37745	PPLA2	America/Caracas	178
67	Puerto Cumarebo	puerto-cumarebo	3629696		Puerto Cumarebo	Puerto Cumarebo, Falcón, Venezuela	puertocumarebobolivarianrepublicofvenezuela puertocumarebocorobolivarianrepublicofvenezuela puertocumarebocoroestadosunidosdevenezuela puertocumarebocororepublicabolivarianadevenezuela puertocumarebocororepublicadevenezuela puertocumarebocororepublicofvenezuela puertocumarebocorounitedstatesofvenezuela puertocumarebocorovenezuela puertocumarebocorovenezuelabolivarianrepublicof puertocumarebocorowenezuela puertocumareboestadofalconbolivarianrepublicofvenezuela puertocumareboestadofalconestadosunidosdevenezuela puertocumareboestadofalconrepublicabolivarianadevenezuela puertocumareboestadofalconrepublicadevenezuela puertocumareboestadofalconrepublicofvenezuela puertocumareboestadofalconunitedstatesofvenezuela puertocumareboestadofalconvenezuela puertocumareboestadofalconvenezuelabolivarianrepublicof puertocumareboestadofalconwenezuela puertocumareboestadosunidosdevenezuela puertocumarebofalconbolivarianrepublicofvenezuela puertocumarebofalconestadosunidosdevenezuela puertocumarebofalconrepublicabolivarianadevenezuela puertocumarebofalconrepublicadevenezuela puertocumarebofalconrepublicofvenezuela puertocumarebofalconunitedstatesofvenezuela puertocumarebofalconvenezuela puertocumarebofalconvenezuelabolivarianrepublicof puertocumarebofalconwenezuela puertocumareborepublicabolivarianadevenezuela puertocumareborepublicadevenezuela puertocumareborepublicofvenezuela puertocumarebounitedstatesofvenezuela puertocumarebovenezuela puertocumarebovenezuelabolivarianrepublicof puertocumarebowenezuela	11.48614	-69.35319	15	1	31644	PPLA2	America/Caracas	1
68	Puerto Cabello	puerto-cabello	3629706		Puerto Cabello	Puerto Cabello, Carabobo, Venezuela	puertocabellobolivarianrepublicofvenezuela puertocabellocarabobobolivarianrepublicofvenezuela puertocabellocaraboboestadosunidosdevenezuela puertocabellocaraboborepublicabolivarianadevenezuela puertocabellocaraboborepublicadevenezuela puertocabellocaraboborepublicofvenezuela puertocabellocarabobounitedstatesofvenezuela puertocabellocarabobovenezuela puertocabellocarabobovenezuelabolivarianrepublicof puertocabellocarabobowenezuela puertocabelloestadocarabobobolivarianrepublicofvenezuela puertocabelloestadocaraboboestadosunidosdevenezuela puertocabelloestadocaraboborepublicabolivarianadevenezuela puertocabelloestadocaraboborepublicadevenezuela puertocabelloestadocaraboborepublicofvenezuela puertocabelloestadocarabobounitedstatesofvenezuela puertocabelloestadocarabobovenezuela puertocabelloestadocarabobovenezuelabolivarianrepublicof puertocabelloestadocarabobowenezuela puertocabelloestadosunidosdevenezuela puertocabellorepublicabolivarianadevenezuela puertocabellorepublicadevenezuela puertocabellorepublicofvenezuela puertocabellounitedstatesofvenezuela puertocabellovenezuela puertocabellovenezuelabolivarianrepublicof puertocabellowenezuela	10.47306	-68.01250	18	1	174000	PPLA2	America/Caracas	46
69	Puerto Ayacucho	puerto-ayacucho	3629710		Puerto Ayacucho	Puerto Ayacucho, Amazonas, Venezuela	puertoayacuchoamazonasbolivarianrepublicofvenezuela puertoayacuchoamazonasestadosunidosdevenezuela puertoayacuchoamazonasrepublicabolivarianadevenezuela puertoayacuchoamazonasrepublicadevenezuela puertoayacuchoamazonasrepublicofvenezuela puertoayacuchoamazonasunitedstatesofvenezuela puertoayacuchoamazonasvenezuela puertoayacuchoamazonasvenezuelabolivarianrepublicof puertoayacuchoamazonaswenezuela puertoayacuchobolivarianrepublicofvenezuela puertoayacuchoestadoamazonasbolivarianrepublicofvenezuela puertoayacuchoestadoamazonasestadosunidosdevenezuela puertoayacuchoestadoamazonasrepublicabolivarianadevenezuela puertoayacuchoestadoamazonasrepublicadevenezuela puertoayacuchoestadoamazonasrepublicofvenezuela puertoayacuchoestadoamazonasunitedstatesofvenezuela puertoayacuchoestadoamazonasvenezuela puertoayacuchoestadoamazonasvenezuelabolivarianrepublicof puertoayacuchoestadoamazonaswenezuela puertoayacuchoestadosunidosdevenezuela puertoayacuchorepublicabolivarianadevenezuela puertoayacuchorepublicadevenezuela puertoayacuchorepublicofvenezuela puertoayacuchounitedstatesofvenezuela puertoayacuchovenezuela puertoayacuchovenezuelabolivarianrepublicof puertoayacuchowenezuela	5.66049	-67.58343	24	1	125840	PPLA	America/Caracas	140
70	Pueblo Nuevo	pueblo-nuevo	3629768		Pueblo Nuevo	Pueblo Nuevo, Falcón, Venezuela	pueblonuevobolivarianrepublicofvenezuela pueblonuevocorobolivarianrepublicofvenezuela pueblonuevocoroestadosunidosdevenezuela pueblonuevocororepublicabolivarianadevenezuela pueblonuevocororepublicadevenezuela pueblonuevocororepublicofvenezuela pueblonuevocorounitedstatesofvenezuela pueblonuevocorovenezuela pueblonuevocorovenezuelabolivarianrepublicof pueblonuevocorowenezuela pueblonuevoestadofalconbolivarianrepublicofvenezuela pueblonuevoestadofalconestadosunidosdevenezuela pueblonuevoestadofalconrepublicabolivarianadevenezuela pueblonuevoestadofalconrepublicadevenezuela pueblonuevoestadofalconrepublicofvenezuela pueblonuevoestadofalconunitedstatesofvenezuela pueblonuevoestadofalconvenezuela pueblonuevoestadofalconvenezuelabolivarianrepublicof pueblonuevoestadofalconwenezuela pueblonuevoestadosunidosdevenezuela pueblonuevofalconbolivarianrepublicofvenezuela pueblonuevofalconestadosunidosdevenezuela pueblonuevofalconrepublicabolivarianadevenezuela pueblonuevofalconrepublicadevenezuela pueblonuevofalconrepublicofvenezuela pueblonuevofalconunitedstatesofvenezuela pueblonuevofalconvenezuela pueblonuevofalconvenezuelabolivarianrepublicof pueblonuevofalconwenezuela pueblonuevorepublicabolivarianadevenezuela pueblonuevorepublicadevenezuela pueblonuevorepublicofvenezuela pueblonuevounitedstatesofvenezuela pueblonuevovenezuela pueblonuevovenezuelabolivarianrepublicof pueblonuevowenezuela	11.94788	-69.92306	15	1	18525	PPLA2	America/Caracas	\N
71	Porlamar	porlamar	3629965		Porlamar	Porlamar, Nueva Esparta, Venezuela	porlamarbolivarianrepublicofvenezuela porlamarestadonuevaespartabolivarianrepublicofvenezuela porlamarestadonuevaespartaestadosunidosdevenezuela porlamarestadonuevaespartarepublicabolivarianadevenezuela porlamarestadonuevaespartarepublicadevenezuela porlamarestadonuevaespartarepublicofvenezuela porlamarestadonuevaespartaunitedstatesofvenezuela porlamarestadonuevaespartavenezuela porlamarestadonuevaespartavenezuelabolivarianrepublicof porlamarestadonuevaespartawenezuela porlamarestadosunidosdevenezuela porlamarmargaritabolivarianrepublicofvenezuela porlamarmargaritaestadosunidosdevenezuela porlamarmargaritarepublicabolivarianadevenezuela porlamarmargaritarepublicadevenezuela porlamarmargaritarepublicofvenezuela porlamarmargaritaunitedstatesofvenezuela porlamarmargaritavenezuela porlamarmargaritavenezuelabolivarianrepublicof porlamarmargaritawenezuela porlamarnuevaespartabolivarianrepublicofvenezuela porlamarnuevaespartaestadosunidosdevenezuela porlamarnuevaespartarepublicabolivarianadevenezuela porlamarnuevaespartarepublicadevenezuela porlamarnuevaespartarepublicofvenezuela porlamarnuevaespartaunitedstatesofvenezuela porlamarnuevaespartavenezuela porlamarnuevaespartavenezuelabolivarianrepublicof porlamarnuevaespartawenezuela porlamarrepublicabolivarianadevenezuela porlamarrepublicadevenezuela porlamarrepublicofvenezuela porlamarunitedstatesofvenezuela porlamarvenezuela porlamarvenezuelabolivarianrepublicof porlamarwenezuela	10.95771	-63.86971	7	1	216234	PPLA2	America/Caracas	76
72	Piritu	piritu	3630089		Píritu	Píritu, Portuguesa, Venezuela	piritubolivarianrepublicofvenezuela pirituestadoportuguesabolivarianrepublicofvenezuela pirituestadoportuguesaestadosunidosdevenezuela pirituestadoportuguesarepublicabolivarianadevenezuela pirituestadoportuguesarepublicadevenezuela pirituestadoportuguesarepublicofvenezuela pirituestadoportuguesaunitedstatesofvenezuela pirituestadoportuguesavenezuela pirituestadoportuguesavenezuelabolivarianrepublicof pirituestadoportuguesawenezuela pirituestadosunidosdevenezuela pirituportuguesabolivarianrepublicofvenezuela pirituportuguesaestadosunidosdevenezuela pirituportuguesarepublicabolivarianadevenezuela pirituportuguesarepublicadevenezuela pirituportuguesarepublicofvenezuela pirituportuguesaunitedstatesofvenezuela pirituportuguesavenezuela pirituportuguesavenezuelabolivarianrepublicof pirituportuguesawenezuela piriturepublicabolivarianadevenezuela piriturepublicadevenezuela piriturepublicofvenezuela pirituunitedstatesofvenezuela pirituvenezuela pirituvenezuelabolivarianrepublicof pirituwenezuela	9.37083	-69.21028	6	1	43746	PPLA2	America/Caracas	107
73	Petare	petare	3630297		Petare	Petare, Miranda, Venezuela	petarebolivarianrepublicofvenezuela petareestadomirandabolivarianrepublicofvenezuela petareestadomirandaestadosunidosdevenezuela petareestadomirandarepublicabolivarianadevenezuela petareestadomirandarepublicadevenezuela petareestadomirandarepublicofvenezuela petareestadomirandaunitedstatesofvenezuela petareestadomirandavenezuela petareestadomirandavenezuelabolivarianrepublicof petareestadomirandawenezuela petareestadosunidosdevenezuela petaremirandabolivarianrepublicofvenezuela petaremirandaestadosunidosdevenezuela petaremirandarepublicabolivarianadevenezuela petaremirandarepublicadevenezuela petaremirandarepublicofvenezuela petaremirandaunitedstatesofvenezuela petaremirandavenezuela petaremirandavenezuelabolivarianrepublicof petaremirandawenezuela petarerepublicabolivarianadevenezuela petarerepublicadevenezuela petarerepublicofvenezuela petareunitedstatesofvenezuela petarevenezuela petarevenezuelabolivarianrepublicof petarewenezuela	10.47679	-66.80786	9	1	364684	PPLA2	America/Caracas	188
74	Pariaguan	pariaguan	3630687		Pariaguán	Pariaguán, Anzoátegui, Venezuela	pariaguananzoateguibolivarianrepublicofvenezuela pariaguananzoateguiestadosunidosdevenezuela pariaguananzoateguirepublicabolivarianadevenezuela pariaguananzoateguirepublicadevenezuela pariaguananzoateguirepublicofvenezuela pariaguananzoateguiunitedstatesofvenezuela pariaguananzoateguivenezuela pariaguananzoateguivenezuelabolivarianrepublicof pariaguananzoateguiwenezuela pariaguanbolivarianrepublicofvenezuela pariaguanestadoanzoateguibolivarianrepublicofvenezuela pariaguanestadoanzoateguiestadosunidosdevenezuela pariaguanestadoanzoateguirepublicabolivarianadevenezuela pariaguanestadoanzoateguirepublicadevenezuela pariaguanestadoanzoateguirepublicofvenezuela pariaguanestadoanzoateguiunitedstatesofvenezuela pariaguanestadoanzoateguivenezuela pariaguanestadoanzoateguivenezuelabolivarianrepublicof pariaguanestadoanzoateguiwenezuela pariaguanestadosunidosdevenezuela pariaguanrepublicabolivarianadevenezuela pariaguanrepublicadevenezuela pariaguanrepublicofvenezuela pariaguanunitedstatesofvenezuela pariaguanvenezuela pariaguanvenezuelabolivarianrepublicof pariaguanwenezuela	8.84357	-64.71053	23	1	40751	PPLA2	America/Caracas	180
75	Pampatar	pampatar	3630893		Pampatar	Pampatar, Nueva Esparta, Venezuela	pampatarbolivarianrepublicofvenezuela pampatarestadonuevaespartabolivarianrepublicofvenezuela pampatarestadonuevaespartaestadosunidosdevenezuela pampatarestadonuevaespartarepublicabolivarianadevenezuela pampatarestadonuevaespartarepublicadevenezuela pampatarestadonuevaespartarepublicofvenezuela pampatarestadonuevaespartaunitedstatesofvenezuela pampatarestadonuevaespartavenezuela pampatarestadonuevaespartavenezuelabolivarianrepublicof pampatarestadonuevaespartawenezuela pampatarestadosunidosdevenezuela pampatarmargaritabolivarianrepublicofvenezuela pampatarmargaritaestadosunidosdevenezuela pampatarmargaritarepublicabolivarianadevenezuela pampatarmargaritarepublicadevenezuela pampatarmargaritarepublicofvenezuela pampatarmargaritaunitedstatesofvenezuela pampatarmargaritavenezuela pampatarmargaritavenezuelabolivarianrepublicof pampatarmargaritawenezuela pampatarnuevaespartabolivarianrepublicofvenezuela pampatarnuevaespartaestadosunidosdevenezuela pampatarnuevaespartarepublicabolivarianadevenezuela pampatarnuevaespartarepublicadevenezuela pampatarnuevaespartarepublicofvenezuela pampatarnuevaespartaunitedstatesofvenezuela pampatarnuevaespartavenezuela pampatarnuevaespartavenezuelabolivarianrepublicof pampatarnuevaespartawenezuela pampatarrepublicabolivarianadevenezuela pampatarrepublicadevenezuela pampatarrepublicofvenezuela pampatarunitedstatesofvenezuela pampatarvenezuela pampatarvenezuelabolivarianrepublicof pampatarwenezuela	11.00122	-63.79297	7	1	64983	PPLA2	America/Caracas	80
76	Pampanito	pampanito	3630894		Pampanito	Pampanito, Trujillo, Venezuela	pampanitobolivarianrepublicofvenezuela pampanitoestadosunidosdevenezuela pampanitoestadotrujillobolivarianrepublicofvenezuela pampanitoestadotrujilloestadosunidosdevenezuela pampanitoestadotrujillorepublicabolivarianadevenezuela pampanitoestadotrujillorepublicadevenezuela pampanitoestadotrujillorepublicofvenezuela pampanitoestadotrujillounitedstatesofvenezuela pampanitoestadotrujillovenezuela pampanitoestadotrujillovenezuelabolivarianrepublicof pampanitoestadotrujillowenezuela pampanitorepublicabolivarianadevenezuela pampanitorepublicadevenezuela pampanitorepublicofvenezuela pampanitotrujillobolivarianrepublicofvenezuela pampanitotrujilloestadosunidosdevenezuela pampanitotrujillorepublicabolivarianadevenezuela pampanitotrujillorepublicadevenezuela pampanitotrujillorepublicofvenezuela pampanitotrujillounitedstatesofvenezuela pampanitotrujillovenezuela pampanitotrujillovenezuelabolivarianrepublicof pampanitotrujillowenezuela pampanitounitedstatesofvenezuela pampanitovenezuela pampanitovenezuelabolivarianrepublicof pampanitowenezuela	9.41037	-70.50116	3	1	35847	PPLA2	America/Caracas	326
77	Pampan	pampan	3630896		Pampán	Pampán, Trujillo, Venezuela	pampanbolivarianrepublicofvenezuela pampanestadosunidosdevenezuela pampanestadotrujillobolivarianrepublicofvenezuela pampanestadotrujilloestadosunidosdevenezuela pampanestadotrujillorepublicabolivarianadevenezuela pampanestadotrujillorepublicadevenezuela pampanestadotrujillorepublicofvenezuela pampanestadotrujillounitedstatesofvenezuela pampanestadotrujillovenezuela pampanestadotrujillovenezuelabolivarianrepublicof pampanestadotrujillowenezuela pampanrepublicabolivarianadevenezuela pampanrepublicadevenezuela pampanrepublicofvenezuela pampantrujillobolivarianrepublicofvenezuela pampantrujilloestadosunidosdevenezuela pampantrujillorepublicabolivarianadevenezuela pampantrujillorepublicadevenezuela pampantrujillorepublicofvenezuela pampantrujillounitedstatesofvenezuela pampantrujillovenezuela pampantrujillovenezuelabolivarianrepublicof pampantrujillowenezuela pampanunitedstatesofvenezuela pampanvenezuela pampanvenezuelabolivarianrepublicof pampanwenezuela	9.44519	-70.47556	3	1	59657	PPLA2	America/Caracas	177
78	Palo Negro	palo-negro	3630932		Palo Negro	Palo Negro, Aragua, Venezuela	palonegroaraguabolivarianrepublicofvenezuela palonegroaraguaestadosunidosdevenezuela palonegroaraguarepublicabolivarianadevenezuela palonegroaraguarepublicadevenezuela palonegroaraguarepublicofvenezuela palonegroaraguaunitedstatesofvenezuela palonegroaraguavenezuela palonegroaraguavenezuelabolivarianrepublicof palonegroaraguawenezuela palonegrobolivarianrepublicofvenezuela palonegroestadoaraguabolivarianrepublicofvenezuela palonegroestadoaraguaestadosunidosdevenezuela palonegroestadoaraguarepublicabolivarianadevenezuela palonegroestadoaraguarepublicadevenezuela palonegroestadoaraguarepublicofvenezuela palonegroestadoaraguaunitedstatesofvenezuela palonegroestadoaraguavenezuela palonegroestadoaraguavenezuelabolivarianrepublicof palonegroestadoaraguawenezuela palonegroestadosunidosdevenezuela palonegrorepublicabolivarianadevenezuela palonegrorepublicadevenezuela palonegrorepublicofvenezuela palonegrounitedstatesofvenezuela palonegrovenezuela palonegrovenezuelabolivarianrepublicof palonegrowenezuela	10.17389	-67.54194	21	1	128875	PPLA2	America/Caracas	250
79	Palmira	palmira	3630982		Palmira	Palmira, Táchira, Venezuela	palmirabolivarianrepublicofvenezuela palmiraestadosunidosdevenezuela palmiraestadotachirabolivarianrepublicofvenezuela palmiraestadotachiraestadosunidosdevenezuela palmiraestadotachirarepublicabolivarianadevenezuela palmiraestadotachirarepublicadevenezuela palmiraestadotachirarepublicofvenezuela palmiraestadotachiraunitedstatesofvenezuela palmiraestadotachiravenezuela palmiraestadotachiravenezuelabolivarianrepublicof palmiraestadotachirawenezuela palmirarepublicabolivarianadevenezuela palmirarepublicadevenezuela palmirarepublicofvenezuela palmiratachirabolivarianrepublicofvenezuela palmiratachiraestadosunidosdevenezuela palmiratachirarepublicabolivarianadevenezuela palmiratachirarepublicadevenezuela palmiratachirarepublicofvenezuela palmiratachiraunitedstatesofvenezuela palmiratachiravenezuela palmiratachiravenezuelabolivarianrepublicof palmiratachirawenezuela palmiraunitedstatesofvenezuela palmiravenezuela palmiravenezuelabolivarianrepublicof palmirawenezuela	7.83730	-72.22802	4	1	48087	PPLA2	America/Caracas	246
80	Ospino	ospino	3631208		Ospino	Ospino, Portuguesa, Venezuela	ospinobolivarianrepublicofvenezuela ospinoestadoportuguesabolivarianrepublicofvenezuela ospinoestadoportuguesaestadosunidosdevenezuela ospinoestadoportuguesarepublicabolivarianadevenezuela ospinoestadoportuguesarepublicadevenezuela ospinoestadoportuguesarepublicofvenezuela ospinoestadoportuguesaunitedstatesofvenezuela ospinoestadoportuguesavenezuela ospinoestadoportuguesavenezuelabolivarianrepublicof ospinoestadoportuguesawenezuela ospinoestadosunidosdevenezuela ospinoportuguesabolivarianrepublicofvenezuela ospinoportuguesaestadosunidosdevenezuela ospinoportuguesarepublicabolivarianadevenezuela ospinoportuguesarepublicadevenezuela ospinoportuguesarepublicofvenezuela ospinoportuguesaunitedstatesofvenezuela ospinoportuguesavenezuela ospinoportuguesavenezuelabolivarianrepublicof ospinoportuguesawenezuela ospinorepublicabolivarianadevenezuela ospinorepublicadevenezuela ospinorepublicofvenezuela ospinounitedstatesofvenezuela ospinovenezuela ospinovenezuelabolivarianrepublicof ospinowenezuela	9.29572	-69.45434	6	1	33547	PPLA2	America/Caracas	62
81	Ocumare del Tuy	ocumare-del-tuy	3631412		Ocumare del Tuy	Ocumare del Tuy, Miranda, Venezuela	ocumaredeltuybolivarianrepublicofvenezuela ocumaredeltuyestadomirandabolivarianrepublicofvenezuela ocumaredeltuyestadomirandaestadosunidosdevenezuela ocumaredeltuyestadomirandarepublicabolivarianadevenezuela ocumaredeltuyestadomirandarepublicadevenezuela ocumaredeltuyestadomirandarepublicofvenezuela ocumaredeltuyestadomirandaunitedstatesofvenezuela ocumaredeltuyestadomirandavenezuela ocumaredeltuyestadomirandavenezuelabolivarianrepublicof ocumaredeltuyestadomirandawenezuela ocumaredeltuyestadosunidosdevenezuela ocumaredeltuymirandabolivarianrepublicofvenezuela ocumaredeltuymirandaestadosunidosdevenezuela ocumaredeltuymirandarepublicabolivarianadevenezuela ocumaredeltuymirandarepublicadevenezuela ocumaredeltuymirandarepublicofvenezuela ocumaredeltuymirandaunitedstatesofvenezuela ocumaredeltuymirandavenezuela ocumaredeltuymirandavenezuelabolivarianrepublicof ocumaredeltuymirandawenezuela ocumaredeltuyrepublicabolivarianadevenezuela ocumaredeltuyrepublicadevenezuela ocumaredeltuyrepublicofvenezuela ocumaredeltuyunitedstatesofvenezuela ocumaredeltuyvenezuela ocumaredeltuyvenezuelabolivarianrepublicof ocumaredeltuywenezuela	10.11820	-66.77513	9	1	166072	PPLA2	America/Caracas	86
82	Obispos	obispos	3631431		Obispos	Obispos, Barinas, Venezuela	obisposbarinasbolivarianrepublicofvenezuela obisposbarinasestadosunidosdevenezuela obisposbarinasrepublicabolivarianadevenezuela obisposbarinasrepublicadevenezuela obisposbarinasrepublicofvenezuela obisposbarinasunitedstatesofvenezuela obisposbarinasvenezuela obisposbarinasvenezuelabolivarianrepublicof obisposbarinaswenezuela obisposbolivarianrepublicofvenezuela obisposestadobarinasbolivarianrepublicofvenezuela obisposestadobarinasestadosunidosdevenezuela obisposestadobarinasrepublicabolivarianadevenezuela obisposestadobarinasrepublicadevenezuela obisposestadobarinasrepublicofvenezuela obisposestadobarinasunitedstatesofvenezuela obisposestadobarinasvenezuela obisposestadobarinasvenezuelabolivarianrepublicof obisposestadobarinaswenezuela obisposestadosunidosdevenezuela obisposrepublicabolivarianadevenezuela obisposrepublicadevenezuela obisposrepublicofvenezuela obisposunitedstatesofvenezuela obisposvenezuela obisposvenezuelabolivarianrepublicof obisposwenezuela	8.60701	-70.10489	20	1	17440	PPLA2	America/Caracas	63
83	Nueva Bolivia	nueva-bolivia	3631465		Nueva Bolivia	Nueva Bolivia, Mérida, Venezuela	nuevaboliviabolivarianrepublicofvenezuela nuevaboliviaestadomeridabolivarianrepublicofvenezuela nuevaboliviaestadomeridaestadosunidosdevenezuela nuevaboliviaestadomeridarepublicabolivarianadevenezuela nuevaboliviaestadomeridarepublicadevenezuela nuevaboliviaestadomeridarepublicofvenezuela nuevaboliviaestadomeridaunitedstatesofvenezuela nuevaboliviaestadomeridavenezuela nuevaboliviaestadomeridavenezuelabolivarianrepublicof nuevaboliviaestadomeridawenezuela nuevaboliviaestadosunidosdevenezuela nuevaboliviameridabolivarianrepublicofvenezuela nuevaboliviameridaestadosunidosdevenezuela nuevaboliviameridarepublicabolivarianadevenezuela nuevaboliviameridarepublicadevenezuela nuevaboliviameridarepublicofvenezuela nuevaboliviameridaunitedstatesofvenezuela nuevaboliviameridavenezuela nuevaboliviameridavenezuelabolivarianrepublicof nuevaboliviameridawenezuela nuevaboliviarepublicabolivarianadevenezuela nuevaboliviarepublicadevenezuela nuevaboliviarepublicofvenezuela nuevaboliviaunitedstatesofvenezuela nuevaboliviavenezuela nuevaboliviavenezuelabolivarianrepublicof nuevaboliviawenezuela	9.14007	-71.09143	10	1	19885	PPLA2	America/Caracas	249
84	Nirgua	nirgua	3631507		Nirgua	Nirgua, Yaracuy, Venezuela	nirguabolivarianrepublicofvenezuela nirguaestadosunidosdevenezuela nirguaestadoyaracuybolivarianrepublicofvenezuela nirguaestadoyaracuyestadosunidosdevenezuela nirguaestadoyaracuyrepublicabolivarianadevenezuela nirguaestadoyaracuyrepublicadevenezuela nirguaestadoyaracuyrepublicofvenezuela nirguaestadoyaracuyunitedstatesofvenezuela nirguaestadoyaracuyvenezuela nirguaestadoyaracuyvenezuelabolivarianrepublicof nirguaestadoyaracuywenezuela nirguarepublicabolivarianadevenezuela nirguarepublicadevenezuela nirguarepublicofvenezuela nirguaunitedstatesofvenezuela nirguavenezuela nirguavenezuelabolivarianrepublicof nirguawenezuela nirguayaracuybolivarianrepublicofvenezuela nirguayaracuyestadosunidosdevenezuela nirguayaracuyrepublicabolivarianadevenezuela nirguayaracuyrepublicadevenezuela nirguayaracuyrepublicofvenezuela nirguayaracuyunitedstatesofvenezuela nirguayaracuyvenezuela nirguayaracuyvenezuelabolivarianrepublicof nirguayaracuywenezuela	10.15039	-68.56478	2	1	54080	PPLA2	America/Caracas	64
85	Motatan	motatan	3631791		Motatán	Motatán, Trujillo, Venezuela	motatanbolivarianrepublicofvenezuela motatanestadosunidosdevenezuela motatanestadotrujillobolivarianrepublicofvenezuela motatanestadotrujilloestadosunidosdevenezuela motatanestadotrujillorepublicabolivarianadevenezuela motatanestadotrujillorepublicadevenezuela motatanestadotrujillorepublicofvenezuela motatanestadotrujillounitedstatesofvenezuela motatanestadotrujillovenezuela motatanestadotrujillovenezuelabolivarianrepublicof motatanestadotrujillowenezuela motatanrepublicabolivarianadevenezuela motatanrepublicadevenezuela motatanrepublicofvenezuela motatantrujillobolivarianrepublicofvenezuela motatantrujilloestadosunidosdevenezuela motatantrujillorepublicabolivarianadevenezuela motatantrujillorepublicadevenezuela motatantrujillorepublicofvenezuela motatantrujillounitedstatesofvenezuela motatantrujillovenezuela motatantrujillovenezuelabolivarianrepublicof motatantrujillowenezuela motatanunitedstatesofvenezuela motatanvenezuela motatanvenezuelabolivarianrepublicof motatanwenezuela	9.39182	-70.59061	3	1	25437	PPLA2	America/Caracas	181
86	Moron	moron	3631878		Morón	Morón, Carabobo, Venezuela	moronbolivarianrepublicofvenezuela moroncarabobobolivarianrepublicofvenezuela moroncaraboboestadosunidosdevenezuela moroncaraboborepublicabolivarianadevenezuela moroncaraboborepublicadevenezuela moroncaraboborepublicofvenezuela moroncarabobounitedstatesofvenezuela moroncarabobovenezuela moroncarabobovenezuelabolivarianrepublicof moroncarabobowenezuela moronestadocarabobobolivarianrepublicofvenezuela moronestadocaraboboestadosunidosdevenezuela moronestadocaraboborepublicabolivarianadevenezuela moronestadocaraboborepublicadevenezuela moronestadocaraboborepublicofvenezuela moronestadocarabobounitedstatesofvenezuela moronestadocarabobovenezuela moronestadocarabobovenezuelabolivarianrepublicof moronestadocarabobowenezuela moronestadosunidosdevenezuela moronrepublicabolivarianadevenezuela moronrepublicadevenezuela moronrepublicofvenezuela moronunitedstatesofvenezuela moronvenezuela moronvenezuelabolivarianrepublicof moronwenezuela	10.48715	-68.20078	18	1	68084	PPLA2	America/Caracas	185
87	Montalban	montalban	3632072		Montalbán	Montalbán, Carabobo, Venezuela	montalbanbolivarianrepublicofvenezuela montalbancarabobobolivarianrepublicofvenezuela montalbancaraboboestadosunidosdevenezuela montalbancaraboborepublicabolivarianadevenezuela montalbancaraboborepublicadevenezuela montalbancaraboborepublicofvenezuela montalbancarabobounitedstatesofvenezuela montalbancarabobovenezuela montalbancarabobovenezuelabolivarianrepublicof montalbancarabobowenezuela montalbanestadocarabobobolivarianrepublicofvenezuela montalbanestadocaraboboestadosunidosdevenezuela montalbanestadocaraboborepublicabolivarianadevenezuela montalbanestadocaraboborepublicadevenezuela montalbanestadocaraboborepublicofvenezuela montalbanestadocarabobounitedstatesofvenezuela montalbanestadocarabobovenezuela montalbanestadocarabobovenezuelabolivarianrepublicof montalbanestadocarabobowenezuela montalbanestadosunidosdevenezuela montalbanrepublicabolivarianadevenezuela montalbanrepublicadevenezuela montalbanrepublicofvenezuela montalbanunitedstatesofvenezuela montalbanvenezuela montalbanvenezuelabolivarianrepublicof montalbanwenezuela	10.21313	-68.32669	18	1	29451	PPLA2	America/Caracas	68
88	Miranda	miranda	3632198		Miranda	Miranda, Carabobo, Venezuela	mirandabolivarianrepublicofvenezuela mirandacarabobobolivarianrepublicofvenezuela mirandacaraboboestadosunidosdevenezuela mirandacaraboborepublicabolivarianadevenezuela mirandacaraboborepublicadevenezuela mirandacaraboborepublicofvenezuela mirandacarabobounitedstatesofvenezuela mirandacarabobovenezuela mirandacarabobovenezuelabolivarianrepublicof mirandacarabobowenezuela mirandaestadocarabobobolivarianrepublicofvenezuela mirandaestadocaraboboestadosunidosdevenezuela mirandaestadocaraboborepublicabolivarianadevenezuela mirandaestadocaraboborepublicadevenezuela mirandaestadocaraboborepublicofvenezuela mirandaestadocarabobounitedstatesofvenezuela mirandaestadocarabobovenezuela mirandaestadocarabobovenezuelabolivarianrepublicof mirandaestadocarabobowenezuela mirandaestadosunidosdevenezuela mirandarepublicabolivarianadevenezuela mirandarepublicadevenezuela mirandarepublicofvenezuela mirandaunitedstatesofvenezuela mirandavenezuela mirandavenezuelabolivarianrepublicof mirandawenezuela	10.15077	-68.39325	18	1	32907	PPLA2	America/Caracas	253
131	El Pao	el-pao	3642260		El Pao	El Pao, Cojedes, Venezuela	elpaobolivarianrepublicofvenezuela elpaocojedesbolivarianrepublicofvenezuela elpaocojedesestadosunidosdevenezuela elpaocojedesrepublicabolivarianadevenezuela elpaocojedesrepublicadevenezuela elpaocojedesrepublicofvenezuela elpaocojedesunitedstatesofvenezuela elpaocojedesvenezuela elpaocojedesvenezuelabolivarianrepublicof elpaocojedeswenezuela elpaoestadocojedesbolivarianrepublicofvenezuela elpaoestadocojedesestadosunidosdevenezuela elpaoestadocojedesrepublicabolivarianadevenezuela elpaoestadocojedesrepublicadevenezuela elpaoestadocojedesrepublicofvenezuela elpaoestadocojedesunitedstatesofvenezuela elpaoestadocojedesvenezuela elpaoestadocojedesvenezuelabolivarianrepublicof elpaoestadocojedeswenezuela elpaoestadosunidosdevenezuela elpaorepublicabolivarianadevenezuela elpaorepublicadevenezuela elpaorepublicofvenezuela elpaounitedstatesofvenezuela elpaovenezuela elpaovenezuelabolivarianrepublicof elpaowenezuela	9.63926	-68.12917	17	1	18520	PPLA2	America/Caracas	203
89	Michelena	michelena	3632260		Michelena	Michelena, Táchira, Venezuela	michelenabolivarianrepublicofvenezuela michelenaestadosunidosdevenezuela michelenaestadotachirabolivarianrepublicofvenezuela michelenaestadotachiraestadosunidosdevenezuela michelenaestadotachirarepublicabolivarianadevenezuela michelenaestadotachirarepublicadevenezuela michelenaestadotachirarepublicofvenezuela michelenaestadotachiraunitedstatesofvenezuela michelenaestadotachiravenezuela michelenaestadotachiravenezuelabolivarianrepublicof michelenaestadotachirawenezuela michelenarepublicabolivarianadevenezuela michelenarepublicadevenezuela michelenarepublicofvenezuela michelenatachirabolivarianrepublicofvenezuela michelenatachiraestadosunidosdevenezuela michelenatachirarepublicabolivarianadevenezuela michelenatachirarepublicadevenezuela michelenatachirarepublicofvenezuela michelenatachiraunitedstatesofvenezuela michelenatachiravenezuela michelenatachiravenezuelabolivarianrepublicof michelenatachirawenezuela michelenaunitedstatesofvenezuela michelenavenezuela michelenavenezuelabolivarianrepublicof michelenawenezuela	7.95655	-72.24299	4	1	20539	PPLA2	America/Caracas	72
90	Merida	merida	3632308		Mérida	Mérida, Mérida, Venezuela	meridabolivarianrepublicofvenezuela meridaestadomeridabolivarianrepublicofvenezuela meridaestadomeridaestadosunidosdevenezuela meridaestadomeridarepublicabolivarianadevenezuela meridaestadomeridarepublicadevenezuela meridaestadomeridarepublicofvenezuela meridaestadomeridaunitedstatesofvenezuela meridaestadomeridavenezuela meridaestadomeridavenezuelabolivarianrepublicof meridaestadomeridawenezuela meridaestadosunidosdevenezuela meridameridabolivarianrepublicofvenezuela meridameridaestadosunidosdevenezuela meridameridarepublicabolivarianadevenezuela meridameridarepublicadevenezuela meridameridarepublicofvenezuela meridameridaunitedstatesofvenezuela meridameridavenezuela meridameridavenezuelabolivarianrepublicof meridameridawenezuela meridarepublicabolivarianadevenezuela meridarepublicadevenezuela meridarepublicofvenezuela meridaunitedstatesofvenezuela meridavenezuela meridavenezuelabolivarianrepublicof meridawenezuela	8.58972	-71.15611	10	1	300000	PPLA	America/Caracas	83
91	Mene Grande	mene-grande	3632399		Mene Grande	Mene Grande, Zulia, Venezuela	menegrandebolivarianrepublicofvenezuela menegrandeestadosunidosdevenezuela menegrandeestadozuliabolivarianrepublicofvenezuela menegrandeestadozuliaestadosunidosdevenezuela menegrandeestadozuliarepublicabolivarianadevenezuela menegrandeestadozuliarepublicadevenezuela menegrandeestadozuliarepublicofvenezuela menegrandeestadozuliaunitedstatesofvenezuela menegrandeestadozuliavenezuela menegrandeestadozuliavenezuelabolivarianrepublicof menegrandeestadozuliawenezuela menegranderepublicabolivarianadevenezuela menegranderepublicadevenezuela menegranderepublicofvenezuela menegrandeunitedstatesofvenezuela menegrandevenezuela menegrandevenezuelabolivarianrepublicof menegrandewenezuela menegrandezuliabolivarianrepublicofvenezuela menegrandezuliaestadosunidosdevenezuela menegrandezuliarepublicabolivarianadevenezuela menegrandezuliarepublicadevenezuela menegrandezuliarepublicofvenezuela menegrandezuliaunitedstatesofvenezuela menegrandezuliavenezuela menegrandezuliavenezuelabolivarianrepublicof menegrandezuliawenezuela	9.84639	-70.92655	1	1	60580	PPL	America/Caracas	\N
92	Mene de Mauroa	mene-de-mauroa	3632401		Mene de Mauroa	Mene de Mauroa, Falcón, Venezuela	menedemauroabolivarianrepublicofvenezuela menedemauroacorobolivarianrepublicofvenezuela menedemauroacoroestadosunidosdevenezuela menedemauroacororepublicabolivarianadevenezuela menedemauroacororepublicadevenezuela menedemauroacororepublicofvenezuela menedemauroacorounitedstatesofvenezuela menedemauroacorovenezuela menedemauroacorovenezuelabolivarianrepublicof menedemauroacorowenezuela menedemauroaestadofalconbolivarianrepublicofvenezuela menedemauroaestadofalconestadosunidosdevenezuela menedemauroaestadofalconrepublicabolivarianadevenezuela menedemauroaestadofalconrepublicadevenezuela menedemauroaestadofalconrepublicofvenezuela menedemauroaestadofalconunitedstatesofvenezuela menedemauroaestadofalconvenezuela menedemauroaestadofalconvenezuelabolivarianrepublicof menedemauroaestadofalconwenezuela menedemauroaestadosunidosdevenezuela menedemauroafalconbolivarianrepublicofvenezuela menedemauroafalconestadosunidosdevenezuela menedemauroafalconrepublicabolivarianadevenezuela menedemauroafalconrepublicadevenezuela menedemauroafalconrepublicofvenezuela menedemauroafalconunitedstatesofvenezuela menedemauroafalconvenezuela menedemauroafalconvenezuelabolivarianrepublicof menedemauroafalconwenezuela menedemauroarepublicabolivarianadevenezuela menedemauroarepublicadevenezuela menedemauroarepublicofvenezuela menedemauroaunitedstatesofvenezuela menedemauroavenezuela menedemauroavenezuelabolivarianrepublicof menedemauroawenezuela	10.68091	-71.03609	15	1	19174	PPLA2	America/Caracas	74
93	Mariara	mariara	3632929		Mariara	Mariara, Carabobo, Venezuela	mariarabolivarianrepublicofvenezuela mariaracarabobobolivarianrepublicofvenezuela mariaracaraboboestadosunidosdevenezuela mariaracaraboborepublicabolivarianadevenezuela mariaracaraboborepublicadevenezuela mariaracaraboborepublicofvenezuela mariaracarabobounitedstatesofvenezuela mariaracarabobovenezuela mariaracarabobovenezuelabolivarianrepublicof mariaracarabobowenezuela mariaraestadocarabobobolivarianrepublicofvenezuela mariaraestadocaraboboestadosunidosdevenezuela mariaraestadocaraboborepublicabolivarianadevenezuela mariaraestadocaraboborepublicadevenezuela mariaraestadocaraboborepublicofvenezuela mariaraestadocarabobounitedstatesofvenezuela mariaraestadocarabobovenezuela mariaraestadocarabobovenezuelabolivarianrepublicof mariaraestadocarabobowenezuela mariaraestadosunidosdevenezuela mariararepublicabolivarianadevenezuela mariararepublicadevenezuela mariararepublicofvenezuela mariaraunitedstatesofvenezuela mariaravenezuela mariaravenezuelabolivarianrepublicof mariarawenezuela	10.29532	-67.71770	18	1	116142	PPLA2	America/Caracas	254
94	Maracay	maracay	3632998		Maracay	Maracay, Aragua, Venezuela	maracayaraguabolivarianrepublicofvenezuela maracayaraguaestadosunidosdevenezuela maracayaraguarepublicabolivarianadevenezuela maracayaraguarepublicadevenezuela maracayaraguarepublicofvenezuela maracayaraguaunitedstatesofvenezuela maracayaraguavenezuela maracayaraguavenezuelabolivarianrepublicof maracayaraguawenezuela maracaybolivarianrepublicofvenezuela maracayestadoaraguabolivarianrepublicofvenezuela maracayestadoaraguaestadosunidosdevenezuela maracayestadoaraguarepublicabolivarianadevenezuela maracayestadoaraguarepublicadevenezuela maracayestadoaraguarepublicofvenezuela maracayestadoaraguaunitedstatesofvenezuela maracayestadoaraguavenezuela maracayestadoaraguavenezuelabolivarianrepublicof maracayestadoaraguawenezuela maracayestadosunidosdevenezuela maracayrepublicabolivarianadevenezuela maracayrepublicadevenezuela maracayrepublicofvenezuela maracayunitedstatesofvenezuela maracayvenezuela maracayvenezuelabolivarianrepublicof maracaywenezuela	10.23535	-67.59113	21	1	1754256	PPLA	America/Caracas	100
95	Maracaibo	maracaibo	3633009		Maracaibo	Maracaibo, Zulia, Venezuela	maracaibobolivarianrepublicofvenezuela maracaiboestadosunidosdevenezuela maracaiboestadozuliabolivarianrepublicofvenezuela maracaiboestadozuliaestadosunidosdevenezuela maracaiboestadozuliarepublicabolivarianadevenezuela maracaiboestadozuliarepublicadevenezuela maracaiboestadozuliarepublicofvenezuela maracaiboestadozuliaunitedstatesofvenezuela maracaiboestadozuliavenezuela maracaiboestadozuliavenezuelabolivarianrepublicof maracaiboestadozuliawenezuela maracaiborepublicabolivarianadevenezuela maracaiborepublicadevenezuela maracaiborepublicofvenezuela maracaibounitedstatesofvenezuela maracaibovenezuela maracaibovenezuelabolivarianrepublicof maracaibowenezuela maracaibozuliabolivarianrepublicofvenezuela maracaibozuliaestadosunidosdevenezuela maracaibozuliarepublicabolivarianadevenezuela maracaibozuliarepublicadevenezuela maracaibozuliarepublicofvenezuela maracaibozuliaunitedstatesofvenezuela maracaibozuliavenezuela maracaibozuliavenezuelabolivarianrepublicof maracaibozuliawenezuela	10.66663	-71.61245	1	1	2225000	PPLA	America/Caracas	78
96	Mamporal	mamporal	3633248		Mamporal	Mamporal, Miranda, Venezuela	mamporalbolivarianrepublicofvenezuela mamporalestadomirandabolivarianrepublicofvenezuela mamporalestadomirandaestadosunidosdevenezuela mamporalestadomirandarepublicabolivarianadevenezuela mamporalestadomirandarepublicadevenezuela mamporalestadomirandarepublicofvenezuela mamporalestadomirandaunitedstatesofvenezuela mamporalestadomirandavenezuela mamporalestadomirandavenezuelabolivarianrepublicof mamporalestadomirandawenezuela mamporalestadosunidosdevenezuela mamporalmirandabolivarianrepublicofvenezuela mamporalmirandaestadosunidosdevenezuela mamporalmirandarepublicabolivarianadevenezuela mamporalmirandarepublicadevenezuela mamporalmirandarepublicofvenezuela mamporalmirandaunitedstatesofvenezuela mamporalmirandavenezuela mamporalmirandavenezuelabolivarianrepublicof mamporalmirandawenezuela mamporalrepublicabolivarianadevenezuela mamporalrepublicadevenezuela mamporalrepublicofvenezuela mamporalunitedstatesofvenezuela mamporalvenezuela mamporalvenezuelabolivarianrepublicof mamporalwenezuela	10.36556	-66.13391	9	1	30918	PPLA2	America/Caracas	201
97	Maiquetia	maiquetia	3633341		Maiquetía	Maiquetía, Vargas, Venezuela	maiquetiabolivarianrepublicofvenezuela maiquetiaestadolaguairabolivarianrepublicofvenezuela maiquetiaestadolaguairaestadosunidosdevenezuela maiquetiaestadolaguairarepublicabolivarianadevenezuela maiquetiaestadolaguairarepublicadevenezuela maiquetiaestadolaguairarepublicofvenezuela maiquetiaestadolaguairaunitedstatesofvenezuela maiquetiaestadolaguairavenezuela maiquetiaestadolaguairavenezuelabolivarianrepublicof maiquetiaestadolaguairawenezuela maiquetiaestadosunidosdevenezuela maiquetialaguairabolivarianrepublicofvenezuela maiquetialaguairaestadosunidosdevenezuela maiquetialaguairarepublicabolivarianadevenezuela maiquetialaguairarepublicadevenezuela maiquetialaguairarepublicofvenezuela maiquetialaguairaunitedstatesofvenezuela maiquetialaguairavenezuela maiquetialaguairavenezuelabolivarianrepublicof maiquetialaguairawenezuela maiquetiarepublicabolivarianadevenezuela maiquetiarepublicadevenezuela maiquetiarepublicofvenezuela maiquetiaunitedstatesofvenezuela maiquetiavargasbolivarianrepublicofvenezuela maiquetiavargasestadosunidosdevenezuela maiquetiavargasrepublicabolivarianadevenezuela maiquetiavargasrepublicadevenezuela maiquetiavargasrepublicofvenezuela maiquetiavargasunitedstatesofvenezuela maiquetiavargasvenezuela maiquetiavargasvenezuelabolivarianrepublicof maiquetiavargaswenezuela maiquetiavenezuela maiquetiavenezuelabolivarianrepublicof maiquetiawenezuela	10.59450	-66.95624	25	1	52564	PPLA3	America/Caracas	\N
98	Machiques	machiques	3633444		Machiques	Machiques, Zulia, Venezuela	machiquesbolivarianrepublicofvenezuela machiquesestadosunidosdevenezuela machiquesestadozuliabolivarianrepublicofvenezuela machiquesestadozuliaestadosunidosdevenezuela machiquesestadozuliarepublicabolivarianadevenezuela machiquesestadozuliarepublicadevenezuela machiquesestadozuliarepublicofvenezuela machiquesestadozuliaunitedstatesofvenezuela machiquesestadozuliavenezuela machiquesestadozuliavenezuelabolivarianrepublicof machiquesestadozuliawenezuela machiquesrepublicabolivarianadevenezuela machiquesrepublicadevenezuela machiquesrepublicofvenezuela machiquesunitedstatesofvenezuela machiquesvenezuela machiquesvenezuelabolivarianrepublicof machiqueswenezuela machiqueszuliabolivarianrepublicofvenezuela machiqueszuliaestadosunidosdevenezuela machiqueszuliarepublicabolivarianadevenezuela machiqueszuliarepublicadevenezuela machiqueszuliarepublicofvenezuela machiqueszuliaunitedstatesofvenezuela machiqueszuliavenezuela machiqueszuliavenezuelabolivarianrepublicof machiqueszuliawenezuela	10.06077	-72.55212	1	1	89119	PPLA2	America/Caracas	211
99	Los Teques	los-teques	3633622		Los Teques	Los Teques, Miranda, Venezuela	lostequesbolivarianrepublicofvenezuela lostequesestadomirandabolivarianrepublicofvenezuela lostequesestadomirandaestadosunidosdevenezuela lostequesestadomirandarepublicabolivarianadevenezuela lostequesestadomirandarepublicadevenezuela lostequesestadomirandarepublicofvenezuela lostequesestadomirandaunitedstatesofvenezuela lostequesestadomirandavenezuela lostequesestadomirandavenezuelabolivarianrepublicof lostequesestadomirandawenezuela lostequesestadosunidosdevenezuela lostequesmirandabolivarianrepublicofvenezuela lostequesmirandaestadosunidosdevenezuela lostequesmirandarepublicabolivarianadevenezuela lostequesmirandarepublicadevenezuela lostequesmirandarepublicofvenezuela lostequesmirandaunitedstatesofvenezuela lostequesmirandavenezuela lostequesmirandavenezuelabolivarianrepublicof lostequesmirandawenezuela lostequesrepublicabolivarianadevenezuela lostequesrepublicadevenezuela lostequesrepublicofvenezuela lostequesunitedstatesofvenezuela lostequesvenezuela lostequesvenezuelabolivarianrepublicof lostequeswenezuela	10.34447	-67.04325	9	1	140617	PPLA	America/Caracas	97
100	Los Rastrojos	los-rastrojos	3633677		Los Rastrojos	Los Rastrojos, Lara, Venezuela	losrastrojosbarquisimetobolivarianrepublicofvenezuela losrastrojosbarquisimetoestadosunidosdevenezuela losrastrojosbarquisimetorepublicabolivarianadevenezuela losrastrojosbarquisimetorepublicadevenezuela losrastrojosbarquisimetorepublicofvenezuela losrastrojosbarquisimetounitedstatesofvenezuela losrastrojosbarquisimetovenezuela losrastrojosbarquisimetovenezuelabolivarianrepublicof losrastrojosbarquisimetowenezuela losrastrojosbolivarianrepublicofvenezuela losrastrojosestadolarabolivarianrepublicofvenezuela losrastrojosestadolaraestadosunidosdevenezuela losrastrojosestadolararepublicabolivarianadevenezuela losrastrojosestadolararepublicadevenezuela losrastrojosestadolararepublicofvenezuela losrastrojosestadolaraunitedstatesofvenezuela losrastrojosestadolaravenezuela losrastrojosestadolaravenezuelabolivarianrepublicof losrastrojosestadolarawenezuela losrastrojosestadosunidosdevenezuela losrastrojoslarabolivarianrepublicofvenezuela losrastrojoslaraestadosunidosdevenezuela losrastrojoslararepublicabolivarianadevenezuela losrastrojoslararepublicadevenezuela losrastrojoslararepublicofvenezuela losrastrojoslaraunitedstatesofvenezuela losrastrojoslaravenezuela losrastrojoslaravenezuelabolivarianrepublicof losrastrojoslarawenezuela losrastrojosrepublicabolivarianadevenezuela losrastrojosrepublicadevenezuela losrastrojosrepublicofvenezuela losrastrojosunitedstatesofvenezuela losrastrojosvenezuela losrastrojosvenezuelabolivarianrepublicof losrastrojoswenezuela	10.02588	-69.24166	11	1	100497	PPL	America/Caracas	\N
101	Los Dos Caminos	los-dos-caminos	3634184		Los Dos Caminos	Los Dos Caminos, Miranda, Venezuela	losdoscaminosbolivarianrepublicofvenezuela losdoscaminosestadomirandabolivarianrepublicofvenezuela losdoscaminosestadomirandaestadosunidosdevenezuela losdoscaminosestadomirandarepublicabolivarianadevenezuela losdoscaminosestadomirandarepublicadevenezuela losdoscaminosestadomirandarepublicofvenezuela losdoscaminosestadomirandaunitedstatesofvenezuela losdoscaminosestadomirandavenezuela losdoscaminosestadomirandavenezuelabolivarianrepublicof losdoscaminosestadomirandawenezuela losdoscaminosestadosunidosdevenezuela losdoscaminosmirandabolivarianrepublicofvenezuela losdoscaminosmirandaestadosunidosdevenezuela losdoscaminosmirandarepublicabolivarianadevenezuela losdoscaminosmirandarepublicadevenezuela losdoscaminosmirandarepublicofvenezuela losdoscaminosmirandaunitedstatesofvenezuela losdoscaminosmirandavenezuela losdoscaminosmirandavenezuelabolivarianrepublicof losdoscaminosmirandawenezuela losdoscaminosrepublicabolivarianadevenezuela losdoscaminosrepublicadevenezuela losdoscaminosrepublicofvenezuela losdoscaminosunitedstatesofvenezuela losdoscaminosvenezuela losdoscaminosvenezuelabolivarianrepublicof losdoscaminoswenezuela	10.49389	-66.82863	9	1	58168	PPL	America/Caracas	\N
102	La Victoria	la-victoria	3634922		La Victoria	La Victoria, Aragua, Venezuela	lavictoriaaraguabolivarianrepublicofvenezuela lavictoriaaraguaestadosunidosdevenezuela lavictoriaaraguarepublicabolivarianadevenezuela lavictoriaaraguarepublicadevenezuela lavictoriaaraguarepublicofvenezuela lavictoriaaraguaunitedstatesofvenezuela lavictoriaaraguavenezuela lavictoriaaraguavenezuelabolivarianrepublicof lavictoriaaraguawenezuela lavictoriabolivarianrepublicofvenezuela lavictoriaestadoaraguabolivarianrepublicofvenezuela lavictoriaestadoaraguaestadosunidosdevenezuela lavictoriaestadoaraguarepublicabolivarianadevenezuela lavictoriaestadoaraguarepublicadevenezuela lavictoriaestadoaraguarepublicofvenezuela lavictoriaestadoaraguaunitedstatesofvenezuela lavictoriaestadoaraguavenezuela lavictoriaestadoaraguavenezuelabolivarianrepublicof lavictoriaestadoaraguawenezuela lavictoriaestadosunidosdevenezuela lavictoriarepublicabolivarianadevenezuela lavictoriarepublicadevenezuela lavictoriarepublicofvenezuela lavictoriaunitedstatesofvenezuela lavictoriavenezuela lavictoriavenezuelabolivarianrepublicof lavictoriawenezuela	10.22677	-67.33122	21	1	126721	PPLA2	America/Caracas	215
103	La Vela de Coro	la-vela-de-coro	3634965		La Vela de Coro	La Vela de Coro, Falcón, Venezuela	laveladecorobolivarianrepublicofvenezuela laveladecorocorobolivarianrepublicofvenezuela laveladecorocoroestadosunidosdevenezuela laveladecorocororepublicabolivarianadevenezuela laveladecorocororepublicadevenezuela laveladecorocororepublicofvenezuela laveladecorocorounitedstatesofvenezuela laveladecorocorovenezuela laveladecorocorovenezuelabolivarianrepublicof laveladecorocorowenezuela laveladecoroestadofalconbolivarianrepublicofvenezuela laveladecoroestadofalconestadosunidosdevenezuela laveladecoroestadofalconrepublicabolivarianadevenezuela laveladecoroestadofalconrepublicadevenezuela laveladecoroestadofalconrepublicofvenezuela laveladecoroestadofalconunitedstatesofvenezuela laveladecoroestadofalconvenezuela laveladecoroestadofalconvenezuelabolivarianrepublicof laveladecoroestadofalconwenezuela laveladecoroestadosunidosdevenezuela laveladecorofalconbolivarianrepublicofvenezuela laveladecorofalconestadosunidosdevenezuela laveladecorofalconrepublicabolivarianadevenezuela laveladecorofalconrepublicadevenezuela laveladecorofalconrepublicofvenezuela laveladecorofalconunitedstatesofvenezuela laveladecorofalconvenezuela laveladecorofalconvenezuelabolivarianrepublicof laveladecorofalconwenezuela laveladecororepublicabolivarianadevenezuela laveladecororepublicadevenezuela laveladecororepublicofvenezuela laveladecorounitedstatesofvenezuela laveladecorovenezuela laveladecorovenezuelabolivarianrepublicof laveladecorowenezuela	11.46077	-69.56570	15	1	34680	PPLA2	America/Caracas	115
104	Las Vegas	las-vegas	3635260		Las Vegas	Las Vegas, Cojedes, Venezuela	lasvegasbolivarianrepublicofvenezuela lasvegascojedesbolivarianrepublicofvenezuela lasvegascojedesestadosunidosdevenezuela lasvegascojedesrepublicabolivarianadevenezuela lasvegascojedesrepublicadevenezuela lasvegascojedesrepublicofvenezuela lasvegascojedesunitedstatesofvenezuela lasvegascojedesvenezuela lasvegascojedesvenezuelabolivarianrepublicof lasvegascojedeswenezuela lasvegasestadocojedesbolivarianrepublicofvenezuela lasvegasestadocojedesestadosunidosdevenezuela lasvegasestadocojedesrepublicabolivarianadevenezuela lasvegasestadocojedesrepublicadevenezuela lasvegasestadocojedesrepublicofvenezuela lasvegasestadocojedesunitedstatesofvenezuela lasvegasestadocojedesvenezuela lasvegasestadocojedesvenezuelabolivarianrepublicof lasvegasestadocojedeswenezuela lasvegasestadosunidosdevenezuela lasvegasrepublicabolivarianadevenezuela lasvegasrepublicadevenezuela lasvegasrepublicofvenezuela lasvegasunitedstatesofvenezuela lasvegasvenezuela lasvegasvenezuelabolivarianrepublicof lasvegaswenezuela	9.53724	-68.63022	17	1	20172	PPLA2	America/Caracas	255
105	Las Tejerias	las-tejerias	3635325		Las Tejerías	Las Tejerías, Aragua, Venezuela	lastejeriasaraguabolivarianrepublicofvenezuela lastejeriasaraguaestadosunidosdevenezuela lastejeriasaraguarepublicabolivarianadevenezuela lastejeriasaraguarepublicadevenezuela lastejeriasaraguarepublicofvenezuela lastejeriasaraguaunitedstatesofvenezuela lastejeriasaraguavenezuela lastejeriasaraguavenezuelabolivarianrepublicof lastejeriasaraguawenezuela lastejeriasbolivarianrepublicofvenezuela lastejeriasestadoaraguabolivarianrepublicofvenezuela lastejeriasestadoaraguaestadosunidosdevenezuela lastejeriasestadoaraguarepublicabolivarianadevenezuela lastejeriasestadoaraguarepublicadevenezuela lastejeriasestadoaraguarepublicofvenezuela lastejeriasestadoaraguaunitedstatesofvenezuela lastejeriasestadoaraguavenezuela lastejeriasestadoaraguavenezuelabolivarianrepublicof lastejeriasestadoaraguawenezuela lastejeriasestadosunidosdevenezuela lastejeriasrepublicabolivarianadevenezuela lastejeriasrepublicadevenezuela lastejeriasrepublicofvenezuela lastejeriasunitedstatesofvenezuela lastejeriasvenezuela lastejeriasvenezuelabolivarianrepublicof lastejeriaswenezuela	10.25416	-67.17333	21	1	43445	PPLA2	America/Caracas	162
106	La Paragua	la-paragua	3636861		La Paragua	La Paragua, Bolívar, Venezuela	laparaguabolivarbolivarianrepublicofvenezuela laparaguabolivarestadosunidosdevenezuela laparaguabolivarianrepublicofvenezuela laparaguabolivarrepublicabolivarianadevenezuela laparaguabolivarrepublicadevenezuela laparaguabolivarrepublicofvenezuela laparaguabolivarunitedstatesofvenezuela laparaguabolivarvenezuela laparaguabolivarvenezuelabolivarianrepublicof laparaguabolivarwenezuela laparaguaestadobolivarbolivarianrepublicofvenezuela laparaguaestadobolivarestadosunidosdevenezuela laparaguaestadobolivarrepublicabolivarianadevenezuela laparaguaestadobolivarrepublicadevenezuela laparaguaestadobolivarrepublicofvenezuela laparaguaestadobolivarunitedstatesofvenezuela laparaguaestadobolivarvenezuela laparaguaestadobolivarvenezuelabolivarianrepublicof laparaguaestadobolivarwenezuela laparaguaestadosunidosdevenezuela laparaguaguayanabolivarianrepublicofvenezuela laparaguaguayanaestadosunidosdevenezuela laparaguaguayanarepublicabolivarianadevenezuela laparaguaguayanarepublicadevenezuela laparaguaguayanarepublicofvenezuela laparaguaguayanaunitedstatesofvenezuela laparaguaguayanavenezuela laparaguaguayanavenezuelabolivarianrepublicof laparaguaguayanawenezuela laparaguarepublicabolivarianadevenezuela laparaguarepublicadevenezuela laparaguarepublicofvenezuela laparaguaunitedstatesofvenezuela laparaguavenezuela laparaguavenezuelabolivarianrepublicof laparaguawenezuela	6.83333	-63.33333	19	1	18591	PPL	America/Caracas	\N
107	Lagunillas	lagunillas	3637623		Lagunillas	Lagunillas, Zulia, Venezuela	lagunillasbolivarianrepublicofvenezuela lagunillasestadosunidosdevenezuela lagunillasestadozuliabolivarianrepublicofvenezuela lagunillasestadozuliaestadosunidosdevenezuela lagunillasestadozuliarepublicabolivarianadevenezuela lagunillasestadozuliarepublicadevenezuela lagunillasestadozuliarepublicofvenezuela lagunillasestadozuliaunitedstatesofvenezuela lagunillasestadozuliavenezuela lagunillasestadozuliavenezuelabolivarianrepublicof lagunillasestadozuliawenezuela lagunillasrepublicabolivarianadevenezuela lagunillasrepublicadevenezuela lagunillasrepublicofvenezuela lagunillasunitedstatesofvenezuela lagunillasvenezuela lagunillasvenezuelabolivarianrepublicof lagunillaswenezuela lagunillaszuliabolivarianrepublicofvenezuela lagunillaszuliaestadosunidosdevenezuela lagunillaszuliarepublicabolivarianadevenezuela lagunillaszuliarepublicadevenezuela lagunillaszuliarepublicofvenezuela lagunillaszuliaunitedstatesofvenezuela lagunillaszuliavenezuela lagunillaszuliavenezuelabolivarianrepublicof lagunillaszuliawenezuela	10.13008	-71.25946	1	1	44257	PPL	America/Caracas	\N
108	Lagunillas	lagunillas	3637624		Lagunillas	Lagunillas, Mérida, Venezuela	lagunillasbolivarianrepublicofvenezuela lagunillasestadomeridabolivarianrepublicofvenezuela lagunillasestadomeridaestadosunidosdevenezuela lagunillasestadomeridarepublicabolivarianadevenezuela lagunillasestadomeridarepublicadevenezuela lagunillasestadomeridarepublicofvenezuela lagunillasestadomeridaunitedstatesofvenezuela lagunillasestadomeridavenezuela lagunillasestadomeridavenezuelabolivarianrepublicof lagunillasestadomeridawenezuela lagunillasestadosunidosdevenezuela lagunillasmeridabolivarianrepublicofvenezuela lagunillasmeridaestadosunidosdevenezuela lagunillasmeridarepublicabolivarianadevenezuela lagunillasmeridarepublicadevenezuela lagunillasmeridarepublicofvenezuela lagunillasmeridaunitedstatesofvenezuela lagunillasmeridavenezuela lagunillasmeridavenezuelabolivarianrepublicof lagunillasmeridawenezuela lagunillasrepublicabolivarianadevenezuela lagunillasrepublicadevenezuela lagunillasrepublicofvenezuela lagunillasunitedstatesofvenezuela lagunillasvenezuela lagunillasvenezuelabolivarianrepublicof lagunillaswenezuela	8.50457	-71.38940	10	1	28176	PPLA2	America/Caracas	25
109	La Guaira	la-guaira	3637721		La Guaira	La Guaira, Vargas, Venezuela	laguairabolivarianrepublicofvenezuela laguairaestadolaguairabolivarianrepublicofvenezuela laguairaestadolaguairaestadosunidosdevenezuela laguairaestadolaguairarepublicabolivarianadevenezuela laguairaestadolaguairarepublicadevenezuela laguairaestadolaguairarepublicofvenezuela laguairaestadolaguairaunitedstatesofvenezuela laguairaestadolaguairavenezuela laguairaestadolaguairavenezuelabolivarianrepublicof laguairaestadolaguairawenezuela laguairaestadosunidosdevenezuela laguairalaguairabolivarianrepublicofvenezuela laguairalaguairaestadosunidosdevenezuela laguairalaguairarepublicabolivarianadevenezuela laguairalaguairarepublicadevenezuela laguairalaguairarepublicofvenezuela laguairalaguairaunitedstatesofvenezuela laguairalaguairavenezuela laguairalaguairavenezuelabolivarianrepublicof laguairalaguairawenezuela laguairarepublicabolivarianadevenezuela laguairarepublicadevenezuela laguairarepublicofvenezuela laguairaunitedstatesofvenezuela laguairavargasbolivarianrepublicofvenezuela laguairavargasestadosunidosdevenezuela laguairavargasrepublicabolivarianadevenezuela laguairavargasrepublicadevenezuela laguairavargasrepublicofvenezuela laguairavargasunitedstatesofvenezuela laguairavargasvenezuela laguairavargasvenezuelabolivarianrepublicof laguairavargaswenezuela laguairavenezuela laguairavenezuelabolivarianrepublicof laguairawenezuela	10.60156	-66.93293	25	1	25259	PPLA	America/Caracas	281
110	La Concepcion	la-concepcion	3638371		La Concepción	La Concepción, Zulia, Venezuela	laconcepcionbolivarianrepublicofvenezuela laconcepcionestadosunidosdevenezuela laconcepcionestadozuliabolivarianrepublicofvenezuela laconcepcionestadozuliaestadosunidosdevenezuela laconcepcionestadozuliarepublicabolivarianadevenezuela laconcepcionestadozuliarepublicadevenezuela laconcepcionestadozuliarepublicofvenezuela laconcepcionestadozuliaunitedstatesofvenezuela laconcepcionestadozuliavenezuela laconcepcionestadozuliavenezuelabolivarianrepublicof laconcepcionestadozuliawenezuela laconcepcionrepublicabolivarianadevenezuela laconcepcionrepublicadevenezuela laconcepcionrepublicofvenezuela laconcepcionunitedstatesofvenezuela laconcepcionvenezuela laconcepcionvenezuelabolivarianrepublicof laconcepcionwenezuela laconcepcionzuliabolivarianrepublicofvenezuela laconcepcionzuliaestadosunidosdevenezuela laconcepcionzuliarepublicabolivarianadevenezuela laconcepcionzuliarepublicadevenezuela laconcepcionzuliarepublicofvenezuela laconcepcionzuliaunitedstatesofvenezuela laconcepcionzuliavenezuela laconcepcionzuliavenezuelabolivarianrepublicof laconcepcionzuliawenezuela	10.61919	-71.83814	1	1	78106	PPLA2	America/Caracas	331
111	Concepcion	concepcion	3638374		Concepción	Concepción, Zulia, Venezuela	concepcionbolivarianrepublicofvenezuela concepcionestadosunidosdevenezuela concepcionestadozuliabolivarianrepublicofvenezuela concepcionestadozuliaestadosunidosdevenezuela concepcionestadozuliarepublicabolivarianadevenezuela concepcionestadozuliarepublicadevenezuela concepcionestadozuliarepublicofvenezuela concepcionestadozuliaunitedstatesofvenezuela concepcionestadozuliavenezuela concepcionestadozuliavenezuelabolivarianrepublicof concepcionestadozuliawenezuela concepcionrepublicabolivarianadevenezuela concepcionrepublicadevenezuela concepcionrepublicofvenezuela concepcionunitedstatesofvenezuela concepcionvenezuela concepcionvenezuelabolivarianrepublicof concepcionwenezuela concepcionzuliabolivarianrepublicofvenezuela concepcionzuliaestadosunidosdevenezuela concepcionzuliarepublicabolivarianadevenezuela concepcionzuliarepublicadevenezuela concepcionzuliarepublicofvenezuela concepcionzuliaunitedstatesofvenezuela concepcionzuliavenezuela concepcionzuliavenezuelabolivarianrepublicof concepcionzuliawenezuela	10.41190	-71.68919	1	1	40313	PPLA2	America/Caracas	\N
112	La Azulita	la-azulita	3638904		La Azulita	La Azulita, Mérida, Venezuela	laazulitabolivarianrepublicofvenezuela laazulitaestadomeridabolivarianrepublicofvenezuela laazulitaestadomeridaestadosunidosdevenezuela laazulitaestadomeridarepublicabolivarianadevenezuela laazulitaestadomeridarepublicadevenezuela laazulitaestadomeridarepublicofvenezuela laazulitaestadomeridaunitedstatesofvenezuela laazulitaestadomeridavenezuela laazulitaestadomeridavenezuelabolivarianrepublicof laazulitaestadomeridawenezuela laazulitaestadosunidosdevenezuela laazulitameridabolivarianrepublicofvenezuela laazulitameridaestadosunidosdevenezuela laazulitameridarepublicabolivarianadevenezuela laazulitameridarepublicadevenezuela laazulitameridarepublicofvenezuela laazulitameridaunitedstatesofvenezuela laazulitameridavenezuela laazulitameridavenezuelabolivarianrepublicof laazulitameridawenezuela laazulitarepublicabolivarianadevenezuela laazulitarepublicadevenezuela laazulitarepublicofvenezuela laazulitaunitedstatesofvenezuela laazulitavenezuela laazulitavenezuelabolivarianrepublicof laazulitawenezuela	8.71364	-71.44421	10	1	17111	PPLA2	America/Caracas	151
113	Judibana	judibana	3639086		Judibana	Judibana, Falcón, Venezuela	judibanabolivarianrepublicofvenezuela judibanacorobolivarianrepublicofvenezuela judibanacoroestadosunidosdevenezuela judibanacororepublicabolivarianadevenezuela judibanacororepublicadevenezuela judibanacororepublicofvenezuela judibanacorounitedstatesofvenezuela judibanacorovenezuela judibanacorovenezuelabolivarianrepublicof judibanacorowenezuela judibanaestadofalconbolivarianrepublicofvenezuela judibanaestadofalconestadosunidosdevenezuela judibanaestadofalconrepublicabolivarianadevenezuela judibanaestadofalconrepublicadevenezuela judibanaestadofalconrepublicofvenezuela judibanaestadofalconunitedstatesofvenezuela judibanaestadofalconvenezuela judibanaestadofalconvenezuelabolivarianrepublicof judibanaestadofalconwenezuela judibanaestadosunidosdevenezuela judibanafalconbolivarianrepublicofvenezuela judibanafalconestadosunidosdevenezuela judibanafalconrepublicabolivarianadevenezuela judibanafalconrepublicadevenezuela judibanafalconrepublicofvenezuela judibanafalconunitedstatesofvenezuela judibanafalconvenezuela judibanafalconvenezuelabolivarianrepublicof judibanafalconwenezuela judibanarepublicabolivarianadevenezuela judibanarepublicadevenezuela judibanarepublicofvenezuela judibanaunitedstatesofvenezuela judibanavenezuela judibanavenezuelabolivarianrepublicof judibanawenezuela	11.75908	-70.18418	15	1	23182	PPL	America/Caracas	\N
120	Guarenas	guarenas	3640049		Guarenas	Guarenas, Miranda, Venezuela	guarenasbolivarianrepublicofvenezuela guarenasestadomirandabolivarianrepublicofvenezuela guarenasestadomirandaestadosunidosdevenezuela guarenasestadomirandarepublicabolivarianadevenezuela guarenasestadomirandarepublicadevenezuela guarenasestadomirandarepublicofvenezuela guarenasestadomirandaunitedstatesofvenezuela guarenasestadomirandavenezuela guarenasestadomirandavenezuelabolivarianrepublicof guarenasestadomirandawenezuela guarenasestadosunidosdevenezuela guarenasmirandabolivarianrepublicofvenezuela guarenasmirandaestadosunidosdevenezuela guarenasmirandarepublicabolivarianadevenezuela guarenasmirandarepublicadevenezuela guarenasmirandarepublicofvenezuela guarenasmirandaunitedstatesofvenezuela guarenasmirandavenezuela guarenasmirandavenezuelabolivarianrepublicof guarenasmirandawenezuela guarenasrepublicabolivarianadevenezuela guarenasrepublicadevenezuela guarenasrepublicofvenezuela guarenasunitedstatesofvenezuela guarenasvenezuela guarenasvenezuelabolivarianrepublicof guarenaswenezuela	10.47027	-66.61934	9	1	248588	PPLA2	America/Caracas	47
114	Juan Griego	juan-griego	3639107		Juan Griego	Juan Griego, Nueva Esparta, Venezuela	juangriegobolivarianrepublicofvenezuela juangriegoestadonuevaespartabolivarianrepublicofvenezuela juangriegoestadonuevaespartaestadosunidosdevenezuela juangriegoestadonuevaespartarepublicabolivarianadevenezuela juangriegoestadonuevaespartarepublicadevenezuela juangriegoestadonuevaespartarepublicofvenezuela juangriegoestadonuevaespartaunitedstatesofvenezuela juangriegoestadonuevaespartavenezuela juangriegoestadonuevaespartavenezuelabolivarianrepublicof juangriegoestadonuevaespartawenezuela juangriegoestadosunidosdevenezuela juangriegomargaritabolivarianrepublicofvenezuela juangriegomargaritaestadosunidosdevenezuela juangriegomargaritarepublicabolivarianadevenezuela juangriegomargaritarepublicadevenezuela juangriegomargaritarepublicofvenezuela juangriegomargaritaunitedstatesofvenezuela juangriegomargaritavenezuela juangriegomargaritavenezuelabolivarianrepublicof juangriegomargaritawenezuela juangriegonuevaespartabolivarianrepublicofvenezuela juangriegonuevaespartaestadosunidosdevenezuela juangriegonuevaespartarepublicabolivarianadevenezuela juangriegonuevaespartarepublicadevenezuela juangriegonuevaespartarepublicofvenezuela juangriegonuevaespartaunitedstatesofvenezuela juangriegonuevaespartavenezuela juangriegonuevaespartavenezuelabolivarianrepublicof juangriegonuevaespartawenezuela juangriegorepublicabolivarianadevenezuela juangriegorepublicadevenezuela juangriegorepublicofvenezuela juangriegounitedstatesofvenezuela juangriegovenezuela juangriegovenezuelabolivarianrepublicof juangriegowenezuela	11.08172	-63.96549	7	1	28256	PPLA2	America/Caracas	313
115	Higuerote	higuerote	3639526		Higuerote	Higuerote, Miranda, Venezuela	higuerotebolivarianrepublicofvenezuela higueroteestadomirandabolivarianrepublicofvenezuela higueroteestadomirandaestadosunidosdevenezuela higueroteestadomirandarepublicabolivarianadevenezuela higueroteestadomirandarepublicadevenezuela higueroteestadomirandarepublicofvenezuela higueroteestadomirandaunitedstatesofvenezuela higueroteestadomirandavenezuela higueroteestadomirandavenezuelabolivarianrepublicof higueroteestadomirandawenezuela higueroteestadosunidosdevenezuela higuerotemirandabolivarianrepublicofvenezuela higuerotemirandaestadosunidosdevenezuela higuerotemirandarepublicabolivarianadevenezuela higuerotemirandarepublicadevenezuela higuerotemirandarepublicofvenezuela higuerotemirandaunitedstatesofvenezuela higuerotemirandavenezuela higuerotemirandavenezuelabolivarianrepublicof higuerotemirandawenezuela higueroterepublicabolivarianadevenezuela higueroterepublicadevenezuela higueroterepublicofvenezuela higueroteunitedstatesofvenezuela higuerotevenezuela higuerotevenezuelabolivarianrepublicof higuerotewenezuela	10.48287	-66.10096	9	1	41364	PPLA2	America/Caracas	127
116	Gueiria	gueiria	3639725		Güiria	Güiria, Sucre, Venezuela	guiriabolivarianrepublicofvenezuela guiriaestadosucrebolivarianrepublicofvenezuela guiriaestadosucreestadosunidosdevenezuela guiriaestadosucrerepublicabolivarianadevenezuela guiriaestadosucrerepublicadevenezuela guiriaestadosucrerepublicofvenezuela guiriaestadosucreunitedstatesofvenezuela guiriaestadosucrevenezuela guiriaestadosucrevenezuelabolivarianrepublicof guiriaestadosucrewenezuela guiriaestadosunidosdevenezuela guiriarepublicabolivarianadevenezuela guiriarepublicadevenezuela guiriarepublicofvenezuela guiriasucrebolivarianrepublicofvenezuela guiriasucreestadosunidosdevenezuela guiriasucrerepublicabolivarianadevenezuela guiriasucrerepublicadevenezuela guiriasucrerepublicofvenezuela guiriasucreunitedstatesofvenezuela guiriasucrevenezuela guiriasucrevenezuelabolivarianrepublicof guiriasucrewenezuela guiriaunitedstatesofvenezuela guiriavenezuela guiriavenezuelabolivarianrepublicof guiriawenezuela	10.57721	-62.29841	5	1	40000	PPLA2	America/Caracas	315
117	Gueiguee	gueiguee	3639747		Güigüe	Güigüe, Carabobo, Venezuela	guiguebolivarianrepublicofvenezuela guiguecarabobobolivarianrepublicofvenezuela guiguecaraboboestadosunidosdevenezuela guiguecaraboborepublicabolivarianadevenezuela guiguecaraboborepublicadevenezuela guiguecaraboborepublicofvenezuela guiguecarabobounitedstatesofvenezuela guiguecarabobovenezuela guiguecarabobovenezuelabolivarianrepublicof guiguecarabobowenezuela guigueestadocarabobobolivarianrepublicofvenezuela guigueestadocaraboboestadosunidosdevenezuela guigueestadocaraboborepublicabolivarianadevenezuela guigueestadocaraboborepublicadevenezuela guigueestadocaraboborepublicofvenezuela guigueestadocarabobounitedstatesofvenezuela guigueestadocarabobovenezuela guigueestadocarabobovenezuelabolivarianrepublicof guigueestadocarabobowenezuela guigueestadosunidosdevenezuela guiguerepublicabolivarianadevenezuela guiguerepublicadevenezuela guiguerepublicofvenezuela guigueunitedstatesofvenezuela guiguevenezuela guiguevenezuelabolivarianrepublicof guiguewenezuela	10.08344	-67.77799	18	1	80627	PPLA2	America/Caracas	119
118	Guatire	guatire	3639898		Guatire	Guatire, Miranda, Venezuela	guatirebolivarianrepublicofvenezuela guatireestadomirandabolivarianrepublicofvenezuela guatireestadomirandaestadosunidosdevenezuela guatireestadomirandarepublicabolivarianadevenezuela guatireestadomirandarepublicadevenezuela guatireestadomirandarepublicofvenezuela guatireestadomirandaunitedstatesofvenezuela guatireestadomirandavenezuela guatireestadomirandavenezuelabolivarianrepublicof guatireestadomirandawenezuela guatireestadosunidosdevenezuela guatiremirandabolivarianrepublicofvenezuela guatiremirandaestadosunidosdevenezuela guatiremirandarepublicabolivarianadevenezuela guatiremirandarepublicadevenezuela guatiremirandarepublicofvenezuela guatiremirandaunitedstatesofvenezuela guatiremirandavenezuela guatiremirandavenezuelabolivarianrepublicof guatiremirandawenezuela guatirerepublicabolivarianadevenezuela guatirerepublicadevenezuela guatirerepublicofvenezuela guatireunitedstatesofvenezuela guatirevenezuela guatirevenezuelabolivarianrepublicof guatirewenezuela	10.47400	-66.54241	9	1	227666	PPLA2	America/Caracas	2
119	Guasipati	guasipati	3639922		Guasipati	Guasipati, Bolívar, Venezuela	guasipatibolivarbolivarianrepublicofvenezuela guasipatibolivarestadosunidosdevenezuela guasipatibolivarianrepublicofvenezuela guasipatibolivarrepublicabolivarianadevenezuela guasipatibolivarrepublicadevenezuela guasipatibolivarrepublicofvenezuela guasipatibolivarunitedstatesofvenezuela guasipatibolivarvenezuela guasipatibolivarvenezuelabolivarianrepublicof guasipatibolivarwenezuela guasipatiestadobolivarbolivarianrepublicofvenezuela guasipatiestadobolivarestadosunidosdevenezuela guasipatiestadobolivarrepublicabolivarianadevenezuela guasipatiestadobolivarrepublicadevenezuela guasipatiestadobolivarrepublicofvenezuela guasipatiestadobolivarunitedstatesofvenezuela guasipatiestadobolivarvenezuela guasipatiestadobolivarvenezuelabolivarianrepublicof guasipatiestadobolivarwenezuela guasipatiestadosunidosdevenezuela guasipatiguayanabolivarianrepublicofvenezuela guasipatiguayanaestadosunidosdevenezuela guasipatiguayanarepublicabolivarianadevenezuela guasipatiguayanarepublicadevenezuela guasipatiguayanarepublicofvenezuela guasipatiguayanaunitedstatesofvenezuela guasipatiguayanavenezuela guasipatiguayanavenezuelabolivarianrepublicof guasipatiguayanawenezuela guasipatirepublicabolivarianadevenezuela guasipatirepublicadevenezuela guasipatirepublicofvenezuela guasipatiunitedstatesofvenezuela guasipativenezuela guasipativenezuelabolivarianrepublicof guasipatiwenezuela	7.47702	-61.89666	19	1	27988	PPLA2	America/Caracas	38
121	Guanarito	guanarito	3640215		Guanarito	Guanarito, Portuguesa, Venezuela	guanaritobolivarianrepublicofvenezuela guanaritoestadoportuguesabolivarianrepublicofvenezuela guanaritoestadoportuguesaestadosunidosdevenezuela guanaritoestadoportuguesarepublicabolivarianadevenezuela guanaritoestadoportuguesarepublicadevenezuela guanaritoestadoportuguesarepublicofvenezuela guanaritoestadoportuguesaunitedstatesofvenezuela guanaritoestadoportuguesavenezuela guanaritoestadoportuguesavenezuelabolivarianrepublicof guanaritoestadoportuguesawenezuela guanaritoestadosunidosdevenezuela guanaritoportuguesabolivarianrepublicofvenezuela guanaritoportuguesaestadosunidosdevenezuela guanaritoportuguesarepublicabolivarianadevenezuela guanaritoportuguesarepublicadevenezuela guanaritoportuguesarepublicofvenezuela guanaritoportuguesaunitedstatesofvenezuela guanaritoportuguesavenezuela guanaritoportuguesavenezuelabolivarianrepublicof guanaritoportuguesawenezuela guanaritorepublicabolivarianadevenezuela guanaritorepublicadevenezuela guanaritorepublicofvenezuela guanaritounitedstatesofvenezuela guanaritovenezuela guanaritovenezuelabolivarianrepublicof guanaritowenezuela	8.69625	-69.20832	6	1	37219	PPLA2	America/Caracas	95
122	Guanare	guanare	3640226		Guanare	Guanare, Portuguesa, Venezuela	guanarebolivarianrepublicofvenezuela guanareestadoportuguesabolivarianrepublicofvenezuela guanareestadoportuguesaestadosunidosdevenezuela guanareestadoportuguesarepublicabolivarianadevenezuela guanareestadoportuguesarepublicadevenezuela guanareestadoportuguesarepublicofvenezuela guanareestadoportuguesaunitedstatesofvenezuela guanareestadoportuguesavenezuela guanareestadoportuguesavenezuelabolivarianrepublicof guanareestadoportuguesawenezuela guanareestadosunidosdevenezuela guanareportuguesabolivarianrepublicofvenezuela guanareportuguesaestadosunidosdevenezuela guanareportuguesarepublicabolivarianadevenezuela guanareportuguesarepublicadevenezuela guanareportuguesarepublicofvenezuela guanareportuguesaunitedstatesofvenezuela guanareportuguesavenezuela guanareportuguesavenezuelabolivarianrepublicof guanareportuguesawenezuela guanarerepublicabolivarianadevenezuela guanarerepublicadevenezuela guanarerepublicofvenezuela guanareunitedstatesofvenezuela guanarevenezuela guanarevenezuelabolivarianrepublicof guanarewenezuela	9.04183	-69.74206	6	1	194688	PPLA	America/Caracas	96
123	Guama	guama	3640324		Guama	Guama, Yaracuy, Venezuela	guamabolivarianrepublicofvenezuela guamaestadosunidosdevenezuela guamaestadoyaracuybolivarianrepublicofvenezuela guamaestadoyaracuyestadosunidosdevenezuela guamaestadoyaracuyrepublicabolivarianadevenezuela guamaestadoyaracuyrepublicadevenezuela guamaestadoyaracuyrepublicofvenezuela guamaestadoyaracuyunitedstatesofvenezuela guamaestadoyaracuyvenezuela guamaestadoyaracuyvenezuelabolivarianrepublicof guamaestadoyaracuywenezuela guamarepublicabolivarianadevenezuela guamarepublicadevenezuela guamarepublicofvenezuela guamaunitedstatesofvenezuela guamavenezuela guamavenezuelabolivarianrepublicof guamawenezuela guamayaracuybolivarianrepublicofvenezuela guamayaracuyestadosunidosdevenezuela guamayaracuyrepublicabolivarianadevenezuela guamayaracuyrepublicadevenezuela guamayaracuyrepublicofvenezuela guamayaracuyunitedstatesofvenezuela guamayaracuyvenezuela guamayaracuyvenezuelabolivarianrepublicof guamayaracuywenezuela	10.26638	-68.81986	2	1	24570	PPLA2	America/Caracas	21
124	Guacara	guacara	3640465		Guacara	Guacara, Carabobo, Venezuela	guacarabolivarianrepublicofvenezuela guacaracarabobobolivarianrepublicofvenezuela guacaracaraboboestadosunidosdevenezuela guacaracaraboborepublicabolivarianadevenezuela guacaracaraboborepublicadevenezuela guacaracaraboborepublicofvenezuela guacaracarabobounitedstatesofvenezuela guacaracarabobovenezuela guacaracarabobovenezuelabolivarianrepublicof guacaracarabobowenezuela guacaraestadocarabobobolivarianrepublicofvenezuela guacaraestadocaraboboestadosunidosdevenezuela guacaraestadocaraboborepublicabolivarianadevenezuela guacaraestadocaraboborepublicadevenezuela guacaraestadocaraboborepublicofvenezuela guacaraestadocarabobounitedstatesofvenezuela guacaraestadocarabobovenezuela guacaraestadocarabobovenezuelabolivarianrepublicof guacaraestadocarabobowenezuela guacaraestadosunidosdevenezuela guacararepublicabolivarianadevenezuela guacararepublicadevenezuela guacararepublicofvenezuela guacaraunitedstatesofvenezuela guacaravenezuela guacaravenezuelabolivarianrepublicof guacarawenezuela	10.22609	-67.87700	18	1	198883	PPLA2	America/Caracas	98
125	Escuque	escuque	3640956		Escuque	Escuque, Trujillo, Venezuela	escuquebolivarianrepublicofvenezuela escuqueestadosunidosdevenezuela escuqueestadotrujillobolivarianrepublicofvenezuela escuqueestadotrujilloestadosunidosdevenezuela escuqueestadotrujillorepublicabolivarianadevenezuela escuqueestadotrujillorepublicadevenezuela escuqueestadotrujillorepublicofvenezuela escuqueestadotrujillounitedstatesofvenezuela escuqueestadotrujillovenezuela escuqueestadotrujillovenezuelabolivarianrepublicof escuqueestadotrujillowenezuela escuquerepublicabolivarianadevenezuela escuquerepublicadevenezuela escuquerepublicofvenezuela escuquetrujillobolivarianrepublicofvenezuela escuquetrujilloestadosunidosdevenezuela escuquetrujillorepublicabolivarianadevenezuela escuquetrujillorepublicadevenezuela escuquetrujillorepublicofvenezuela escuquetrujillounitedstatesofvenezuela escuquetrujillovenezuela escuquetrujillovenezuelabolivarianrepublicof escuquetrujillowenezuela escuqueunitedstatesofvenezuela escuquevenezuela escuquevenezuelabolivarianrepublicof escuquewenezuela	9.29687	-70.67189	3	1	18128	PPLA2	America/Caracas	\N
126	Encontrados	encontrados	3641008		Encontrados	Encontrados, Zulia, Venezuela	encontradosbolivarianrepublicofvenezuela encontradosestadosunidosdevenezuela encontradosestadozuliabolivarianrepublicofvenezuela encontradosestadozuliaestadosunidosdevenezuela encontradosestadozuliarepublicabolivarianadevenezuela encontradosestadozuliarepublicadevenezuela encontradosestadozuliarepublicofvenezuela encontradosestadozuliaunitedstatesofvenezuela encontradosestadozuliavenezuela encontradosestadozuliavenezuelabolivarianrepublicof encontradosestadozuliawenezuela encontradosrepublicabolivarianadevenezuela encontradosrepublicadevenezuela encontradosrepublicofvenezuela encontradosunitedstatesofvenezuela encontradosvenezuela encontradosvenezuelabolivarianrepublicof encontradoswenezuela encontradoszuliabolivarianrepublicofvenezuela encontradoszuliaestadosunidosdevenezuela encontradoszuliarepublicabolivarianadevenezuela encontradoszuliarepublicadevenezuela encontradoszuliarepublicofvenezuela encontradoszuliaunitedstatesofvenezuela encontradoszuliavenezuela encontradoszuliavenezuelabolivarianrepublicof encontradoszuliawenezuela	9.05983	-72.23460	1	1	26121	PPLA2	America/Caracas	230
127	El Vigia	el-vigia	3641099		El Vigía	El Vigía, Mérida, Venezuela	elvigiabolivarianrepublicofvenezuela elvigiaestadomeridabolivarianrepublicofvenezuela elvigiaestadomeridaestadosunidosdevenezuela elvigiaestadomeridarepublicabolivarianadevenezuela elvigiaestadomeridarepublicadevenezuela elvigiaestadomeridarepublicofvenezuela elvigiaestadomeridaunitedstatesofvenezuela elvigiaestadomeridavenezuela elvigiaestadomeridavenezuelabolivarianrepublicof elvigiaestadomeridawenezuela elvigiaestadosunidosdevenezuela elvigiameridabolivarianrepublicofvenezuela elvigiameridaestadosunidosdevenezuela elvigiameridarepublicabolivarianadevenezuela elvigiameridarepublicadevenezuela elvigiameridarepublicofvenezuela elvigiameridaunitedstatesofvenezuela elvigiameridavenezuela elvigiameridavenezuelabolivarianrepublicof elvigiameridawenezuela elvigiarepublicabolivarianadevenezuela elvigiarepublicadevenezuela elvigiarepublicofvenezuela elvigiaunitedstatesofvenezuela elvigiavenezuela elvigiavenezuelabolivarianrepublicof elvigiawenezuela	8.61350	-71.65702	10	1	108668	PPLA2	America/Caracas	153
128	El Tocuyo	el-tocuyo	3641275		El Tocuyo	El Tocuyo, Lara, Venezuela	eltocuyobarquisimetobolivarianrepublicofvenezuela eltocuyobarquisimetoestadosunidosdevenezuela eltocuyobarquisimetorepublicabolivarianadevenezuela eltocuyobarquisimetorepublicadevenezuela eltocuyobarquisimetorepublicofvenezuela eltocuyobarquisimetounitedstatesofvenezuela eltocuyobarquisimetovenezuela eltocuyobarquisimetovenezuelabolivarianrepublicof eltocuyobarquisimetowenezuela eltocuyobolivarianrepublicofvenezuela eltocuyoestadolarabolivarianrepublicofvenezuela eltocuyoestadolaraestadosunidosdevenezuela eltocuyoestadolararepublicabolivarianadevenezuela eltocuyoestadolararepublicadevenezuela eltocuyoestadolararepublicofvenezuela eltocuyoestadolaraunitedstatesofvenezuela eltocuyoestadolaravenezuela eltocuyoestadolaravenezuelabolivarianrepublicof eltocuyoestadolarawenezuela eltocuyoestadosunidosdevenezuela eltocuyolarabolivarianrepublicofvenezuela eltocuyolaraestadosunidosdevenezuela eltocuyolararepublicabolivarianadevenezuela eltocuyolararepublicadevenezuela eltocuyolararepublicofvenezuela eltocuyolaraunitedstatesofvenezuela eltocuyolaravenezuela eltocuyolaravenezuelabolivarianrepublicof eltocuyolarawenezuela eltocuyorepublicabolivarianadevenezuela eltocuyorepublicadevenezuela eltocuyorepublicofvenezuela eltocuyounitedstatesofvenezuela eltocuyovenezuela eltocuyovenezuelabolivarianrepublicof eltocuyowenezuela	9.78709	-69.79294	11	1	74829	PPLA2	America/Caracas	66
129	El Tigre	el-tigre	3641351		El Tigre	El Tigre, Anzoátegui, Venezuela	eltigreanzoateguibolivarianrepublicofvenezuela eltigreanzoateguiestadosunidosdevenezuela eltigreanzoateguirepublicabolivarianadevenezuela eltigreanzoateguirepublicadevenezuela eltigreanzoateguirepublicofvenezuela eltigreanzoateguiunitedstatesofvenezuela eltigreanzoateguivenezuela eltigreanzoateguivenezuelabolivarianrepublicof eltigreanzoateguiwenezuela eltigrebolivarianrepublicofvenezuela eltigreestadoanzoateguibolivarianrepublicofvenezuela eltigreestadoanzoateguiestadosunidosdevenezuela eltigreestadoanzoateguirepublicabolivarianadevenezuela eltigreestadoanzoateguirepublicadevenezuela eltigreestadoanzoateguirepublicofvenezuela eltigreestadoanzoateguiunitedstatesofvenezuela eltigreestadoanzoateguivenezuela eltigreestadoanzoateguivenezuelabolivarianrepublicof eltigreestadoanzoateguiwenezuela eltigreestadosunidosdevenezuela eltigrerepublicabolivarianadevenezuela eltigrerepublicadevenezuela eltigrerepublicofvenezuela eltigreunitedstatesofvenezuela eltigrevenezuela eltigrevenezuelabolivarianrepublicof eltigrewenezuela	8.88902	-64.25270	23	1	222450	PPLA2	America/Caracas	\N
130	El Sombrero	el-sombrero	3641440		El Sombrero	El Sombrero, Guárico, Venezuela	elsombrerobolivarianrepublicofvenezuela elsombreroestadoguaricobolivarianrepublicofvenezuela elsombreroestadoguaricoestadosunidosdevenezuela elsombreroestadoguaricorepublicabolivarianadevenezuela elsombreroestadoguaricorepublicadevenezuela elsombreroestadoguaricorepublicofvenezuela elsombreroestadoguaricounitedstatesofvenezuela elsombreroestadoguaricovenezuela elsombreroestadoguaricovenezuelabolivarianrepublicof elsombreroestadoguaricowenezuela elsombreroestadosunidosdevenezuela elsombreroguaricobolivarianrepublicofvenezuela elsombreroguaricoestadosunidosdevenezuela elsombreroguaricorepublicabolivarianadevenezuela elsombreroguaricorepublicadevenezuela elsombreroguaricorepublicofvenezuela elsombreroguaricounitedstatesofvenezuela elsombreroguaricovenezuela elsombreroguaricovenezuelabolivarianrepublicof elsombreroguaricowenezuela elsombrerorepublicabolivarianadevenezuela elsombrerorepublicadevenezuela elsombrerorepublicofvenezuela elsombrerounitedstatesofvenezuela elsombrerovenezuela elsombrerovenezuelabolivarianrepublicof elsombrerowenezuela	9.38630	-67.05818	12	1	31788	PPLA2	America/Caracas	258
132	Elorza	elorza	3642390		Elorza	Elorza, Apure, Venezuela	elorzaapurebolivarianrepublicofvenezuela elorzaapureestadosunidosdevenezuela elorzaapurerepublicabolivarianadevenezuela elorzaapurerepublicadevenezuela elorzaapurerepublicofvenezuela elorzaapureunitedstatesofvenezuela elorzaapurevenezuela elorzaapurevenezuelabolivarianrepublicof elorzaapurewenezuela elorzabolivarianrepublicofvenezuela elorzaestadoapurebolivarianrepublicofvenezuela elorzaestadoapureestadosunidosdevenezuela elorzaestadoapurerepublicabolivarianadevenezuela elorzaestadoapurerepublicadevenezuela elorzaestadoapurerepublicofvenezuela elorzaestadoapureunitedstatesofvenezuela elorzaestadoapurevenezuela elorzaestadoapurevenezuelabolivarianrepublicof elorzaestadoapurewenezuela elorzaestadosunidosdevenezuela elorzarepublicabolivarianadevenezuela elorzarepublicadevenezuela elorzarepublicofvenezuela elorzaunitedstatesofvenezuela elorzavenezuela elorzavenezuelabolivarianrepublicof elorzawenezuela	7.06088	-69.49765	22	1	27795	PPLA2	America/Caracas	39
133	Lecherias	lecherias	3642497		Lecherías	Lecherías, Anzoátegui, Venezuela	lecheriasanzoateguibolivarianrepublicofvenezuela lecheriasanzoateguiestadosunidosdevenezuela lecheriasanzoateguirepublicabolivarianadevenezuela lecheriasanzoateguirepublicadevenezuela lecheriasanzoateguirepublicofvenezuela lecheriasanzoateguiunitedstatesofvenezuela lecheriasanzoateguivenezuela lecheriasanzoateguivenezuelabolivarianrepublicof lecheriasanzoateguiwenezuela lecheriasbolivarianrepublicofvenezuela lecheriasestadoanzoateguibolivarianrepublicofvenezuela lecheriasestadoanzoateguiestadosunidosdevenezuela lecheriasestadoanzoateguirepublicabolivarianadevenezuela lecheriasestadoanzoateguirepublicadevenezuela lecheriasestadoanzoateguirepublicofvenezuela lecheriasestadoanzoateguiunitedstatesofvenezuela lecheriasestadoanzoateguivenezuela lecheriasestadoanzoateguivenezuelabolivarianrepublicof lecheriasestadoanzoateguiwenezuela lecheriasestadosunidosdevenezuela lecheriasrepublicabolivarianadevenezuela lecheriasrepublicadevenezuela lecheriasrepublicofvenezuela lecheriasunitedstatesofvenezuela lecheriasvenezuela lecheriasvenezuelabolivarianrepublicof lecheriaswenezuela	10.19167	-64.69207	23	1	47778	PPLA2	America/Caracas	\N
134	El Limon	el-limon	3642833		El Limón	El Limón, Aragua, Venezuela	ellimonaraguabolivarianrepublicofvenezuela ellimonaraguaestadosunidosdevenezuela ellimonaraguarepublicabolivarianadevenezuela ellimonaraguarepublicadevenezuela ellimonaraguarepublicofvenezuela ellimonaraguaunitedstatesofvenezuela ellimonaraguavenezuela ellimonaraguavenezuelabolivarianrepublicof ellimonaraguawenezuela ellimonbolivarianrepublicofvenezuela ellimonestadoaraguabolivarianrepublicofvenezuela ellimonestadoaraguaestadosunidosdevenezuela ellimonestadoaraguarepublicabolivarianadevenezuela ellimonestadoaraguarepublicadevenezuela ellimonestadoaraguarepublicofvenezuela ellimonestadoaraguaunitedstatesofvenezuela ellimonestadoaraguavenezuela ellimonestadoaraguavenezuelabolivarianrepublicof ellimonestadoaraguawenezuela ellimonestadosunidosdevenezuela ellimonrepublicabolivarianadevenezuela ellimonrepublicadevenezuela ellimonrepublicofvenezuela ellimonunitedstatesofvenezuela ellimonvenezuela ellimonvenezuelabolivarianrepublicof ellimonwenezuela	10.30589	-67.63212	21	1	148247	PPLA2	America/Caracas	287
135	El Hatillo	el-hatillo	3643031	El Hatillo Municipality;Municipio El Hatillo	El Hatillo	El Hatillo, Miranda, Venezuela	elhatillobolivarianrepublicofvenezuela elhatilloestadomirandabolivarianrepublicofvenezuela elhatilloestadomirandaestadosunidosdevenezuela elhatilloestadomirandarepublicabolivarianadevenezuela elhatilloestadomirandarepublicadevenezuela elhatilloestadomirandarepublicofvenezuela elhatilloestadomirandaunitedstatesofvenezuela elhatilloestadomirandavenezuela elhatilloestadomirandavenezuelabolivarianrepublicof elhatilloestadomirandawenezuela elhatilloestadosunidosdevenezuela elhatillomirandabolivarianrepublicofvenezuela elhatillomirandaestadosunidosdevenezuela elhatillomirandarepublicabolivarianadevenezuela elhatillomirandarepublicadevenezuela elhatillomirandarepublicofvenezuela elhatillomirandaunitedstatesofvenezuela elhatillomirandavenezuela elhatillomirandavenezuelabolivarianrepublicof elhatillomirandawenezuela elhatillomunicipalitybolivarianrepublicofvenezuela elhatillomunicipalityestadomirandabolivarianrepublicofvenezuela elhatillomunicipalityestadomirandaestadosunidosdevenezuela elhatillomunicipalityestadomirandarepublicabolivarianadevenezuela elhatillomunicipalityestadomirandarepublicadevenezuela elhatillomunicipalityestadomirandarepublicofvenezuela elhatillomunicipalityestadomirandaunitedstatesofvenezuela elhatillomunicipalityestadomirandavenezuela elhatillomunicipalityestadomirandavenezuelabolivarianrepublicof elhatillomunicipalityestadomirandawenezuela elhatillomunicipalityestadosunidosdevenezuela elhatillomunicipalitymirandabolivarianrepublicofvenezuela elhatillomunicipalitymirandaestadosunidosdevenezuela elhatillomunicipalitymirandarepublicabolivarianadevenezuela elhatillomunicipalitymirandarepublicadevenezuela elhatillomunicipalitymirandarepublicofvenezuela elhatillomunicipalitymirandaunitedstatesofvenezuela elhatillomunicipalitymirandavenezuela elhatillomunicipalitymirandavenezuelabolivarianrepublicof elhatillomunicipalitymirandawenezuela elhatillomunicipalityrepublicabolivarianadevenezuela elhatillomunicipalityrepublicadevenezuela elhatillomunicipalityrepublicofvenezuela elhatillomunicipalityunitedstatesofvenezuela elhatillomunicipalityvenezuela elhatillomunicipalityvenezuelabolivarianrepublicof elhatillomunicipalitywenezuela elhatillorepublicabolivarianadevenezuela elhatillorepublicadevenezuela elhatillorepublicofvenezuela elhatillounitedstatesofvenezuela elhatillovenezuela elhatillovenezuelabolivarianrepublicof elhatillowenezuela municipioelhatillobolivarianrepublicofvenezuela municipioelhatilloestadomirandabolivarianrepublicofvenezuela municipioelhatilloestadomirandaestadosunidosdevenezuela municipioelhatilloestadomirandarepublicabolivarianadevenezuela municipioelhatilloestadomirandarepublicadevenezuela municipioelhatilloestadomirandarepublicofvenezuela municipioelhatilloestadomirandaunitedstatesofvenezuela municipioelhatilloestadomirandavenezuela municipioelhatilloestadomirandavenezuelabolivarianrepublicof municipioelhatilloestadomirandawenezuela municipioelhatilloestadosunidosdevenezuela municipioelhatillomirandabolivarianrepublicofvenezuela municipioelhatillomirandaestadosunidosdevenezuela municipioelhatillomirandarepublicabolivarianadevenezuela municipioelhatillomirandarepublicadevenezuela municipioelhatillomirandarepublicofvenezuela municipioelhatillomirandaunitedstatesofvenezuela municipioelhatillomirandavenezuela municipioelhatillomirandavenezuelabolivarianrepublicof municipioelhatillomirandawenezuela municipioelhatillorepublicabolivarianadevenezuela municipioelhatillorepublicadevenezuela municipioelhatillorepublicofvenezuela municipioelhatillounitedstatesofvenezuela municipioelhatillovenezuela municipioelhatillovenezuelabolivarianrepublicof municipioelhatillowenezuela	10.42411	-66.82581	9	1	57591	PPLA2	America/Caracas	214
136	El Dorado	el-dorado	3643353		El Dorado	El Dorado, Bolívar, Venezuela	eldoradobolivarbolivarianrepublicofvenezuela eldoradobolivarestadosunidosdevenezuela eldoradobolivarianrepublicofvenezuela eldoradobolivarrepublicabolivarianadevenezuela eldoradobolivarrepublicadevenezuela eldoradobolivarrepublicofvenezuela eldoradobolivarunitedstatesofvenezuela eldoradobolivarvenezuela eldoradobolivarvenezuelabolivarianrepublicof eldoradobolivarwenezuela eldoradoestadobolivarbolivarianrepublicofvenezuela eldoradoestadobolivarestadosunidosdevenezuela eldoradoestadobolivarrepublicabolivarianadevenezuela eldoradoestadobolivarrepublicadevenezuela eldoradoestadobolivarrepublicofvenezuela eldoradoestadobolivarunitedstatesofvenezuela eldoradoestadobolivarvenezuela eldoradoestadobolivarvenezuelabolivarianrepublicof eldoradoestadobolivarwenezuela eldoradoestadosunidosdevenezuela eldoradoguayanabolivarianrepublicofvenezuela eldoradoguayanaestadosunidosdevenezuela eldoradoguayanarepublicabolivarianadevenezuela eldoradoguayanarepublicadevenezuela eldoradoguayanarepublicofvenezuela eldoradoguayanaunitedstatesofvenezuela eldoradoguayanavenezuela eldoradoguayanavenezuelabolivarianrepublicof eldoradoguayanawenezuela eldoradorepublicabolivarianadevenezuela eldoradorepublicadevenezuela eldoradorepublicofvenezuela eldoradounitedstatesofvenezuela eldoradovenezuela eldoradovenezuelabolivarianrepublicof eldoradowenezuela	6.71581	-61.63738	19	1	16100	PPL	America/Caracas	231
137	Ejido	ejido	3644417		Ejido	Ejido, Mérida, Venezuela	ejidobolivarianrepublicofvenezuela ejidoestadomeridabolivarianrepublicofvenezuela ejidoestadomeridaestadosunidosdevenezuela ejidoestadomeridarepublicabolivarianadevenezuela ejidoestadomeridarepublicadevenezuela ejidoestadomeridarepublicofvenezuela ejidoestadomeridaunitedstatesofvenezuela ejidoestadomeridavenezuela ejidoestadomeridavenezuelabolivarianrepublicof ejidoestadomeridawenezuela ejidoestadosunidosdevenezuela ejidomeridabolivarianrepublicofvenezuela ejidomeridaestadosunidosdevenezuela ejidomeridarepublicabolivarianadevenezuela ejidomeridarepublicadevenezuela ejidomeridarepublicofvenezuela ejidomeridaunitedstatesofvenezuela ejidomeridavenezuela ejidomeridavenezuelabolivarianrepublicof ejidomeridawenezuela ejidorepublicabolivarianadevenezuela ejidorepublicadevenezuela ejidorepublicofvenezuela ejidounitedstatesofvenezuela ejidovenezuela ejidovenezuelabolivarianrepublicof ejidowenezuela	8.54665	-71.24087	10	1	120978	PPLA2	America/Caracas	124
138	Duaca	duaca	3644440		Duaca	Duaca, Lara, Venezuela	duacabarquisimetobolivarianrepublicofvenezuela duacabarquisimetoestadosunidosdevenezuela duacabarquisimetorepublicabolivarianadevenezuela duacabarquisimetorepublicadevenezuela duacabarquisimetorepublicofvenezuela duacabarquisimetounitedstatesofvenezuela duacabarquisimetovenezuela duacabarquisimetovenezuelabolivarianrepublicof duacabarquisimetowenezuela duacabolivarianrepublicofvenezuela duacaestadolarabolivarianrepublicofvenezuela duacaestadolaraestadosunidosdevenezuela duacaestadolararepublicabolivarianadevenezuela duacaestadolararepublicadevenezuela duacaestadolararepublicofvenezuela duacaestadolaraunitedstatesofvenezuela duacaestadolaravenezuela duacaestadolaravenezuelabolivarianrepublicof duacaestadolarawenezuela duacaestadosunidosdevenezuela duacalarabolivarianrepublicofvenezuela duacalaraestadosunidosdevenezuela duacalararepublicabolivarianadevenezuela duacalararepublicadevenezuela duacalararepublicofvenezuela duacalaraunitedstatesofvenezuela duacalaravenezuela duacalaravenezuelabolivarianrepublicof duacalarawenezuela duacarepublicabolivarianadevenezuela duacarepublicadevenezuela duacarepublicofvenezuela duacaunitedstatesofvenezuela duacavenezuela duacavenezuelabolivarianrepublicof duacawenezuela	10.28554	-69.16244	11	1	39653	PPLA2	America/Caracas	112
145	Cocorote	cocorote	3645469		Cocorote	Cocorote, Yaracuy, Venezuela	cocorotebolivarianrepublicofvenezuela cocoroteestadosunidosdevenezuela cocoroteestadoyaracuybolivarianrepublicofvenezuela cocoroteestadoyaracuyestadosunidosdevenezuela cocoroteestadoyaracuyrepublicabolivarianadevenezuela cocoroteestadoyaracuyrepublicadevenezuela cocoroteestadoyaracuyrepublicofvenezuela cocoroteestadoyaracuyunitedstatesofvenezuela cocoroteestadoyaracuyvenezuela cocoroteestadoyaracuyvenezuelabolivarianrepublicof cocoroteestadoyaracuywenezuela cocoroterepublicabolivarianadevenezuela cocoroterepublicadevenezuela cocoroterepublicofvenezuela cocoroteunitedstatesofvenezuela cocorotevenezuela cocorotevenezuelabolivarianrepublicof cocorotewenezuela cocoroteyaracuybolivarianrepublicofvenezuela cocoroteyaracuyestadosunidosdevenezuela cocoroteyaracuyrepublicabolivarianadevenezuela cocoroteyaracuyrepublicadevenezuela cocoroteyaracuyrepublicofvenezuela cocoroteyaracuyunitedstatesofvenezuela cocoroteyaracuyvenezuela cocoroteyaracuyvenezuelabolivarianrepublicof cocoroteyaracuywenezuela	10.31954	-68.78298	2	1	52803	PPLA2	America/Caracas	260
139	Dabajuro	dabajuro	3644571		Dabajuro	Dabajuro, Falcón, Venezuela	dabajurobolivarianrepublicofvenezuela dabajurocorobolivarianrepublicofvenezuela dabajurocoroestadosunidosdevenezuela dabajurocororepublicabolivarianadevenezuela dabajurocororepublicadevenezuela dabajurocororepublicofvenezuela dabajurocorounitedstatesofvenezuela dabajurocorovenezuela dabajurocorovenezuelabolivarianrepublicof dabajurocorowenezuela dabajuroestadofalconbolivarianrepublicofvenezuela dabajuroestadofalconestadosunidosdevenezuela dabajuroestadofalconrepublicabolivarianadevenezuela dabajuroestadofalconrepublicadevenezuela dabajuroestadofalconrepublicofvenezuela dabajuroestadofalconunitedstatesofvenezuela dabajuroestadofalconvenezuela dabajuroestadofalconvenezuelabolivarianrepublicof dabajuroestadofalconwenezuela dabajuroestadosunidosdevenezuela dabajurofalconbolivarianrepublicofvenezuela dabajurofalconestadosunidosdevenezuela dabajurofalconrepublicabolivarianadevenezuela dabajurofalconrepublicadevenezuela dabajurofalconrepublicofvenezuela dabajurofalconunitedstatesofvenezuela dabajurofalconvenezuela dabajurofalconvenezuelabolivarianrepublicof dabajurofalconwenezuela dabajurorepublicabolivarianadevenezuela dabajurorepublicadevenezuela dabajurorepublicofvenezuela dabajurounitedstatesofvenezuela dabajurovenezuela dabajurovenezuelabolivarianrepublicof dabajurowenezuela	11.02273	-70.67769	15	1	28117	PPLA2	America/Caracas	190
140	Cumanacoa	cumanacoa	3644767		Cumanacoa	Cumanacoa, Sucre, Venezuela	cumanacoabolivarianrepublicofvenezuela cumanacoaestadosucrebolivarianrepublicofvenezuela cumanacoaestadosucreestadosunidosdevenezuela cumanacoaestadosucrerepublicabolivarianadevenezuela cumanacoaestadosucrerepublicadevenezuela cumanacoaestadosucrerepublicofvenezuela cumanacoaestadosucreunitedstatesofvenezuela cumanacoaestadosucrevenezuela cumanacoaestadosucrevenezuelabolivarianrepublicof cumanacoaestadosucrewenezuela cumanacoaestadosunidosdevenezuela cumanacoarepublicabolivarianadevenezuela cumanacoarepublicadevenezuela cumanacoarepublicofvenezuela cumanacoasucrebolivarianrepublicofvenezuela cumanacoasucreestadosunidosdevenezuela cumanacoasucrerepublicabolivarianadevenezuela cumanacoasucrerepublicadevenezuela cumanacoasucrerepublicofvenezuela cumanacoasucreunitedstatesofvenezuela cumanacoasucrevenezuela cumanacoasucrevenezuelabolivarianrepublicof cumanacoasucrewenezuela cumanacoaunitedstatesofvenezuela cumanacoavenezuela cumanacoavenezuelabolivarianrepublicof cumanacoawenezuela	10.25056	-63.91938	5	1	25858	PPLA2	America/Caracas	67
141	Cumana	cumana	3644768		Cumaná	Cumaná, Sucre, Venezuela	cumanabolivarianrepublicofvenezuela cumanaestadosucrebolivarianrepublicofvenezuela cumanaestadosucreestadosunidosdevenezuela cumanaestadosucrerepublicabolivarianadevenezuela cumanaestadosucrerepublicadevenezuela cumanaestadosucrerepublicofvenezuela cumanaestadosucreunitedstatesofvenezuela cumanaestadosucrevenezuela cumanaestadosucrevenezuelabolivarianrepublicof cumanaestadosucrewenezuela cumanaestadosunidosdevenezuela cumanarepublicabolivarianadevenezuela cumanarepublicadevenezuela cumanarepublicofvenezuela cumanasucrebolivarianrepublicofvenezuela cumanasucreestadosunidosdevenezuela cumanasucrerepublicabolivarianadevenezuela cumanasucrerepublicadevenezuela cumanasucrerepublicofvenezuela cumanasucreunitedstatesofvenezuela cumanasucrevenezuela cumanasucrevenezuelabolivarianrepublicof cumanasucrewenezuela cumanaunitedstatesofvenezuela cumanavenezuela cumanavenezuelabolivarianrepublicof cumanawenezuela	10.45397	-64.18256	5	1	424822	PPLA	America/Caracas	20
142	Cua	cua	3644918		Cúa	Cúa, Miranda, Venezuela	cuabolivarianrepublicofvenezuela cuaestadomirandabolivarianrepublicofvenezuela cuaestadomirandaestadosunidosdevenezuela cuaestadomirandarepublicabolivarianadevenezuela cuaestadomirandarepublicadevenezuela cuaestadomirandarepublicofvenezuela cuaestadomirandaunitedstatesofvenezuela cuaestadomirandavenezuela cuaestadomirandavenezuelabolivarianrepublicof cuaestadomirandawenezuela cuaestadosunidosdevenezuela cuamirandabolivarianrepublicofvenezuela cuamirandaestadosunidosdevenezuela cuamirandarepublicabolivarianadevenezuela cuamirandarepublicadevenezuela cuamirandarepublicofvenezuela cuamirandaunitedstatesofvenezuela cuamirandavenezuela cuamirandavenezuelabolivarianrepublicof cuamirandawenezuela cuarepublicabolivarianadevenezuela cuarepublicadevenezuela cuarepublicofvenezuela cuaunitedstatesofvenezuela cuavenezuela cuavenezuelabolivarianrepublicof cuawenezuela	10.16245	-66.88248	9	1	182558	PPLA2	America/Caracas	9
143	Coro	coro	3645213		Coro	Coro, Falcón, Venezuela	corobolivarianrepublicofvenezuela corocorobolivarianrepublicofvenezuela corocoroestadosunidosdevenezuela corocororepublicabolivarianadevenezuela corocororepublicadevenezuela corocororepublicofvenezuela corocorounitedstatesofvenezuela corocorovenezuela corocorovenezuelabolivarianrepublicof corocorowenezuela coroestadofalconbolivarianrepublicofvenezuela coroestadofalconestadosunidosdevenezuela coroestadofalconrepublicabolivarianadevenezuela coroestadofalconrepublicadevenezuela coroestadofalconrepublicofvenezuela coroestadofalconunitedstatesofvenezuela coroestadofalconvenezuela coroestadofalconvenezuelabolivarianrepublicof coroestadofalconwenezuela coroestadosunidosdevenezuela corofalconbolivarianrepublicofvenezuela corofalconestadosunidosdevenezuela corofalconrepublicabolivarianadevenezuela corofalconrepublicadevenezuela corofalconrepublicofvenezuela corofalconunitedstatesofvenezuela corofalconvenezuela corofalconvenezuelabolivarianrepublicof corofalconwenezuela cororepublicabolivarianadevenezuela cororepublicadevenezuela cororepublicofvenezuela corounitedstatesofvenezuela corovenezuela corovenezuelabolivarianrepublicof corowenezuela	11.40450	-69.67344	15	1	246657	PPLA	America/Caracas	\N
144	Coloncito	coloncito	3645360		Coloncito	Coloncito, Táchira, Venezuela	coloncitobolivarianrepublicofvenezuela coloncitoestadosunidosdevenezuela coloncitoestadotachirabolivarianrepublicofvenezuela coloncitoestadotachiraestadosunidosdevenezuela coloncitoestadotachirarepublicabolivarianadevenezuela coloncitoestadotachirarepublicadevenezuela coloncitoestadotachirarepublicofvenezuela coloncitoestadotachiraunitedstatesofvenezuela coloncitoestadotachiravenezuela coloncitoestadotachiravenezuelabolivarianrepublicof coloncitoestadotachirawenezuela coloncitorepublicabolivarianadevenezuela coloncitorepublicadevenezuela coloncitorepublicofvenezuela coloncitotachirabolivarianrepublicofvenezuela coloncitotachiraestadosunidosdevenezuela coloncitotachirarepublicabolivarianadevenezuela coloncitotachirarepublicadevenezuela coloncitotachirarepublicofvenezuela coloncitotachiraunitedstatesofvenezuela coloncitotachiravenezuela coloncitotachiravenezuelabolivarianrepublicof coloncitotachirawenezuela coloncitounitedstatesofvenezuela coloncitovenezuela coloncitovenezuelabolivarianrepublicof coloncitowenezuela	8.32611	-72.08742	4	1	25352	PPLA2	America/Caracas	56
146	Clarines	clarines	3645522		Clarines	Clarines, Anzoátegui, Venezuela	clarinesanzoateguibolivarianrepublicofvenezuela clarinesanzoateguiestadosunidosdevenezuela clarinesanzoateguirepublicabolivarianadevenezuela clarinesanzoateguirepublicadevenezuela clarinesanzoateguirepublicofvenezuela clarinesanzoateguiunitedstatesofvenezuela clarinesanzoateguivenezuela clarinesanzoateguivenezuelabolivarianrepublicof clarinesanzoateguiwenezuela clarinesbolivarianrepublicofvenezuela clarinesestadoanzoateguibolivarianrepublicofvenezuela clarinesestadoanzoateguiestadosunidosdevenezuela clarinesestadoanzoateguirepublicabolivarianadevenezuela clarinesestadoanzoateguirepublicadevenezuela clarinesestadoanzoateguirepublicofvenezuela clarinesestadoanzoateguiunitedstatesofvenezuela clarinesestadoanzoateguivenezuela clarinesestadoanzoateguivenezuelabolivarianrepublicof clarinesestadoanzoateguiwenezuela clarinesestadosunidosdevenezuela clarinesrepublicabolivarianadevenezuela clarinesrepublicadevenezuela clarinesrepublicofvenezuela clarinesunitedstatesofvenezuela clarinesvenezuela clarinesvenezuelabolivarianrepublicof clarineswenezuela	9.93991	-65.16517	23	1	21582	PPLA2	America/Caracas	261
147	Ciudad Piar	ciudad-piar	3645525	Cidade Pilar	Ciudad Piar	Ciudad Piar, Bolívar, Venezuela	cidadepilarbolivarbolivarianrepublicofvenezuela cidadepilarbolivarestadosunidosdevenezuela cidadepilarbolivarianrepublicofvenezuela cidadepilarbolivarrepublicabolivarianadevenezuela cidadepilarbolivarrepublicadevenezuela cidadepilarbolivarrepublicofvenezuela cidadepilarbolivarunitedstatesofvenezuela cidadepilarbolivarvenezuela cidadepilarbolivarvenezuelabolivarianrepublicof cidadepilarbolivarwenezuela cidadepilarestadobolivarbolivarianrepublicofvenezuela cidadepilarestadobolivarestadosunidosdevenezuela cidadepilarestadobolivarrepublicabolivarianadevenezuela cidadepilarestadobolivarrepublicadevenezuela cidadepilarestadobolivarrepublicofvenezuela cidadepilarestadobolivarunitedstatesofvenezuela cidadepilarestadobolivarvenezuela cidadepilarestadobolivarvenezuelabolivarianrepublicof cidadepilarestadobolivarwenezuela cidadepilarestadosunidosdevenezuela cidadepilarguayanabolivarianrepublicofvenezuela cidadepilarguayanaestadosunidosdevenezuela cidadepilarguayanarepublicabolivarianadevenezuela cidadepilarguayanarepublicadevenezuela cidadepilarguayanarepublicofvenezuela cidadepilarguayanaunitedstatesofvenezuela cidadepilarguayanavenezuela cidadepilarguayanavenezuelabolivarianrepublicof cidadepilarguayanawenezuela cidadepilarrepublicabolivarianadevenezuela cidadepilarrepublicadevenezuela cidadepilarrepublicofvenezuela cidadepilarunitedstatesofvenezuela cidadepilarvenezuela cidadepilarvenezuelabolivarianrepublicof cidadepilarwenezuela ciudadpiarbolivarbolivarianrepublicofvenezuela ciudadpiarbolivarestadosunidosdevenezuela ciudadpiarbolivarianrepublicofvenezuela ciudadpiarbolivarrepublicabolivarianadevenezuela ciudadpiarbolivarrepublicadevenezuela ciudadpiarbolivarrepublicofvenezuela ciudadpiarbolivarunitedstatesofvenezuela ciudadpiarbolivarvenezuela ciudadpiarbolivarvenezuelabolivarianrepublicof ciudadpiarbolivarwenezuela ciudadpiarestadobolivarbolivarianrepublicofvenezuela ciudadpiarestadobolivarestadosunidosdevenezuela ciudadpiarestadobolivarrepublicabolivarianadevenezuela ciudadpiarestadobolivarrepublicadevenezuela ciudadpiarestadobolivarrepublicofvenezuela ciudadpiarestadobolivarunitedstatesofvenezuela ciudadpiarestadobolivarvenezuela ciudadpiarestadobolivarvenezuelabolivarianrepublicof ciudadpiarestadobolivarwenezuela ciudadpiarestadosunidosdevenezuela ciudadpiarguayanabolivarianrepublicofvenezuela ciudadpiarguayanaestadosunidosdevenezuela ciudadpiarguayanarepublicabolivarianadevenezuela ciudadpiarguayanarepublicadevenezuela ciudadpiarguayanarepublicofvenezuela ciudadpiarguayanaunitedstatesofvenezuela ciudadpiarguayanavenezuela ciudadpiarguayanavenezuelabolivarianrepublicof ciudadpiarguayanawenezuela ciudadpiarrepublicabolivarianadevenezuela ciudadpiarrepublicadevenezuela ciudadpiarrepublicofvenezuela ciudadpiarunitedstatesofvenezuela ciudadpiarvenezuela ciudadpiarvenezuelabolivarianrepublicof ciudadpiarwenezuela	7.45209	-63.31992	19	1	51967	PPLA2	America/Caracas	\N
148	Ciudad Ojeda	ciudad-ojeda	3645527		Ciudad Ojeda	Ciudad Ojeda, Zulia, Venezuela	ciudadojedabolivarianrepublicofvenezuela ciudadojedaestadosunidosdevenezuela ciudadojedaestadozuliabolivarianrepublicofvenezuela ciudadojedaestadozuliaestadosunidosdevenezuela ciudadojedaestadozuliarepublicabolivarianadevenezuela ciudadojedaestadozuliarepublicadevenezuela ciudadojedaestadozuliarepublicofvenezuela ciudadojedaestadozuliaunitedstatesofvenezuela ciudadojedaestadozuliavenezuela ciudadojedaestadozuliavenezuelabolivarianrepublicof ciudadojedaestadozuliawenezuela ciudadojedarepublicabolivarianadevenezuela ciudadojedarepublicadevenezuela ciudadojedarepublicofvenezuela ciudadojedaunitedstatesofvenezuela ciudadojedavenezuela ciudadojedavenezuelabolivarianrepublicof ciudadojedawenezuela ciudadojedazuliabolivarianrepublicofvenezuela ciudadojedazuliaestadosunidosdevenezuela ciudadojedazuliarepublicabolivarianadevenezuela ciudadojedazuliarepublicadevenezuela ciudadojedazuliarepublicofvenezuela ciudadojedazuliaunitedstatesofvenezuela ciudadojedazuliavenezuela ciudadojedazuliavenezuelabolivarianrepublicof ciudadojedazuliawenezuela	10.20161	-71.31480	1	1	156957	PPLA2	America/Caracas	222
149	Ciudad Guayana	ciudad-guayana	3645528	Cidade Guaiana	Ciudad Guayana	Ciudad Guayana, Bolívar, Venezuela	cidadeguaianabolivarbolivarianrepublicofvenezuela cidadeguaianabolivarestadosunidosdevenezuela cidadeguaianabolivarianrepublicofvenezuela cidadeguaianabolivarrepublicabolivarianadevenezuela cidadeguaianabolivarrepublicadevenezuela cidadeguaianabolivarrepublicofvenezuela cidadeguaianabolivarunitedstatesofvenezuela cidadeguaianabolivarvenezuela cidadeguaianabolivarvenezuelabolivarianrepublicof cidadeguaianabolivarwenezuela cidadeguaianaestadobolivarbolivarianrepublicofvenezuela cidadeguaianaestadobolivarestadosunidosdevenezuela cidadeguaianaestadobolivarrepublicabolivarianadevenezuela cidadeguaianaestadobolivarrepublicadevenezuela cidadeguaianaestadobolivarrepublicofvenezuela cidadeguaianaestadobolivarunitedstatesofvenezuela cidadeguaianaestadobolivarvenezuela cidadeguaianaestadobolivarvenezuelabolivarianrepublicof cidadeguaianaestadobolivarwenezuela cidadeguaianaestadosunidosdevenezuela cidadeguaianaguayanabolivarianrepublicofvenezuela cidadeguaianaguayanaestadosunidosdevenezuela cidadeguaianaguayanarepublicabolivarianadevenezuela cidadeguaianaguayanarepublicadevenezuela cidadeguaianaguayanarepublicofvenezuela cidadeguaianaguayanaunitedstatesofvenezuela cidadeguaianaguayanavenezuela cidadeguaianaguayanavenezuelabolivarianrepublicof cidadeguaianaguayanawenezuela cidadeguaianarepublicabolivarianadevenezuela cidadeguaianarepublicadevenezuela cidadeguaianarepublicofvenezuela cidadeguaianaunitedstatesofvenezuela cidadeguaianavenezuela cidadeguaianavenezuelabolivarianrepublicof cidadeguaianawenezuela ciudadguayanabolivarbolivarianrepublicofvenezuela ciudadguayanabolivarestadosunidosdevenezuela ciudadguayanabolivarianrepublicofvenezuela ciudadguayanabolivarrepublicabolivarianadevenezuela ciudadguayanabolivarrepublicadevenezuela ciudadguayanabolivarrepublicofvenezuela ciudadguayanabolivarunitedstatesofvenezuela ciudadguayanabolivarvenezuela ciudadguayanabolivarvenezuelabolivarianrepublicof ciudadguayanabolivarwenezuela ciudadguayanaestadobolivarbolivarianrepublicofvenezuela ciudadguayanaestadobolivarestadosunidosdevenezuela ciudadguayanaestadobolivarrepublicabolivarianadevenezuela ciudadguayanaestadobolivarrepublicadevenezuela ciudadguayanaestadobolivarrepublicofvenezuela ciudadguayanaestadobolivarunitedstatesofvenezuela ciudadguayanaestadobolivarvenezuela ciudadguayanaestadobolivarvenezuelabolivarianrepublicof ciudadguayanaestadobolivarwenezuela ciudadguayanaestadosunidosdevenezuela ciudadguayanaguayanabolivarianrepublicofvenezuela ciudadguayanaguayanaestadosunidosdevenezuela ciudadguayanaguayanarepublicabolivarianadevenezuela ciudadguayanaguayanarepublicadevenezuela ciudadguayanaguayanarepublicofvenezuela ciudadguayanaguayanaunitedstatesofvenezuela ciudadguayanaguayanavenezuela ciudadguayanaguayanavenezuelabolivarianrepublicof ciudadguayanaguayanawenezuela ciudadguayanarepublicabolivarianadevenezuela ciudadguayanarepublicadevenezuela ciudadguayanarepublicofvenezuela ciudadguayanaunitedstatesofvenezuela ciudadguayanavenezuela ciudadguayanavenezuelabolivarianrepublicof ciudadguayanawenezuela	8.35122	-62.64102	19	1	950052	PPLA2	America/Caracas	118
150	Ciudad Bolivia	ciudad-bolivia	3645531		Ciudad Bolivia	Ciudad Bolivia, Barinas, Venezuela	ciudadboliviabarinasbolivarianrepublicofvenezuela ciudadboliviabarinasestadosunidosdevenezuela ciudadboliviabarinasrepublicabolivarianadevenezuela ciudadboliviabarinasrepublicadevenezuela ciudadboliviabarinasrepublicofvenezuela ciudadboliviabarinasunitedstatesofvenezuela ciudadboliviabarinasvenezuela ciudadboliviabarinasvenezuelabolivarianrepublicof ciudadboliviabarinaswenezuela ciudadboliviabolivarianrepublicofvenezuela ciudadboliviaestadobarinasbolivarianrepublicofvenezuela ciudadboliviaestadobarinasestadosunidosdevenezuela ciudadboliviaestadobarinasrepublicabolivarianadevenezuela ciudadboliviaestadobarinasrepublicadevenezuela ciudadboliviaestadobarinasrepublicofvenezuela ciudadboliviaestadobarinasunitedstatesofvenezuela ciudadboliviaestadobarinasvenezuela ciudadboliviaestadobarinasvenezuelabolivarianrepublicof ciudadboliviaestadobarinaswenezuela ciudadboliviaestadosunidosdevenezuela ciudadboliviarepublicabolivarianadevenezuela ciudadboliviarepublicadevenezuela ciudadboliviarepublicofvenezuela ciudadboliviaunitedstatesofvenezuela ciudadboliviavenezuela ciudadboliviavenezuelabolivarianrepublicof ciudadboliviawenezuela	8.35304	-70.57121	20	1	52476	PPLA2	America/Caracas	54
151	Ciudad Bolivar	ciudad-bolivar	3645532		Ciudad Bolívar	Ciudad Bolívar, Bolívar, Venezuela	ciudadbolivarbolivarbolivarianrepublicofvenezuela ciudadbolivarbolivarestadosunidosdevenezuela ciudadbolivarbolivarianrepublicofvenezuela ciudadbolivarbolivarrepublicabolivarianadevenezuela ciudadbolivarbolivarrepublicadevenezuela ciudadbolivarbolivarrepublicofvenezuela ciudadbolivarbolivarunitedstatesofvenezuela ciudadbolivarbolivarvenezuela ciudadbolivarbolivarvenezuelabolivarianrepublicof ciudadbolivarbolivarwenezuela ciudadbolivarestadobolivarbolivarianrepublicofvenezuela ciudadbolivarestadobolivarestadosunidosdevenezuela ciudadbolivarestadobolivarrepublicabolivarianadevenezuela ciudadbolivarestadobolivarrepublicadevenezuela ciudadbolivarestadobolivarrepublicofvenezuela ciudadbolivarestadobolivarunitedstatesofvenezuela ciudadbolivarestadobolivarvenezuela ciudadbolivarestadobolivarvenezuelabolivarianrepublicof ciudadbolivarestadobolivarwenezuela ciudadbolivarestadosunidosdevenezuela ciudadbolivarguayanabolivarianrepublicofvenezuela ciudadbolivarguayanaestadosunidosdevenezuela ciudadbolivarguayanarepublicabolivarianadevenezuela ciudadbolivarguayanarepublicadevenezuela ciudadbolivarguayanarepublicofvenezuela ciudadbolivarguayanaunitedstatesofvenezuela ciudadbolivarguayanavenezuela ciudadbolivarguayanavenezuelabolivarianrepublicof ciudadbolivarguayanawenezuela ciudadbolivarrepublicabolivarianadevenezuela ciudadbolivarrepublicadevenezuela ciudadbolivarrepublicofvenezuela ciudadbolivarunitedstatesofvenezuela ciudadbolivarvenezuela ciudadbolivarvenezuelabolivarianrepublicof ciudadbolivarwenezuela	8.12923	-63.54086	19	1	431481	PPLA	America/Caracas	\N
152	Chivacoa	chivacoa	3645671		Chivacoa	Chivacoa, Yaracuy, Venezuela	chivacoabolivarianrepublicofvenezuela chivacoaestadosunidosdevenezuela chivacoaestadoyaracuybolivarianrepublicofvenezuela chivacoaestadoyaracuyestadosunidosdevenezuela chivacoaestadoyaracuyrepublicabolivarianadevenezuela chivacoaestadoyaracuyrepublicadevenezuela chivacoaestadoyaracuyrepublicofvenezuela chivacoaestadoyaracuyunitedstatesofvenezuela chivacoaestadoyaracuyvenezuela chivacoaestadoyaracuyvenezuelabolivarianrepublicof chivacoaestadoyaracuywenezuela chivacoarepublicabolivarianadevenezuela chivacoarepublicadevenezuela chivacoarepublicofvenezuela chivacoaunitedstatesofvenezuela chivacoavenezuela chivacoavenezuelabolivarianrepublicof chivacoawenezuela chivacoayaracuybolivarianrepublicofvenezuela chivacoayaracuyestadosunidosdevenezuela chivacoayaracuyrepublicabolivarianadevenezuela chivacoayaracuyrepublicadevenezuela chivacoayaracuyrepublicofvenezuela chivacoayaracuyunitedstatesofvenezuela chivacoayaracuyvenezuela chivacoayaracuyvenezuelabolivarianrepublicof chivacoayaracuywenezuela	10.15951	-68.89453	2	1	70298	PPLA2	America/Caracas	126
153	Chiquinquira	chiquinquira	3645727		Chiquinquirá	Chiquinquirá, Zulia, Venezuela	chiquinquirabolivarianrepublicofvenezuela chiquinquiraestadosunidosdevenezuela chiquinquiraestadozuliabolivarianrepublicofvenezuela chiquinquiraestadozuliaestadosunidosdevenezuela chiquinquiraestadozuliarepublicabolivarianadevenezuela chiquinquiraestadozuliarepublicadevenezuela chiquinquiraestadozuliarepublicofvenezuela chiquinquiraestadozuliaunitedstatesofvenezuela chiquinquiraestadozuliavenezuela chiquinquiraestadozuliavenezuelabolivarianrepublicof chiquinquiraestadozuliawenezuela chiquinquirarepublicabolivarianadevenezuela chiquinquirarepublicadevenezuela chiquinquirarepublicofvenezuela chiquinquiraunitedstatesofvenezuela chiquinquiravenezuela chiquinquiravenezuelabolivarianrepublicof chiquinquirawenezuela chiquinquirazuliabolivarianrepublicofvenezuela chiquinquirazuliaestadosunidosdevenezuela chiquinquirazuliarepublicabolivarianadevenezuela chiquinquirazuliarepublicadevenezuela chiquinquirazuliarepublicofvenezuela chiquinquirazuliaunitedstatesofvenezuela chiquinquirazuliavenezuela chiquinquirazuliavenezuelabolivarianrepublicof chiquinquirazuliawenezuela	10.44333	-71.64722	1	1	17271	PPL	America/Caracas	\N
154	Charallave	charallave	3645854		Charallave	Charallave, Miranda, Venezuela	charallavebolivarianrepublicofvenezuela charallaveestadomirandabolivarianrepublicofvenezuela charallaveestadomirandaestadosunidosdevenezuela charallaveestadomirandarepublicabolivarianadevenezuela charallaveestadomirandarepublicadevenezuela charallaveestadomirandarepublicofvenezuela charallaveestadomirandaunitedstatesofvenezuela charallaveestadomirandavenezuela charallaveestadomirandavenezuelabolivarianrepublicof charallaveestadomirandawenezuela charallaveestadosunidosdevenezuela charallavemirandabolivarianrepublicofvenezuela charallavemirandaestadosunidosdevenezuela charallavemirandarepublicabolivarianadevenezuela charallavemirandarepublicadevenezuela charallavemirandarepublicofvenezuela charallavemirandaunitedstatesofvenezuela charallavemirandavenezuela charallavemirandavenezuelabolivarianrepublicof charallavemirandawenezuela charallaverepublicabolivarianadevenezuela charallaverepublicadevenezuela charallaverepublicofvenezuela charallaveunitedstatesofvenezuela charallavevenezuela charallavevenezuelabolivarianrepublicof charallavewenezuela	10.24247	-66.85723	9	1	129182	PPLA2	America/Caracas	111
155	Chaguaramas	chaguaramas	3645944		Chaguaramas	Chaguaramas, Guárico, Venezuela	chaguaramasbolivarianrepublicofvenezuela chaguaramasestadoguaricobolivarianrepublicofvenezuela chaguaramasestadoguaricoestadosunidosdevenezuela chaguaramasestadoguaricorepublicabolivarianadevenezuela chaguaramasestadoguaricorepublicadevenezuela chaguaramasestadoguaricorepublicofvenezuela chaguaramasestadoguaricounitedstatesofvenezuela chaguaramasestadoguaricovenezuela chaguaramasestadoguaricovenezuelabolivarianrepublicof chaguaramasestadoguaricowenezuela chaguaramasestadosunidosdevenezuela chaguaramasguaricobolivarianrepublicofvenezuela chaguaramasguaricoestadosunidosdevenezuela chaguaramasguaricorepublicabolivarianadevenezuela chaguaramasguaricorepublicadevenezuela chaguaramasguaricorepublicofvenezuela chaguaramasguaricounitedstatesofvenezuela chaguaramasguaricovenezuela chaguaramasguaricovenezuelabolivarianrepublicof chaguaramasguaricowenezuela chaguaramasrepublicabolivarianadevenezuela chaguaramasrepublicadevenezuela chaguaramasrepublicofvenezuela chaguaramasunitedstatesofvenezuela chaguaramasvenezuela chaguaramasvenezuelabolivarianrepublicof chaguaramaswenezuela	9.33754	-66.25282	12	1	17728	PPLA2	America/Caracas	204
156	Chacao	chacao	3645981	Municipio Chacao	Chacao	Chacao, Miranda, Venezuela	chacaobolivarianrepublicofvenezuela chacaoestadomirandabolivarianrepublicofvenezuela chacaoestadomirandaestadosunidosdevenezuela chacaoestadomirandarepublicabolivarianadevenezuela chacaoestadomirandarepublicadevenezuela chacaoestadomirandarepublicofvenezuela chacaoestadomirandaunitedstatesofvenezuela chacaoestadomirandavenezuela chacaoestadomirandavenezuelabolivarianrepublicof chacaoestadomirandawenezuela chacaoestadosunidosdevenezuela chacaomirandabolivarianrepublicofvenezuela chacaomirandaestadosunidosdevenezuela chacaomirandarepublicabolivarianadevenezuela chacaomirandarepublicadevenezuela chacaomirandarepublicofvenezuela chacaomirandaunitedstatesofvenezuela chacaomirandavenezuela chacaomirandavenezuelabolivarianrepublicof chacaomirandawenezuela chacaorepublicabolivarianadevenezuela chacaorepublicadevenezuela chacaorepublicofvenezuela chacaounitedstatesofvenezuela chacaovenezuela chacaovenezuelabolivarianrepublicof chacaowenezuela municipiochacaobolivarianrepublicofvenezuela municipiochacaoestadomirandabolivarianrepublicofvenezuela municipiochacaoestadomirandaestadosunidosdevenezuela municipiochacaoestadomirandarepublicabolivarianadevenezuela municipiochacaoestadomirandarepublicadevenezuela municipiochacaoestadomirandarepublicofvenezuela municipiochacaoestadomirandaunitedstatesofvenezuela municipiochacaoestadomirandavenezuela municipiochacaoestadomirandavenezuelabolivarianrepublicof municipiochacaoestadomirandawenezuela municipiochacaoestadosunidosdevenezuela municipiochacaomirandabolivarianrepublicofvenezuela municipiochacaomirandaestadosunidosdevenezuela municipiochacaomirandarepublicabolivarianadevenezuela municipiochacaomirandarepublicadevenezuela municipiochacaomirandarepublicofvenezuela municipiochacaomirandaunitedstatesofvenezuela municipiochacaomirandavenezuela municipiochacaomirandavenezuelabolivarianrepublicof municipiochacaomirandawenezuela municipiochacaorepublicabolivarianadevenezuela municipiochacaorepublicadevenezuela municipiochacaorepublicofvenezuela municipiochacaounitedstatesofvenezuela municipiochacaovenezuela municipiochacaovenezuelabolivarianrepublicof municipiochacaowenezuela	10.49581	-66.85367	9	1	64609	PPLA2	America/Caracas	191
157	Tacarigua	tacarigua	3646062		Tacarigua	Tacarigua, Carabobo, Venezuela	tacariguabolivarianrepublicofvenezuela tacariguacarabobobolivarianrepublicofvenezuela tacariguacaraboboestadosunidosdevenezuela tacariguacaraboborepublicabolivarianadevenezuela tacariguacaraboborepublicadevenezuela tacariguacaraboborepublicofvenezuela tacariguacarabobounitedstatesofvenezuela tacariguacarabobovenezuela tacariguacarabobovenezuelabolivarianrepublicof tacariguacarabobowenezuela tacariguaestadocarabobobolivarianrepublicofvenezuela tacariguaestadocaraboboestadosunidosdevenezuela tacariguaestadocaraboborepublicabolivarianadevenezuela tacariguaestadocaraboborepublicadevenezuela tacariguaestadocaraboborepublicofvenezuela tacariguaestadocarabobounitedstatesofvenezuela tacariguaestadocarabobovenezuela tacariguaestadocarabobovenezuelabolivarianrepublicof tacariguaestadocarabobowenezuela tacariguaestadosunidosdevenezuela tacariguarepublicabolivarianadevenezuela tacariguarepublicadevenezuela tacariguarepublicofvenezuela tacariguaunitedstatesofvenezuela tacariguavenezuela tacariguavenezuelabolivarianrepublicof tacariguawenezuela	10.08621	-67.91982	18	1	69636	PPL	America/Caracas	\N
158	Caucaguito	caucaguito	3646169		Caucagüito	Caucagüito, Miranda, Venezuela	caucaguitobolivarianrepublicofvenezuela caucaguitoestadomirandabolivarianrepublicofvenezuela caucaguitoestadomirandaestadosunidosdevenezuela caucaguitoestadomirandarepublicabolivarianadevenezuela caucaguitoestadomirandarepublicadevenezuela caucaguitoestadomirandarepublicofvenezuela caucaguitoestadomirandaunitedstatesofvenezuela caucaguitoestadomirandavenezuela caucaguitoestadomirandavenezuelabolivarianrepublicof caucaguitoestadomirandawenezuela caucaguitoestadosunidosdevenezuela caucaguitomirandabolivarianrepublicofvenezuela caucaguitomirandaestadosunidosdevenezuela caucaguitomirandarepublicabolivarianadevenezuela caucaguitomirandarepublicadevenezuela caucaguitomirandarepublicofvenezuela caucaguitomirandaunitedstatesofvenezuela caucaguitomirandavenezuela caucaguitomirandavenezuelabolivarianrepublicof caucaguitomirandawenezuela caucaguitorepublicabolivarianadevenezuela caucaguitorepublicadevenezuela caucaguitorepublicofvenezuela caucaguitounitedstatesofvenezuela caucaguitovenezuela caucaguitovenezuelabolivarianrepublicof caucaguitowenezuela	10.48666	-66.73799	9	1	52556	PPL	America/Caracas	\N
159	Caucagua	caucagua	3646175		Caucagua	Caucagua, Miranda, Venezuela	caucaguabolivarianrepublicofvenezuela caucaguaestadomirandabolivarianrepublicofvenezuela caucaguaestadomirandaestadosunidosdevenezuela caucaguaestadomirandarepublicabolivarianadevenezuela caucaguaestadomirandarepublicadevenezuela caucaguaestadomirandarepublicofvenezuela caucaguaestadomirandaunitedstatesofvenezuela caucaguaestadomirandavenezuela caucaguaestadomirandavenezuelabolivarianrepublicof caucaguaestadomirandawenezuela caucaguaestadosunidosdevenezuela caucaguamirandabolivarianrepublicofvenezuela caucaguamirandaestadosunidosdevenezuela caucaguamirandarepublicabolivarianadevenezuela caucaguamirandarepublicadevenezuela caucaguamirandarepublicofvenezuela caucaguamirandaunitedstatesofvenezuela caucaguamirandavenezuela caucaguamirandavenezuelabolivarianrepublicof caucaguamirandawenezuela caucaguarepublicabolivarianadevenezuela caucaguarepublicadevenezuela caucaguarepublicofvenezuela caucaguaunitedstatesofvenezuela caucaguavenezuela caucaguavenezuelabolivarianrepublicof caucaguawenezuela	10.28310	-66.37591	9	1	31788	PPLA2	America/Caracas	157
160	Catia La Mar	catia-la-mar	3646190		Catia La Mar	Catia La Mar, Vargas, Venezuela	catialamarbolivarianrepublicofvenezuela catialamarestadolaguairabolivarianrepublicofvenezuela catialamarestadolaguairaestadosunidosdevenezuela catialamarestadolaguairarepublicabolivarianadevenezuela catialamarestadolaguairarepublicadevenezuela catialamarestadolaguairarepublicofvenezuela catialamarestadolaguairaunitedstatesofvenezuela catialamarestadolaguairavenezuela catialamarestadolaguairavenezuelabolivarianrepublicof catialamarestadolaguairawenezuela catialamarestadosunidosdevenezuela catialamarlaguairabolivarianrepublicofvenezuela catialamarlaguairaestadosunidosdevenezuela catialamarlaguairarepublicabolivarianadevenezuela catialamarlaguairarepublicadevenezuela catialamarlaguairarepublicofvenezuela catialamarlaguairaunitedstatesofvenezuela catialamarlaguairavenezuela catialamarlaguairavenezuelabolivarianrepublicof catialamarlaguairawenezuela catialamarrepublicabolivarianadevenezuela catialamarrepublicadevenezuela catialamarrepublicofvenezuela catialamarunitedstatesofvenezuela catialamarvargasbolivarianrepublicofvenezuela catialamarvargasestadosunidosdevenezuela catialamarvargasrepublicabolivarianadevenezuela catialamarvargasrepublicadevenezuela catialamarvargasrepublicofvenezuela catialamarvargasunitedstatesofvenezuela catialamarvargasvenezuela catialamarvargasvenezuelabolivarianrepublicof catialamarvargaswenezuela catialamarvenezuela catialamarvenezuelabolivarianrepublicof catialamarwenezuela	10.60545	-67.03238	25	1	106822	PPLA3	America/Caracas	\N
161	Casigua El Cubo	casigua-el-cubo	3646296	Casigua-El Cubo	Casigua El Cubo	Casigua El Cubo, Zulia, Venezuela	casiguaelcubobolivarianrepublicofvenezuela casiguaelcuboestadosunidosdevenezuela casiguaelcuboestadozuliabolivarianrepublicofvenezuela casiguaelcuboestadozuliaestadosunidosdevenezuela casiguaelcuboestadozuliarepublicabolivarianadevenezuela casiguaelcuboestadozuliarepublicadevenezuela casiguaelcuboestadozuliarepublicofvenezuela casiguaelcuboestadozuliaunitedstatesofvenezuela casiguaelcuboestadozuliavenezuela casiguaelcuboestadozuliavenezuelabolivarianrepublicof casiguaelcuboestadozuliawenezuela casiguaelcuborepublicabolivarianadevenezuela casiguaelcuborepublicadevenezuela casiguaelcuborepublicofvenezuela casiguaelcubounitedstatesofvenezuela casiguaelcubovenezuela casiguaelcubovenezuelabolivarianrepublicof casiguaelcubowenezuela casiguaelcubozuliabolivarianrepublicofvenezuela casiguaelcubozuliaestadosunidosdevenezuela casiguaelcubozuliarepublicabolivarianadevenezuela casiguaelcubozuliarepublicadevenezuela casiguaelcubozuliarepublicofvenezuela casiguaelcubozuliaunitedstatesofvenezuela casiguaelcubozuliavenezuela casiguaelcubozuliavenezuelabolivarianrepublicof casiguaelcubozuliawenezuela	8.74602	-72.51889	1	1	24592	PPLA2	America/Caracas	278
162	Casanay	casanay	3646316		Casanay	Casanay, Sucre, Venezuela	casanaybolivarianrepublicofvenezuela casanayestadosucrebolivarianrepublicofvenezuela casanayestadosucreestadosunidosdevenezuela casanayestadosucrerepublicabolivarianadevenezuela casanayestadosucrerepublicadevenezuela casanayestadosucrerepublicofvenezuela casanayestadosucreunitedstatesofvenezuela casanayestadosucrevenezuela casanayestadosucrevenezuelabolivarianrepublicof casanayestadosucrewenezuela casanayestadosunidosdevenezuela casanayrepublicabolivarianadevenezuela casanayrepublicadevenezuela casanayrepublicofvenezuela casanaysucrebolivarianrepublicofvenezuela casanaysucreestadosunidosdevenezuela casanaysucrerepublicabolivarianadevenezuela casanaysucrerepublicadevenezuela casanaysucrerepublicofvenezuela casanaysucreunitedstatesofvenezuela casanaysucrevenezuela casanaysucrevenezuelabolivarianrepublicof casanaysucrewenezuela casanayunitedstatesofvenezuela casanayvenezuela casanayvenezuelabolivarianrepublicof casanaywenezuela	10.50420	-63.41729	5	1	20609	PPLA2	America/Caracas	150
163	Carupano	carupano	3646382		Carúpano	Carúpano, Sucre, Venezuela	carupanobolivarianrepublicofvenezuela carupanoestadosucrebolivarianrepublicofvenezuela carupanoestadosucreestadosunidosdevenezuela carupanoestadosucrerepublicabolivarianadevenezuela carupanoestadosucrerepublicadevenezuela carupanoestadosucrerepublicofvenezuela carupanoestadosucreunitedstatesofvenezuela carupanoestadosucrevenezuela carupanoestadosucrevenezuelabolivarianrepublicof carupanoestadosucrewenezuela carupanoestadosunidosdevenezuela carupanorepublicabolivarianadevenezuela carupanorepublicadevenezuela carupanorepublicofvenezuela carupanosucrebolivarianrepublicofvenezuela carupanosucreestadosunidosdevenezuela carupanosucrerepublicabolivarianadevenezuela carupanosucrerepublicadevenezuela carupanosucrerepublicofvenezuela carupanosucreunitedstatesofvenezuela carupanosucrevenezuela carupanosucrevenezuelabolivarianrepublicof carupanosucrewenezuela carupanounitedstatesofvenezuela carupanovenezuela carupanovenezuelabolivarianrepublicof carupanowenezuela	10.66516	-63.25387	5	1	167187	PPLA2	America/Caracas	134
164	Carrizal	carrizal	3646451		Carrizal	Carrizal, Miranda, Venezuela	carrizalbolivarianrepublicofvenezuela carrizalestadomirandabolivarianrepublicofvenezuela carrizalestadomirandaestadosunidosdevenezuela carrizalestadomirandarepublicabolivarianadevenezuela carrizalestadomirandarepublicadevenezuela carrizalestadomirandarepublicofvenezuela carrizalestadomirandaunitedstatesofvenezuela carrizalestadomirandavenezuela carrizalestadomirandavenezuelabolivarianrepublicof carrizalestadomirandawenezuela carrizalestadosunidosdevenezuela carrizalmirandabolivarianrepublicofvenezuela carrizalmirandaestadosunidosdevenezuela carrizalmirandarepublicabolivarianadevenezuela carrizalmirandarepublicadevenezuela carrizalmirandarepublicofvenezuela carrizalmirandaunitedstatesofvenezuela carrizalmirandavenezuela carrizalmirandavenezuelabolivarianrepublicof carrizalmirandawenezuela carrizalrepublicabolivarianadevenezuela carrizalrepublicadevenezuela carrizalrepublicofvenezuela carrizalunitedstatesofvenezuela carrizalvenezuela carrizalvenezuelabolivarianrepublicof carrizalwenezuela	10.34985	-66.98632	9	1	40618	PPLA2	America/Caracas	307
165	Carora	carora	3646487		Carora	Carora, Lara, Venezuela	carorabarquisimetobolivarianrepublicofvenezuela carorabarquisimetoestadosunidosdevenezuela carorabarquisimetorepublicabolivarianadevenezuela carorabarquisimetorepublicadevenezuela carorabarquisimetorepublicofvenezuela carorabarquisimetounitedstatesofvenezuela carorabarquisimetovenezuela carorabarquisimetovenezuelabolivarianrepublicof carorabarquisimetowenezuela carorabolivarianrepublicofvenezuela caroraestadolarabolivarianrepublicofvenezuela caroraestadolaraestadosunidosdevenezuela caroraestadolararepublicabolivarianadevenezuela caroraestadolararepublicadevenezuela caroraestadolararepublicofvenezuela caroraestadolaraunitedstatesofvenezuela caroraestadolaravenezuela caroraestadolaravenezuelabolivarianrepublicof caroraestadolarawenezuela caroraestadosunidosdevenezuela caroralarabolivarianrepublicofvenezuela caroralaraestadosunidosdevenezuela caroralararepublicabolivarianadevenezuela caroralararepublicadevenezuela caroralararepublicofvenezuela caroralaraunitedstatesofvenezuela caroralaravenezuela caroralaravenezuelabolivarianrepublicof caroralarawenezuela carorarepublicabolivarianadevenezuela carorarepublicadevenezuela carorarepublicofvenezuela caroraunitedstatesofvenezuela caroravenezuela caroravenezuelabolivarianrepublicof carorawenezuela	10.17283	-70.08100	11	1	121741	PPLA2	America/Caracas	18
166	Caripito	caripito	3646534		Caripito	Caripito, Monagas, Venezuela	caripitobolivarianrepublicofvenezuela caripitoestadomaturinbolivarianrepublicofvenezuela caripitoestadomaturinestadosunidosdevenezuela caripitoestadomaturinrepublicabolivarianadevenezuela caripitoestadomaturinrepublicadevenezuela caripitoestadomaturinrepublicofvenezuela caripitoestadomaturinunitedstatesofvenezuela caripitoestadomaturinvenezuela caripitoestadomaturinvenezuelabolivarianrepublicof caripitoestadomaturinwenezuela caripitoestadomonagasbolivarianrepublicofvenezuela caripitoestadomonagasestadosunidosdevenezuela caripitoestadomonagasrepublicabolivarianadevenezuela caripitoestadomonagasrepublicadevenezuela caripitoestadomonagasrepublicofvenezuela caripitoestadomonagasunitedstatesofvenezuela caripitoestadomonagasvenezuela caripitoestadomonagasvenezuelabolivarianrepublicof caripitoestadomonagaswenezuela caripitoestadosunidosdevenezuela caripitomonagasbolivarianrepublicofvenezuela caripitomonagasestadosunidosdevenezuela caripitomonagasrepublicabolivarianadevenezuela caripitomonagasrepublicadevenezuela caripitomonagasrepublicofvenezuela caripitomonagasunitedstatesofvenezuela caripitomonagasvenezuela caripitomonagasvenezuelabolivarianrepublicof caripitomonagaswenezuela caripitorepublicabolivarianadevenezuela caripitorepublicadevenezuela caripitorepublicofvenezuela caripitounitedstatesofvenezuela caripitovenezuela caripitovenezuelabolivarianrepublicof caripitowenezuela	10.11135	-63.09985	8	1	43448	PPLA2	America/Caracas	130
167	Cariaco	cariaco	3646581		Cariaco	Cariaco, Sucre, Venezuela	cariacobolivarianrepublicofvenezuela cariacoestadosucrebolivarianrepublicofvenezuela cariacoestadosucreestadosunidosdevenezuela cariacoestadosucrerepublicabolivarianadevenezuela cariacoestadosucrerepublicadevenezuela cariacoestadosucrerepublicofvenezuela cariacoestadosucreunitedstatesofvenezuela cariacoestadosucrevenezuela cariacoestadosucrevenezuelabolivarianrepublicof cariacoestadosucrewenezuela cariacoestadosunidosdevenezuela cariacorepublicabolivarianadevenezuela cariacorepublicadevenezuela cariacorepublicofvenezuela cariacosucrebolivarianrepublicofvenezuela cariacosucreestadosunidosdevenezuela cariacosucrerepublicabolivarianadevenezuela cariacosucrerepublicadevenezuela cariacosucrerepublicofvenezuela cariacosucreunitedstatesofvenezuela cariacosucrevenezuela cariacosucrevenezuelabolivarianrepublicof cariacosucrewenezuela cariacounitedstatesofvenezuela cariacovenezuela cariacovenezuelabolivarianrepublicof cariacowenezuela	10.49682	-63.55286	5	1	41589	PPLA2	America/Caracas	44
168	Caracas	caracas	3646738		Caracas	Caracas, Distrito Federal, Venezuela	caracasbolivarianrepublicofvenezuela caracasdfbolivarianrepublicofvenezuela caracasdfestadosunidosdevenezuela caracasdfrepublicabolivarianadevenezuela caracasdfrepublicadevenezuela caracasdfrepublicofvenezuela caracasdfunitedstatesofvenezuela caracasdfvenezuela caracasdfvenezuelabolivarianrepublicof caracasdfwenezuela caracasdistritofederalbolivarianrepublicofvenezuela caracasdistritofederalestadosunidosdevenezuela caracasdistritofederalrepublicabolivarianadevenezuela caracasdistritofederalrepublicadevenezuela caracasdistritofederalrepublicofvenezuela caracasdistritofederalunitedstatesofvenezuela caracasdistritofederalvenezuela caracasdistritofederalvenezuelabolivarianrepublicof caracasdistritofederalwenezuela caracasestadosunidosdevenezuela caracasrepublicabolivarianadevenezuela caracasrepublicadevenezuela caracasrepublicofvenezuela caracasunitedstatesofvenezuela caracasvenezuela caracasvenezuelabolivarianrepublicof caracaswenezuela	10.48801	-66.87919	14	1	3000000	PPLC	America/Caracas	269
169	Caraballeda	caraballeda	3646767		Caraballeda	Caraballeda, Vargas, Venezuela	caraballedabolivarianrepublicofvenezuela caraballedaestadolaguairabolivarianrepublicofvenezuela caraballedaestadolaguairaestadosunidosdevenezuela caraballedaestadolaguairarepublicabolivarianadevenezuela caraballedaestadolaguairarepublicadevenezuela caraballedaestadolaguairarepublicofvenezuela caraballedaestadolaguairaunitedstatesofvenezuela caraballedaestadolaguairavenezuela caraballedaestadolaguairavenezuelabolivarianrepublicof caraballedaestadolaguairawenezuela caraballedaestadosunidosdevenezuela caraballedalaguairabolivarianrepublicofvenezuela caraballedalaguairaestadosunidosdevenezuela caraballedalaguairarepublicabolivarianadevenezuela caraballedalaguairarepublicadevenezuela caraballedalaguairarepublicofvenezuela caraballedalaguairaunitedstatesofvenezuela caraballedalaguairavenezuela caraballedalaguairavenezuelabolivarianrepublicof caraballedalaguairawenezuela caraballedarepublicabolivarianadevenezuela caraballedarepublicadevenezuela caraballedarepublicofvenezuela caraballedaunitedstatesofvenezuela caraballedavargasbolivarianrepublicofvenezuela caraballedavargasestadosunidosdevenezuela caraballedavargasrepublicabolivarianadevenezuela caraballedavargasrepublicadevenezuela caraballedavargasrepublicofvenezuela caraballedavargasunitedstatesofvenezuela caraballedavargasvenezuela caraballedavargasvenezuelabolivarianrepublicof caraballedavargaswenezuela caraballedavenezuela caraballedavenezuelabolivarianrepublicof caraballedawenezuela	10.61216	-66.85192	25	1	37824	PPLA3	America/Caracas	\N
170	Cantaura	cantaura	3646869		Cantaura	Cantaura, Anzoátegui, Venezuela	cantauraanzoateguibolivarianrepublicofvenezuela cantauraanzoateguiestadosunidosdevenezuela cantauraanzoateguirepublicabolivarianadevenezuela cantauraanzoateguirepublicadevenezuela cantauraanzoateguirepublicofvenezuela cantauraanzoateguiunitedstatesofvenezuela cantauraanzoateguivenezuela cantauraanzoateguivenezuelabolivarianrepublicof cantauraanzoateguiwenezuela cantaurabolivarianrepublicofvenezuela cantauraestadoanzoateguibolivarianrepublicofvenezuela cantauraestadoanzoateguiestadosunidosdevenezuela cantauraestadoanzoateguirepublicabolivarianadevenezuela cantauraestadoanzoateguirepublicadevenezuela cantauraestadoanzoateguirepublicofvenezuela cantauraestadoanzoateguiunitedstatesofvenezuela cantauraestadoanzoateguivenezuela cantauraestadoanzoateguivenezuelabolivarianrepublicof cantauraestadoanzoateguiwenezuela cantauraestadosunidosdevenezuela cantaurarepublicabolivarianadevenezuela cantaurarepublicadevenezuela cantaurarepublicofvenezuela cantauraunitedstatesofvenezuela cantauravenezuela cantauravenezuelabolivarianrepublicof cantaurawenezuela	9.30571	-64.35841	23	1	68885	PPLA2	America/Caracas	279
171	Camaguan	camaguan	3647400		Camaguán	Camaguán, Guárico, Venezuela	camaguanbolivarianrepublicofvenezuela camaguanestadoguaricobolivarianrepublicofvenezuela camaguanestadoguaricoestadosunidosdevenezuela camaguanestadoguaricorepublicabolivarianadevenezuela camaguanestadoguaricorepublicadevenezuela camaguanestadoguaricorepublicofvenezuela camaguanestadoguaricounitedstatesofvenezuela camaguanestadoguaricovenezuela camaguanestadoguaricovenezuelabolivarianrepublicof camaguanestadoguaricowenezuela camaguanestadosunidosdevenezuela camaguanguaricobolivarianrepublicofvenezuela camaguanguaricoestadosunidosdevenezuela camaguanguaricorepublicabolivarianadevenezuela camaguanguaricorepublicadevenezuela camaguanguaricorepublicofvenezuela camaguanguaricounitedstatesofvenezuela camaguanguaricovenezuela camaguanguaricovenezuelabolivarianrepublicof camaguanguaricowenezuela camaguanrepublicabolivarianadevenezuela camaguanrepublicadevenezuela camaguanrepublicofvenezuela camaguanunitedstatesofvenezuela camaguanvenezuela camaguanvenezuelabolivarianrepublicof camaguanwenezuela	8.10732	-67.60738	12	1	20791	PPLA2	America/Caracas	182
172	Calabozo	calabozo	3647444		Calabozo	Calabozo, Guárico, Venezuela	calabozobolivarianrepublicofvenezuela calabozoestadoguaricobolivarianrepublicofvenezuela calabozoestadoguaricoestadosunidosdevenezuela calabozoestadoguaricorepublicabolivarianadevenezuela calabozoestadoguaricorepublicadevenezuela calabozoestadoguaricorepublicofvenezuela calabozoestadoguaricounitedstatesofvenezuela calabozoestadoguaricovenezuela calabozoestadoguaricovenezuelabolivarianrepublicof calabozoestadoguaricowenezuela calabozoestadosunidosdevenezuela calabozoguaricobolivarianrepublicofvenezuela calabozoguaricoestadosunidosdevenezuela calabozoguaricorepublicabolivarianadevenezuela calabozoguaricorepublicadevenezuela calabozoguaricorepublicofvenezuela calabozoguaricounitedstatesofvenezuela calabozoguaricovenezuela calabozoguaricovenezuelabolivarianrepublicof calabozoguaricowenezuela calabozorepublicabolivarianadevenezuela calabozorepublicadevenezuela calabozorepublicofvenezuela calabozounitedstatesofvenezuela calabozovenezuela calabozovenezuelabolivarianrepublicof calabozowenezuela	8.92416	-67.42929	12	1	168605	PPLA2	America/Caracas	282
173	Caja Seca	caja-seca	3647462		Caja Seca	Caja Seca, Zulia, Venezuela	cajasecabolivarianrepublicofvenezuela cajasecaestadosunidosdevenezuela cajasecaestadozuliabolivarianrepublicofvenezuela cajasecaestadozuliaestadosunidosdevenezuela cajasecaestadozuliarepublicabolivarianadevenezuela cajasecaestadozuliarepublicadevenezuela cajasecaestadozuliarepublicofvenezuela cajasecaestadozuliaunitedstatesofvenezuela cajasecaestadozuliavenezuela cajasecaestadozuliavenezuelabolivarianrepublicof cajasecaestadozuliawenezuela cajasecarepublicabolivarianadevenezuela cajasecarepublicadevenezuela cajasecarepublicofvenezuela cajasecaunitedstatesofvenezuela cajasecavenezuela cajasecavenezuelabolivarianrepublicof cajasecawenezuela cajasecazuliabolivarianrepublicofvenezuela cajasecazuliaestadosunidosdevenezuela cajasecazuliarepublicabolivarianadevenezuela cajasecazuliarepublicadevenezuela cajasecazuliarepublicofvenezuela cajasecazuliaunitedstatesofvenezuela cajasecazuliavenezuela cajasecazuliavenezuelabolivarianrepublicof cajasecazuliawenezuela	9.14151	-71.06741	1	1	34165	PPL	America/Caracas	24
174	Caicara	caicara	3647535		Caicara	Caicara, Monagas, Venezuela	caicarabolivarianrepublicofvenezuela caicaraestadomaturinbolivarianrepublicofvenezuela caicaraestadomaturinestadosunidosdevenezuela caicaraestadomaturinrepublicabolivarianadevenezuela caicaraestadomaturinrepublicadevenezuela caicaraestadomaturinrepublicofvenezuela caicaraestadomaturinunitedstatesofvenezuela caicaraestadomaturinvenezuela caicaraestadomaturinvenezuelabolivarianrepublicof caicaraestadomaturinwenezuela caicaraestadomonagasbolivarianrepublicofvenezuela caicaraestadomonagasestadosunidosdevenezuela caicaraestadomonagasrepublicabolivarianadevenezuela caicaraestadomonagasrepublicadevenezuela caicaraestadomonagasrepublicofvenezuela caicaraestadomonagasunitedstatesofvenezuela caicaraestadomonagasvenezuela caicaraestadomonagasvenezuelabolivarianrepublicof caicaraestadomonagaswenezuela caicaraestadosunidosdevenezuela caicaramonagasbolivarianrepublicofvenezuela caicaramonagasestadosunidosdevenezuela caicaramonagasrepublicabolivarianadevenezuela caicaramonagasrepublicadevenezuela caicaramonagasrepublicofvenezuela caicaramonagasunitedstatesofvenezuela caicaramonagasvenezuela caicaramonagasvenezuelabolivarianrepublicof caicaramonagaswenezuela caicararepublicabolivarianadevenezuela caicararepublicadevenezuela caicararepublicofvenezuela caicaraunitedstatesofvenezuela caicaravenezuela caicaravenezuelabolivarianrepublicof caicarawenezuela	9.81755	-63.61331	8	1	23625	PPLA2	America/Caracas	116
175	Caicara del Orinoco	caicara-del-orinoco	3647537		Caicara del Orinoco	Caicara del Orinoco, Bolívar, Venezuela	caicaradelorinocobolivarbolivarianrepublicofvenezuela caicaradelorinocobolivarestadosunidosdevenezuela caicaradelorinocobolivarianrepublicofvenezuela caicaradelorinocobolivarrepublicabolivarianadevenezuela caicaradelorinocobolivarrepublicadevenezuela caicaradelorinocobolivarrepublicofvenezuela caicaradelorinocobolivarunitedstatesofvenezuela caicaradelorinocobolivarvenezuela caicaradelorinocobolivarvenezuelabolivarianrepublicof caicaradelorinocobolivarwenezuela caicaradelorinocoestadobolivarbolivarianrepublicofvenezuela caicaradelorinocoestadobolivarestadosunidosdevenezuela caicaradelorinocoestadobolivarrepublicabolivarianadevenezuela caicaradelorinocoestadobolivarrepublicadevenezuela caicaradelorinocoestadobolivarrepublicofvenezuela caicaradelorinocoestadobolivarunitedstatesofvenezuela caicaradelorinocoestadobolivarvenezuela caicaradelorinocoestadobolivarvenezuelabolivarianrepublicof caicaradelorinocoestadobolivarwenezuela caicaradelorinocoestadosunidosdevenezuela caicaradelorinocoguayanabolivarianrepublicofvenezuela caicaradelorinocoguayanaestadosunidosdevenezuela caicaradelorinocoguayanarepublicabolivarianadevenezuela caicaradelorinocoguayanarepublicadevenezuela caicaradelorinocoguayanarepublicofvenezuela caicaradelorinocoguayanaunitedstatesofvenezuela caicaradelorinocoguayanavenezuela caicaradelorinocoguayanavenezuelabolivarianrepublicof caicaradelorinocoguayanawenezuela caicaradelorinocorepublicabolivarianadevenezuela caicaradelorinocorepublicadevenezuela caicaradelorinocorepublicofvenezuela caicaradelorinocounitedstatesofvenezuela caicaradelorinocovenezuela caicaradelorinocovenezuelabolivarianrepublicof caicaradelorinocowenezuela	7.63501	-66.16815	19	1	67277	PPLA2	America/Caracas	\N
176	Cagua	cagua	3647549		Cagua	Cagua, Aragua, Venezuela	caguaaraguabolivarianrepublicofvenezuela caguaaraguaestadosunidosdevenezuela caguaaraguarepublicabolivarianadevenezuela caguaaraguarepublicadevenezuela caguaaraguarepublicofvenezuela caguaaraguaunitedstatesofvenezuela caguaaraguavenezuela caguaaraguavenezuelabolivarianrepublicof caguaaraguawenezuela caguabolivarianrepublicofvenezuela caguaestadoaraguabolivarianrepublicofvenezuela caguaestadoaraguaestadosunidosdevenezuela caguaestadoaraguarepublicabolivarianadevenezuela caguaestadoaraguarepublicadevenezuela caguaestadoaraguarepublicofvenezuela caguaestadoaraguaunitedstatesofvenezuela caguaestadoaraguavenezuela caguaestadoaraguavenezuelabolivarianrepublicof caguaestadoaraguawenezuela caguaestadosunidosdevenezuela caguarepublicabolivarianadevenezuela caguarepublicadevenezuela caguarepublicofvenezuela caguaunitedstatesofvenezuela caguavenezuela caguavenezuelabolivarianrepublicof caguawenezuela	10.18634	-67.45935	21	1	119033	PPLA2	America/Caracas	22
183	Bejuma	bejuma	3648386		Bejuma	Bejuma, Carabobo, Venezuela	bejumabolivarianrepublicofvenezuela bejumacarabobobolivarianrepublicofvenezuela bejumacaraboboestadosunidosdevenezuela bejumacaraboborepublicabolivarianadevenezuela bejumacaraboborepublicadevenezuela bejumacaraboborepublicofvenezuela bejumacarabobounitedstatesofvenezuela bejumacarabobovenezuela bejumacarabobovenezuelabolivarianrepublicof bejumacarabobowenezuela bejumaestadocarabobobolivarianrepublicofvenezuela bejumaestadocaraboboestadosunidosdevenezuela bejumaestadocaraboborepublicabolivarianadevenezuela bejumaestadocaraboborepublicadevenezuela bejumaestadocaraboborepublicofvenezuela bejumaestadocarabobounitedstatesofvenezuela bejumaestadocarabobovenezuela bejumaestadocarabobovenezuelabolivarianrepublicof bejumaestadocarabobowenezuela bejumaestadosunidosdevenezuela bejumarepublicabolivarianadevenezuela bejumarepublicadevenezuela bejumarepublicofvenezuela bejumaunitedstatesofvenezuela bejumavenezuela bejumavenezuelabolivarianrepublicof bejumawenezuela	10.17383	-68.25892	18	1	34618	PPLA2	America/Caracas	136
177	Cabudare	cabudare	3647637		Cabudare	Cabudare, Lara, Venezuela	cabudarebarquisimetobolivarianrepublicofvenezuela cabudarebarquisimetoestadosunidosdevenezuela cabudarebarquisimetorepublicabolivarianadevenezuela cabudarebarquisimetorepublicadevenezuela cabudarebarquisimetorepublicofvenezuela cabudarebarquisimetounitedstatesofvenezuela cabudarebarquisimetovenezuela cabudarebarquisimetovenezuelabolivarianrepublicof cabudarebarquisimetowenezuela cabudarebolivarianrepublicofvenezuela cabudareestadolarabolivarianrepublicofvenezuela cabudareestadolaraestadosunidosdevenezuela cabudareestadolararepublicabolivarianadevenezuela cabudareestadolararepublicadevenezuela cabudareestadolararepublicofvenezuela cabudareestadolaraunitedstatesofvenezuela cabudareestadolaravenezuela cabudareestadolaravenezuelabolivarianrepublicof cabudareestadolarawenezuela cabudareestadosunidosdevenezuela cabudarelarabolivarianrepublicofvenezuela cabudarelaraestadosunidosdevenezuela cabudarelararepublicabolivarianadevenezuela cabudarelararepublicadevenezuela cabudarelararepublicofvenezuela cabudarelaraunitedstatesofvenezuela cabudarelaravenezuela cabudarelaravenezuelabolivarianrepublicof cabudarelarawenezuela cabudarerepublicabolivarianadevenezuela cabudarerepublicadevenezuela cabudarerepublicofvenezuela cabudareunitedstatesofvenezuela cabudarevenezuela cabudarevenezuelabolivarianrepublicof cabudarewenezuela	10.02658	-69.26203	11	1	102686	PPLA2	America/Caracas	57
178	Cabimas	cabimas	3647651		Cabimas	Cabimas, Zulia, Venezuela	cabimasbolivarianrepublicofvenezuela cabimasestadosunidosdevenezuela cabimasestadozuliabolivarianrepublicofvenezuela cabimasestadozuliaestadosunidosdevenezuela cabimasestadozuliarepublicabolivarianadevenezuela cabimasestadozuliarepublicadevenezuela cabimasestadozuliarepublicofvenezuela cabimasestadozuliaunitedstatesofvenezuela cabimasestadozuliavenezuela cabimasestadozuliavenezuelabolivarianrepublicof cabimasestadozuliawenezuela cabimasrepublicabolivarianadevenezuela cabimasrepublicadevenezuela cabimasrepublicofvenezuela cabimasunitedstatesofvenezuela cabimasvenezuela cabimasvenezuelabolivarianrepublicof cabimaswenezuela cabimaszuliabolivarianrepublicofvenezuela cabimaszuliaestadosunidosdevenezuela cabimaszuliarepublicabolivarianadevenezuela cabimaszuliarepublicadevenezuela cabimaszuliarepublicofvenezuela cabimaszuliaunitedstatesofvenezuela cabimaszuliavenezuela cabimaszuliavenezuelabolivarianrepublicof cabimaszuliawenezuela	10.39907	-71.45206	1	1	291147	PPLA2	America/Caracas	\N
179	Boraure	boraure	3648042		Boraure	Boraure, Yaracuy, Venezuela	boraurebolivarianrepublicofvenezuela boraureestadosunidosdevenezuela boraureestadoyaracuybolivarianrepublicofvenezuela boraureestadoyaracuyestadosunidosdevenezuela boraureestadoyaracuyrepublicabolivarianadevenezuela boraureestadoyaracuyrepublicadevenezuela boraureestadoyaracuyrepublicofvenezuela boraureestadoyaracuyunitedstatesofvenezuela boraureestadoyaracuyvenezuela boraureestadoyaracuyvenezuelabolivarianrepublicof boraureestadoyaracuywenezuela boraurerepublicabolivarianadevenezuela boraurerepublicadevenezuela boraurerepublicofvenezuela boraureunitedstatesofvenezuela boraurevenezuela boraurevenezuelabolivarianrepublicof boraurewenezuela boraureyaracuybolivarianrepublicofvenezuela boraureyaracuyestadosunidosdevenezuela boraureyaracuyrepublicabolivarianadevenezuela boraureyaracuyrepublicadevenezuela boraureyaracuyrepublicofvenezuela boraureyaracuyunitedstatesofvenezuela boraureyaracuyvenezuela boraureyaracuyvenezuelabolivarianrepublicof boraureyaracuywenezuela	10.24752	-68.76966	2	1	21588	PPLA2	America/Caracas	264
180	Boconoito	boconoito	3648127		Boconoito	Boconoito, Portuguesa, Venezuela	boconoitobolivarianrepublicofvenezuela boconoitoestadoportuguesabolivarianrepublicofvenezuela boconoitoestadoportuguesaestadosunidosdevenezuela boconoitoestadoportuguesarepublicabolivarianadevenezuela boconoitoestadoportuguesarepublicadevenezuela boconoitoestadoportuguesarepublicofvenezuela boconoitoestadoportuguesaunitedstatesofvenezuela boconoitoestadoportuguesavenezuela boconoitoestadoportuguesavenezuelabolivarianrepublicof boconoitoestadoportuguesawenezuela boconoitoestadosunidosdevenezuela boconoitoportuguesabolivarianrepublicofvenezuela boconoitoportuguesaestadosunidosdevenezuela boconoitoportuguesarepublicabolivarianadevenezuela boconoitoportuguesarepublicadevenezuela boconoitoportuguesarepublicofvenezuela boconoitoportuguesaunitedstatesofvenezuela boconoitoportuguesavenezuela boconoitoportuguesavenezuelabolivarianrepublicof boconoitoportuguesawenezuela boconoitorepublicabolivarianadevenezuela boconoitorepublicadevenezuela boconoitorepublicofvenezuela boconoitounitedstatesofvenezuela boconoitovenezuela boconoitovenezuelabolivarianrepublicof boconoitowenezuela	8.84659	-69.98032	6	1	18086	PPLA2	America/Caracas	265
181	Bocono	bocono	3648132		Boconó	Boconó, Trujillo, Venezuela	boconobolivarianrepublicofvenezuela boconoestadosunidosdevenezuela boconoestadotrujillobolivarianrepublicofvenezuela boconoestadotrujilloestadosunidosdevenezuela boconoestadotrujillorepublicabolivarianadevenezuela boconoestadotrujillorepublicadevenezuela boconoestadotrujillorepublicofvenezuela boconoestadotrujillounitedstatesofvenezuela boconoestadotrujillovenezuela boconoestadotrujillovenezuelabolivarianrepublicof boconoestadotrujillowenezuela boconorepublicabolivarianadevenezuela boconorepublicadevenezuela boconorepublicofvenezuela boconotrujillobolivarianrepublicofvenezuela boconotrujilloestadosunidosdevenezuela boconotrujillorepublicabolivarianadevenezuela boconotrujillorepublicadevenezuela boconotrujillorepublicofvenezuela boconotrujillounitedstatesofvenezuela boconotrujillovenezuela boconotrujillovenezuelabolivarianrepublicof boconotrujillowenezuela boconounitedstatesofvenezuela boconovenezuela boconovenezuelabolivarianrepublicof boconowenezuela	9.25385	-70.25105	3	1	68990	PPLA2	America/Caracas	133
182	Biruaca	biruaca	3648279		Biruaca	Biruaca, Apure, Venezuela	biruacaapurebolivarianrepublicofvenezuela biruacaapureestadosunidosdevenezuela biruacaapurerepublicabolivarianadevenezuela biruacaapurerepublicadevenezuela biruacaapurerepublicofvenezuela biruacaapureunitedstatesofvenezuela biruacaapurevenezuela biruacaapurevenezuelabolivarianrepublicof biruacaapurewenezuela biruacabolivarianrepublicofvenezuela biruacaestadoapurebolivarianrepublicofvenezuela biruacaestadoapureestadosunidosdevenezuela biruacaestadoapurerepublicabolivarianadevenezuela biruacaestadoapurerepublicadevenezuela biruacaestadoapurerepublicofvenezuela biruacaestadoapureunitedstatesofvenezuela biruacaestadoapurevenezuela biruacaestadoapurevenezuelabolivarianrepublicof biruacaestadoapurewenezuela biruacaestadosunidosdevenezuela biruacarepublicabolivarianadevenezuela biruacarepublicadevenezuela biruacarepublicofvenezuela biruacaunitedstatesofvenezuela biruacavenezuela biruacavenezuelabolivarianrepublicof biruacawenezuela	7.84483	-67.51679	22	1	76553	PPLA2	America/Caracas	224
184	Baruta	baruta	3648439	Nuestra Señora del Rosario de Baruta	Baruta	Baruta, Miranda, Venezuela	barutabolivarianrepublicofvenezuela barutaestadomirandabolivarianrepublicofvenezuela barutaestadomirandaestadosunidosdevenezuela barutaestadomirandarepublicabolivarianadevenezuela barutaestadomirandarepublicadevenezuela barutaestadomirandarepublicofvenezuela barutaestadomirandaunitedstatesofvenezuela barutaestadomirandavenezuela barutaestadomirandavenezuelabolivarianrepublicof barutaestadomirandawenezuela barutaestadosunidosdevenezuela barutamirandabolivarianrepublicofvenezuela barutamirandaestadosunidosdevenezuela barutamirandarepublicabolivarianadevenezuela barutamirandarepublicadevenezuela barutamirandarepublicofvenezuela barutamirandaunitedstatesofvenezuela barutamirandavenezuela barutamirandavenezuelabolivarianrepublicof barutamirandawenezuela barutarepublicabolivarianadevenezuela barutarepublicadevenezuela barutarepublicofvenezuela barutaunitedstatesofvenezuela barutavenezuela barutavenezuelabolivarianrepublicof barutawenezuela nuestrasenoradelrosariodebarutabolivarianrepublicofvenezuela nuestrasenoradelrosariodebarutaestadomirandabolivarianrepublicofvenezuela nuestrasenoradelrosariodebarutaestadomirandaestadosunidosdevenezuela nuestrasenoradelrosariodebarutaestadomirandarepublicabolivarianadevenezuela nuestrasenoradelrosariodebarutaestadomirandarepublicadevenezuela nuestrasenoradelrosariodebarutaestadomirandarepublicofvenezuela nuestrasenoradelrosariodebarutaestadomirandaunitedstatesofvenezuela nuestrasenoradelrosariodebarutaestadomirandavenezuela nuestrasenoradelrosariodebarutaestadomirandavenezuelabolivarianrepublicof nuestrasenoradelrosariodebarutaestadomirandawenezuela nuestrasenoradelrosariodebarutaestadosunidosdevenezuela nuestrasenoradelrosariodebarutamirandabolivarianrepublicofvenezuela nuestrasenoradelrosariodebarutamirandaestadosunidosdevenezuela nuestrasenoradelrosariodebarutamirandarepublicabolivarianadevenezuela nuestrasenoradelrosariodebarutamirandarepublicadevenezuela nuestrasenoradelrosariodebarutamirandarepublicofvenezuela nuestrasenoradelrosariodebarutamirandaunitedstatesofvenezuela nuestrasenoradelrosariodebarutamirandavenezuela nuestrasenoradelrosariodebarutamirandavenezuelabolivarianrepublicof nuestrasenoradelrosariodebarutamirandawenezuela nuestrasenoradelrosariodebarutarepublicabolivarianadevenezuela nuestrasenoradelrosariodebarutarepublicadevenezuela nuestrasenoradelrosariodebarutarepublicofvenezuela nuestrasenoradelrosariodebarutaunitedstatesofvenezuela nuestrasenoradelrosariodebarutavenezuela nuestrasenoradelrosariodebarutavenezuelabolivarianrepublicof nuestrasenoradelrosariodebarutawenezuela	10.43424	-66.87558	9	1	244216	PPLA2	America/Caracas	306
185	Barrancas	barrancas	3648506		Barrancas	Barrancas, Barinas, Venezuela	barrancasbarinasbolivarianrepublicofvenezuela barrancasbarinasestadosunidosdevenezuela barrancasbarinasrepublicabolivarianadevenezuela barrancasbarinasrepublicadevenezuela barrancasbarinasrepublicofvenezuela barrancasbarinasunitedstatesofvenezuela barrancasbarinasvenezuela barrancasbarinasvenezuelabolivarianrepublicof barrancasbarinaswenezuela barrancasbolivarianrepublicofvenezuela barrancasestadobarinasbolivarianrepublicofvenezuela barrancasestadobarinasestadosunidosdevenezuela barrancasestadobarinasrepublicabolivarianadevenezuela barrancasestadobarinasrepublicadevenezuela barrancasestadobarinasrepublicofvenezuela barrancasestadobarinasunitedstatesofvenezuela barrancasestadobarinasvenezuela barrancasestadobarinasvenezuelabolivarianrepublicof barrancasestadobarinaswenezuela barrancasestadosunidosdevenezuela barrancasrepublicabolivarianadevenezuela barrancasrepublicadevenezuela barrancasrepublicofvenezuela barrancasunitedstatesofvenezuela barrancasvenezuela barrancasvenezuelabolivarianrepublicof barrancaswenezuela	8.76962	-70.11086	20	1	24354	PPLA2	America/Caracas	267
186	Barrancas	barrancas	3648507		Barrancas	Barrancas, Monagas, Venezuela	barrancasbolivarianrepublicofvenezuela barrancasestadomaturinbolivarianrepublicofvenezuela barrancasestadomaturinestadosunidosdevenezuela barrancasestadomaturinrepublicabolivarianadevenezuela barrancasestadomaturinrepublicadevenezuela barrancasestadomaturinrepublicofvenezuela barrancasestadomaturinunitedstatesofvenezuela barrancasestadomaturinvenezuela barrancasestadomaturinvenezuelabolivarianrepublicof barrancasestadomaturinwenezuela barrancasestadomonagasbolivarianrepublicofvenezuela barrancasestadomonagasestadosunidosdevenezuela barrancasestadomonagasrepublicabolivarianadevenezuela barrancasestadomonagasrepublicadevenezuela barrancasestadomonagasrepublicofvenezuela barrancasestadomonagasunitedstatesofvenezuela barrancasestadomonagasvenezuela barrancasestadomonagasvenezuelabolivarianrepublicof barrancasestadomonagaswenezuela barrancasestadosunidosdevenezuela barrancasmonagasbolivarianrepublicofvenezuela barrancasmonagasestadosunidosdevenezuela barrancasmonagasrepublicabolivarianadevenezuela barrancasmonagasrepublicadevenezuela barrancasmonagasrepublicofvenezuela barrancasmonagasunitedstatesofvenezuela barrancasmonagasvenezuela barrancasmonagasvenezuelabolivarianrepublicof barrancasmonagaswenezuela barrancasrepublicabolivarianadevenezuela barrancasrepublicadevenezuela barrancasrepublicofvenezuela barrancasunitedstatesofvenezuela barrancasvenezuela barrancasvenezuelabolivarianrepublicof barrancaswenezuela	8.69890	-62.19656	8	1	19474	PPLA2	America/Caracas	\N
187	Barquisimeto	barquisimeto	3648522		Barquisimeto	Barquisimeto, Lara, Venezuela	barquisimetobarquisimetobolivarianrepublicofvenezuela barquisimetobarquisimetoestadosunidosdevenezuela barquisimetobarquisimetorepublicabolivarianadevenezuela barquisimetobarquisimetorepublicadevenezuela barquisimetobarquisimetorepublicofvenezuela barquisimetobarquisimetounitedstatesofvenezuela barquisimetobarquisimetovenezuela barquisimetobarquisimetovenezuelabolivarianrepublicof barquisimetobarquisimetowenezuela barquisimetobolivarianrepublicofvenezuela barquisimetoestadolarabolivarianrepublicofvenezuela barquisimetoestadolaraestadosunidosdevenezuela barquisimetoestadolararepublicabolivarianadevenezuela barquisimetoestadolararepublicadevenezuela barquisimetoestadolararepublicofvenezuela barquisimetoestadolaraunitedstatesofvenezuela barquisimetoestadolaravenezuela barquisimetoestadolaravenezuelabolivarianrepublicof barquisimetoestadolarawenezuela barquisimetoestadosunidosdevenezuela barquisimetolarabolivarianrepublicofvenezuela barquisimetolaraestadosunidosdevenezuela barquisimetolararepublicabolivarianadevenezuela barquisimetolararepublicadevenezuela barquisimetolararepublicofvenezuela barquisimetolaraunitedstatesofvenezuela barquisimetolaravenezuela barquisimetolaravenezuelabolivarianrepublicof barquisimetolarawenezuela barquisimetorepublicabolivarianadevenezuela barquisimetorepublicadevenezuela barquisimetorepublicofvenezuela barquisimetounitedstatesofvenezuela barquisimetovenezuela barquisimetovenezuelabolivarianrepublicof barquisimetowenezuela	10.06470	-69.35703	11	1	1114097	PPLA	America/Caracas	91
188	Barinitas	barinitas	3648540		Barinitas	Barinitas, Barinas, Venezuela	barinitasbarinasbolivarianrepublicofvenezuela barinitasbarinasestadosunidosdevenezuela barinitasbarinasrepublicabolivarianadevenezuela barinitasbarinasrepublicadevenezuela barinitasbarinasrepublicofvenezuela barinitasbarinasunitedstatesofvenezuela barinitasbarinasvenezuela barinitasbarinasvenezuelabolivarianrepublicof barinitasbarinaswenezuela barinitasbolivarianrepublicofvenezuela barinitasestadobarinasbolivarianrepublicofvenezuela barinitasestadobarinasestadosunidosdevenezuela barinitasestadobarinasrepublicabolivarianadevenezuela barinitasestadobarinasrepublicadevenezuela barinitasestadobarinasrepublicofvenezuela barinitasestadobarinasunitedstatesofvenezuela barinitasestadobarinasvenezuela barinitasestadobarinasvenezuelabolivarianrepublicof barinitasestadobarinaswenezuela barinitasestadosunidosdevenezuela barinitasrepublicabolivarianadevenezuela barinitasrepublicadevenezuela barinitasrepublicofvenezuela barinitasunitedstatesofvenezuela barinitasvenezuela barinitasvenezuelabolivarianrepublicof barinitaswenezuela	8.76171	-70.41199	20	1	51556	PPLA2	America/Caracas	131
189	Barinas	barinas	3648546		Barinas	Barinas, Barinas, Venezuela	barinasbarinasbolivarianrepublicofvenezuela barinasbarinasestadosunidosdevenezuela barinasbarinasrepublicabolivarianadevenezuela barinasbarinasrepublicadevenezuela barinasbarinasrepublicofvenezuela barinasbarinasunitedstatesofvenezuela barinasbarinasvenezuela barinasbarinasvenezuelabolivarianrepublicof barinasbarinaswenezuela barinasbolivarianrepublicofvenezuela barinasestadobarinasbolivarianrepublicofvenezuela barinasestadobarinasestadosunidosdevenezuela barinasestadobarinasrepublicabolivarianadevenezuela barinasestadobarinasrepublicadevenezuela barinasestadobarinasrepublicofvenezuela barinasestadobarinasunitedstatesofvenezuela barinasestadobarinasvenezuela barinasestadobarinasvenezuelabolivarianrepublicof barinasestadobarinaswenezuela barinasestadosunidosdevenezuela barinasrepublicabolivarianadevenezuela barinasrepublicadevenezuela barinasrepublicofvenezuela barinasunitedstatesofvenezuela barinasvenezuela barinasvenezuelabolivarianrepublicof barinaswenezuela	8.62261	-70.20749	20	1	353442	PPLA	America/Caracas	137
190	Barcelona	barcelona	3648559		Barcelona	Barcelona, Anzoátegui, Venezuela	barcelonaanzoateguibolivarianrepublicofvenezuela barcelonaanzoateguiestadosunidosdevenezuela barcelonaanzoateguirepublicabolivarianadevenezuela barcelonaanzoateguirepublicadevenezuela barcelonaanzoateguirepublicofvenezuela barcelonaanzoateguiunitedstatesofvenezuela barcelonaanzoateguivenezuela barcelonaanzoateguivenezuelabolivarianrepublicof barcelonaanzoateguiwenezuela barcelonabolivarianrepublicofvenezuela barcelonaestadoanzoateguibolivarianrepublicofvenezuela barcelonaestadoanzoateguiestadosunidosdevenezuela barcelonaestadoanzoateguirepublicabolivarianadevenezuela barcelonaestadoanzoateguirepublicadevenezuela barcelonaestadoanzoateguirepublicofvenezuela barcelonaestadoanzoateguiunitedstatesofvenezuela barcelonaestadoanzoateguivenezuela barcelonaestadoanzoateguivenezuelabolivarianrepublicof barcelonaestadoanzoateguiwenezuela barcelonaestadosunidosdevenezuela barcelonarepublicabolivarianadevenezuela barcelonarepublicadevenezuela barcelonarepublicofvenezuela barcelonaunitedstatesofvenezuela barcelonavenezuela barcelonavenezuelabolivarianrepublicof barcelonawenezuela	10.13625	-64.68618	23	1	506016	PPLA	America/Caracas	\N
191	Bailadores	bailadores	3648685		Bailadores	Bailadores, Mérida, Venezuela	bailadoresbolivarianrepublicofvenezuela bailadoresestadomeridabolivarianrepublicofvenezuela bailadoresestadomeridaestadosunidosdevenezuela bailadoresestadomeridarepublicabolivarianadevenezuela bailadoresestadomeridarepublicadevenezuela bailadoresestadomeridarepublicofvenezuela bailadoresestadomeridaunitedstatesofvenezuela bailadoresestadomeridavenezuela bailadoresestadomeridavenezuelabolivarianrepublicof bailadoresestadomeridawenezuela bailadoresestadosunidosdevenezuela bailadoresmeridabolivarianrepublicofvenezuela bailadoresmeridaestadosunidosdevenezuela bailadoresmeridarepublicabolivarianadevenezuela bailadoresmeridarepublicadevenezuela bailadoresmeridarepublicofvenezuela bailadoresmeridaunitedstatesofvenezuela bailadoresmeridavenezuela bailadoresmeridavenezuelabolivarianrepublicof bailadoresmeridawenezuela bailadoresrepublicabolivarianadevenezuela bailadoresrepublicadevenezuela bailadoresrepublicofvenezuela bailadoresunitedstatesofvenezuela bailadoresvenezuela bailadoresvenezuelabolivarianrepublicof bailadoreswenezuela	8.25347	-71.82818	10	1	20113	PPLA2	America/Caracas	41
192	Aroa	aroa	3648873		Aroa	Aroa, Yaracuy, Venezuela	aroabolivarianrepublicofvenezuela aroaestadosunidosdevenezuela aroaestadoyaracuybolivarianrepublicofvenezuela aroaestadoyaracuyestadosunidosdevenezuela aroaestadoyaracuyrepublicabolivarianadevenezuela aroaestadoyaracuyrepublicadevenezuela aroaestadoyaracuyrepublicofvenezuela aroaestadoyaracuyunitedstatesofvenezuela aroaestadoyaracuyvenezuela aroaestadoyaracuyvenezuelabolivarianrepublicof aroaestadoyaracuywenezuela aroarepublicabolivarianadevenezuela aroarepublicadevenezuela aroarepublicofvenezuela aroaunitedstatesofvenezuela aroavenezuela aroavenezuelabolivarianrepublicof aroawenezuela aroayaracuybolivarianrepublicofvenezuela aroayaracuyestadosunidosdevenezuela aroayaracuyrepublicabolivarianadevenezuela aroayaracuyrepublicadevenezuela aroayaracuyrepublicofvenezuela aroayaracuyunitedstatesofvenezuela aroayaracuyvenezuela aroayaracuyvenezuelabolivarianrepublicof aroayaracuywenezuela	10.43949	-68.89496	2	1	35508	PPLA2	America/Caracas	129
193	Araya	araya	3649005		Araya	Araya, Sucre, Venezuela	arayabolivarianrepublicofvenezuela arayaestadosucrebolivarianrepublicofvenezuela arayaestadosucreestadosunidosdevenezuela arayaestadosucrerepublicabolivarianadevenezuela arayaestadosucrerepublicadevenezuela arayaestadosucrerepublicofvenezuela arayaestadosucreunitedstatesofvenezuela arayaestadosucrevenezuela arayaestadosucrevenezuelabolivarianrepublicof arayaestadosucrewenezuela arayaestadosunidosdevenezuela arayarepublicabolivarianadevenezuela arayarepublicadevenezuela arayarepublicofvenezuela arayasucrebolivarianrepublicofvenezuela arayasucreestadosunidosdevenezuela arayasucrerepublicabolivarianadevenezuela arayasucrerepublicadevenezuela arayasucrerepublicofvenezuela arayasucreunitedstatesofvenezuela arayasucrevenezuela arayasucrevenezuelabolivarianrepublicof arayasucrewenezuela arayaunitedstatesofvenezuela arayavenezuela arayavenezuelabolivarianrepublicof arayawenezuela	10.57998	-64.25548	5	1	23693	PPLA2	America/Caracas	205
194	Araure	araure	3649017		Araure	Araure, Portuguesa, Venezuela	araurebolivarianrepublicofvenezuela araureestadoportuguesabolivarianrepublicofvenezuela araureestadoportuguesaestadosunidosdevenezuela araureestadoportuguesarepublicabolivarianadevenezuela araureestadoportuguesarepublicadevenezuela araureestadoportuguesarepublicofvenezuela araureestadoportuguesaunitedstatesofvenezuela araureestadoportuguesavenezuela araureestadoportuguesavenezuelabolivarianrepublicof araureestadoportuguesawenezuela araureestadosunidosdevenezuela araureportuguesabolivarianrepublicofvenezuela araureportuguesaestadosunidosdevenezuela araureportuguesarepublicabolivarianadevenezuela araureportuguesarepublicadevenezuela araureportuguesarepublicofvenezuela araureportuguesaunitedstatesofvenezuela araureportuguesavenezuela araureportuguesavenezuelabolivarianrepublicof araureportuguesawenezuela araurerepublicabolivarianadevenezuela araurerepublicadevenezuela araurerepublicofvenezuela araureunitedstatesofvenezuela araurevenezuela araurevenezuelabolivarianrepublicof araurewenezuela	9.58144	-69.23851	6	1	181820	PPLA2	America/Caracas	146
195	Aragua de Barcelona	aragua-de-barcelona	3649100		Aragua de Barcelona	Aragua de Barcelona, Anzoátegui, Venezuela	araguadebarcelonaanzoateguibolivarianrepublicofvenezuela araguadebarcelonaanzoateguiestadosunidosdevenezuela araguadebarcelonaanzoateguirepublicabolivarianadevenezuela araguadebarcelonaanzoateguirepublicadevenezuela araguadebarcelonaanzoateguirepublicofvenezuela araguadebarcelonaanzoateguiunitedstatesofvenezuela araguadebarcelonaanzoateguivenezuela araguadebarcelonaanzoateguivenezuelabolivarianrepublicof araguadebarcelonaanzoateguiwenezuela araguadebarcelonabolivarianrepublicofvenezuela araguadebarcelonaestadoanzoateguibolivarianrepublicofvenezuela araguadebarcelonaestadoanzoateguiestadosunidosdevenezuela araguadebarcelonaestadoanzoateguirepublicabolivarianadevenezuela araguadebarcelonaestadoanzoateguirepublicadevenezuela araguadebarcelonaestadoanzoateguirepublicofvenezuela araguadebarcelonaestadoanzoateguiunitedstatesofvenezuela araguadebarcelonaestadoanzoateguivenezuela araguadebarcelonaestadoanzoateguivenezuelabolivarianrepublicof araguadebarcelonaestadoanzoateguiwenezuela araguadebarcelonaestadosunidosdevenezuela araguadebarcelonarepublicabolivarianadevenezuela araguadebarcelonarepublicadevenezuela araguadebarcelonarepublicofvenezuela araguadebarcelonaunitedstatesofvenezuela araguadebarcelonavenezuela araguadebarcelonavenezuelabolivarianrepublicof araguadebarcelonawenezuela	9.45588	-64.82928	23	1	34048	PPLA2	America/Caracas	147
196	Altagracia de Orituco	altagracia-de-orituco	3649408		Altagracia de Orituco	Altagracia de Orituco, Guárico, Venezuela	altagraciadeoritucobolivarianrepublicofvenezuela altagraciadeoritucoestadoguaricobolivarianrepublicofvenezuela altagraciadeoritucoestadoguaricoestadosunidosdevenezuela altagraciadeoritucoestadoguaricorepublicabolivarianadevenezuela altagraciadeoritucoestadoguaricorepublicadevenezuela altagraciadeoritucoestadoguaricorepublicofvenezuela altagraciadeoritucoestadoguaricounitedstatesofvenezuela altagraciadeoritucoestadoguaricovenezuela altagraciadeoritucoestadoguaricovenezuelabolivarianrepublicof altagraciadeoritucoestadoguaricowenezuela altagraciadeoritucoestadosunidosdevenezuela altagraciadeoritucoguaricobolivarianrepublicofvenezuela altagraciadeoritucoguaricoestadosunidosdevenezuela altagraciadeoritucoguaricorepublicabolivarianadevenezuela altagraciadeoritucoguaricorepublicadevenezuela altagraciadeoritucoguaricorepublicofvenezuela altagraciadeoritucoguaricounitedstatesofvenezuela altagraciadeoritucoguaricovenezuela altagraciadeoritucoguaricovenezuelabolivarianrepublicof altagraciadeoritucoguaricowenezuela altagraciadeoritucorepublicabolivarianadevenezuela altagraciadeoritucorepublicadevenezuela altagraciadeoritucorepublicofvenezuela altagraciadeoritucounitedstatesofvenezuela altagraciadeoritucovenezuela altagraciadeoritucovenezuelabolivarianrepublicof altagraciadeoritucowenezuela	9.86005	-66.38139	12	1	68207	PPLA2	America/Caracas	213
197	Los Puertos de Altagracia	los-puertos-de-altagracia	3649417		Los Puertos de Altagracia	Los Puertos de Altagracia, Zulia, Venezuela	lospuertosdealtagraciabolivarianrepublicofvenezuela lospuertosdealtagraciaestadosunidosdevenezuela lospuertosdealtagraciaestadozuliabolivarianrepublicofvenezuela lospuertosdealtagraciaestadozuliaestadosunidosdevenezuela lospuertosdealtagraciaestadozuliarepublicabolivarianadevenezuela lospuertosdealtagraciaestadozuliarepublicadevenezuela lospuertosdealtagraciaestadozuliarepublicofvenezuela lospuertosdealtagraciaestadozuliaunitedstatesofvenezuela lospuertosdealtagraciaestadozuliavenezuela lospuertosdealtagraciaestadozuliavenezuelabolivarianrepublicof lospuertosdealtagraciaestadozuliawenezuela lospuertosdealtagraciarepublicabolivarianadevenezuela lospuertosdealtagraciarepublicadevenezuela lospuertosdealtagraciarepublicofvenezuela lospuertosdealtagraciaunitedstatesofvenezuela lospuertosdealtagraciavenezuela lospuertosdealtagraciavenezuelabolivarianrepublicof lospuertosdealtagraciawenezuela lospuertosdealtagraciazuliabolivarianrepublicofvenezuela lospuertosdealtagraciazuliaestadosunidosdevenezuela lospuertosdealtagraciazuliarepublicabolivarianadevenezuela lospuertosdealtagraciazuliarepublicadevenezuela lospuertosdealtagraciazuliarepublicofvenezuela lospuertosdealtagraciazuliaunitedstatesofvenezuela lospuertosdealtagraciazuliavenezuela lospuertosdealtagraciazuliavenezuelabolivarianrepublicof lospuertosdealtagraciazuliawenezuela	10.71492	-71.52168	1	1	66839	PPLA2	America/Caracas	\N
198	Achaguas	achaguas	3649810		Achaguas	Achaguas, Apure, Venezuela	achaguasapurebolivarianrepublicofvenezuela achaguasapureestadosunidosdevenezuela achaguasapurerepublicabolivarianadevenezuela achaguasapurerepublicadevenezuela achaguasapurerepublicofvenezuela achaguasapureunitedstatesofvenezuela achaguasapurevenezuela achaguasapurevenezuelabolivarianrepublicof achaguasapurewenezuela achaguasbolivarianrepublicofvenezuela achaguasestadoapurebolivarianrepublicofvenezuela achaguasestadoapureestadosunidosdevenezuela achaguasestadoapurerepublicabolivarianadevenezuela achaguasestadoapurerepublicadevenezuela achaguasestadoapurerepublicofvenezuela achaguasestadoapureunitedstatesofvenezuela achaguasestadoapurevenezuela achaguasestadoapurevenezuelabolivarianrepublicof achaguasestadoapurewenezuela achaguasestadosunidosdevenezuela achaguasrepublicabolivarianadevenezuela achaguasrepublicadevenezuela achaguasrepublicofvenezuela achaguasunitedstatesofvenezuela achaguasvenezuela achaguasvenezuelabolivarianrepublicof achaguaswenezuela	7.77917	-68.22373	22	1	45311	PPLA2	America/Caracas	\N
199	Acarigua	acarigua	3649833	Acarígua	Acarigua	Acarigua, Portuguesa, Venezuela	acariguabolivarianrepublicofvenezuela acariguaestadoportuguesabolivarianrepublicofvenezuela acariguaestadoportuguesaestadosunidosdevenezuela acariguaestadoportuguesarepublicabolivarianadevenezuela acariguaestadoportuguesarepublicadevenezuela acariguaestadoportuguesarepublicofvenezuela acariguaestadoportuguesaunitedstatesofvenezuela acariguaestadoportuguesavenezuela acariguaestadoportuguesavenezuelabolivarianrepublicof acariguaestadoportuguesawenezuela acariguaestadosunidosdevenezuela acariguaportuguesabolivarianrepublicofvenezuela acariguaportuguesaestadosunidosdevenezuela acariguaportuguesarepublicabolivarianadevenezuela acariguaportuguesarepublicadevenezuela acariguaportuguesarepublicofvenezuela acariguaportuguesaunitedstatesofvenezuela acariguaportuguesavenezuela acariguaportuguesavenezuelabolivarianrepublicof acariguaportuguesawenezuela acariguarepublicabolivarianadevenezuela acariguarepublicadevenezuela acariguarepublicofvenezuela acariguaunitedstatesofvenezuela acariguavenezuela acariguavenezuelabolivarianrepublicof acariguawenezuela	9.55451	-69.19564	6	1	188278	PPLA2	America/Caracas	60
200	San Josecito	san-josecito	3758764	San Josesito	San Josecito	San Josecito, Táchira, Venezuela	sanjosecitobolivarianrepublicofvenezuela sanjosecitoestadosunidosdevenezuela sanjosecitoestadotachirabolivarianrepublicofvenezuela sanjosecitoestadotachiraestadosunidosdevenezuela sanjosecitoestadotachirarepublicabolivarianadevenezuela sanjosecitoestadotachirarepublicadevenezuela sanjosecitoestadotachirarepublicofvenezuela sanjosecitoestadotachiraunitedstatesofvenezuela sanjosecitoestadotachiravenezuela sanjosecitoestadotachiravenezuelabolivarianrepublicof sanjosecitoestadotachirawenezuela sanjosecitorepublicabolivarianadevenezuela sanjosecitorepublicadevenezuela sanjosecitorepublicofvenezuela sanjosecitotachirabolivarianrepublicofvenezuela sanjosecitotachiraestadosunidosdevenezuela sanjosecitotachirarepublicabolivarianadevenezuela sanjosecitotachirarepublicadevenezuela sanjosecitotachirarepublicofvenezuela sanjosecitotachiraunitedstatesofvenezuela sanjosecitotachiravenezuela sanjosecitotachiravenezuelabolivarianrepublicof sanjosecitotachirawenezuela sanjosecitounitedstatesofvenezuela sanjosecitovenezuela sanjosecitovenezuelabolivarianrepublicof sanjosecitowenezuela sanjosesitobolivarianrepublicofvenezuela sanjosesitoestadosunidosdevenezuela sanjosesitoestadotachirabolivarianrepublicofvenezuela sanjosesitoestadotachiraestadosunidosdevenezuela sanjosesitoestadotachirarepublicabolivarianadevenezuela sanjosesitoestadotachirarepublicadevenezuela sanjosesitoestadotachirarepublicofvenezuela sanjosesitoestadotachiraunitedstatesofvenezuela sanjosesitoestadotachiravenezuela sanjosesitoestadotachiravenezuelabolivarianrepublicof sanjosesitoestadotachirawenezuela sanjosesitorepublicabolivarianadevenezuela sanjosesitorepublicadevenezuela sanjosesitorepublicofvenezuela sanjosesitotachirabolivarianrepublicofvenezuela sanjosesitotachiraestadosunidosdevenezuela sanjosesitotachirarepublicabolivarianadevenezuela sanjosesitotachirarepublicadevenezuela sanjosesitotachirarepublicofvenezuela sanjosesitotachiraunitedstatesofvenezuela sanjosesitotachiravenezuela sanjosesitotachiravenezuelabolivarianrepublicof sanjosesitotachirawenezuela sanjosesitounitedstatesofvenezuela sanjosesitovenezuela sanjosesitovenezuelabolivarianrepublicof sanjosesitowenezuela	7.66106	-72.22009	4	1	54669	PPLA2	America/Caracas	322
201	Maturin	maturin	3778045		Maturín	Maturín, Monagas, Venezuela	maturinbolivarianrepublicofvenezuela maturinestadomaturinbolivarianrepublicofvenezuela maturinestadomaturinestadosunidosdevenezuela maturinestadomaturinrepublicabolivarianadevenezuela maturinestadomaturinrepublicadevenezuela maturinestadomaturinrepublicofvenezuela maturinestadomaturinunitedstatesofvenezuela maturinestadomaturinvenezuela maturinestadomaturinvenezuelabolivarianrepublicof maturinestadomaturinwenezuela maturinestadomonagasbolivarianrepublicofvenezuela maturinestadomonagasestadosunidosdevenezuela maturinestadomonagasrepublicabolivarianadevenezuela maturinestadomonagasrepublicadevenezuela maturinestadomonagasrepublicofvenezuela maturinestadomonagasunitedstatesofvenezuela maturinestadomonagasvenezuela maturinestadomonagasvenezuelabolivarianrepublicof maturinestadomonagaswenezuela maturinestadosunidosdevenezuela maturinmonagasbolivarianrepublicofvenezuela maturinmonagasestadosunidosdevenezuela maturinmonagasrepublicabolivarianadevenezuela maturinmonagasrepublicadevenezuela maturinmonagasrepublicofvenezuela maturinmonagasunitedstatesofvenezuela maturinmonagasvenezuela maturinmonagasvenezuelabolivarianrepublicof maturinmonagaswenezuela maturinrepublicabolivarianadevenezuela maturinrepublicadevenezuela maturinrepublicofvenezuela maturinunitedstatesofvenezuela maturinvenezuela maturinvenezuelabolivarianrepublicof maturinwenezuela	9.74569	-63.18323	8	1	529376	PPLA	America/Caracas	75
202	La Fria	la-fria	3795152		La Fría	La Fría, Táchira, Venezuela	lafriabolivarianrepublicofvenezuela lafriaestadosunidosdevenezuela lafriaestadotachirabolivarianrepublicofvenezuela lafriaestadotachiraestadosunidosdevenezuela lafriaestadotachirarepublicabolivarianadevenezuela lafriaestadotachirarepublicadevenezuela lafriaestadotachirarepublicofvenezuela lafriaestadotachiraunitedstatesofvenezuela lafriaestadotachiravenezuela lafriaestadotachiravenezuelabolivarianrepublicof lafriaestadotachirawenezuela lafriarepublicabolivarianadevenezuela lafriarepublicadevenezuela lafriarepublicofvenezuela lafriatachirabolivarianrepublicofvenezuela lafriatachiraestadosunidosdevenezuela lafriatachirarepublicabolivarianadevenezuela lafriatachirarepublicadevenezuela lafriatachirarepublicofvenezuela lafriatachiraunitedstatesofvenezuela lafriatachiravenezuela lafriatachiravenezuelabolivarianrepublicof lafriatachirawenezuela lafriaunitedstatesofvenezuela lafriavenezuela lafriavenezuelabolivarianrepublicof lafriawenezuela	8.21523	-72.24888	4	1	43331	PPLA2	America/Caracas	102
203	La Grita	la-grita	3795170		La Grita	La Grita, Táchira, Venezuela	lagritabolivarianrepublicofvenezuela lagritaestadosunidosdevenezuela lagritaestadotachirabolivarianrepublicofvenezuela lagritaestadotachiraestadosunidosdevenezuela lagritaestadotachirarepublicabolivarianadevenezuela lagritaestadotachirarepublicadevenezuela lagritaestadotachirarepublicofvenezuela lagritaestadotachiraunitedstatesofvenezuela lagritaestadotachiravenezuela lagritaestadotachiravenezuelabolivarianrepublicof lagritaestadotachirawenezuela lagritarepublicabolivarianadevenezuela lagritarepublicadevenezuela lagritarepublicofvenezuela lagritatachirabolivarianrepublicofvenezuela lagritatachiraestadosunidosdevenezuela lagritatachirarepublicabolivarianadevenezuela lagritatachirarepublicadevenezuela lagritatachirarepublicofvenezuela lagritatachiraunitedstatesofvenezuela lagritatachiravenezuela lagritatachiravenezuelabolivarianrepublicof lagritatachirawenezuela lagritaunitedstatesofvenezuela lagritavenezuela lagritavenezuelabolivarianrepublicof lagritawenezuela	8.13316	-71.98390	4	1	37545	PPLA2	America/Caracas	90
204	Capacho Nuevo	capacho-nuevo	3795218		Capacho Nuevo	Capacho Nuevo, Táchira, Venezuela	capachonuevobolivarianrepublicofvenezuela capachonuevoestadosunidosdevenezuela capachonuevoestadotachirabolivarianrepublicofvenezuela capachonuevoestadotachiraestadosunidosdevenezuela capachonuevoestadotachirarepublicabolivarianadevenezuela capachonuevoestadotachirarepublicadevenezuela capachonuevoestadotachirarepublicofvenezuela capachonuevoestadotachiraunitedstatesofvenezuela capachonuevoestadotachiravenezuela capachonuevoestadotachiravenezuelabolivarianrepublicof capachonuevoestadotachirawenezuela capachonuevorepublicabolivarianadevenezuela capachonuevorepublicadevenezuela capachonuevorepublicofvenezuela capachonuevotachirabolivarianrepublicofvenezuela capachonuevotachiraestadosunidosdevenezuela capachonuevotachirarepublicabolivarianadevenezuela capachonuevotachirarepublicadevenezuela capachonuevotachirarepublicofvenezuela capachonuevotachiraunitedstatesofvenezuela capachonuevotachiravenezuela capachonuevotachiravenezuelabolivarianrepublicof capachonuevotachirawenezuela capachonuevounitedstatesofvenezuela capachonuevovenezuela capachonuevovenezuelabolivarianrepublicof capachonuevowenezuela	7.82472	-72.30840	4	1	40169	PPLA2	America/Caracas	319
205	Guasdualito	guasdualito	3804949		Guasdualito	Guasdualito, Apure, Venezuela	guasdualitoapurebolivarianrepublicofvenezuela guasdualitoapureestadosunidosdevenezuela guasdualitoapurerepublicabolivarianadevenezuela guasdualitoapurerepublicadevenezuela guasdualitoapurerepublicofvenezuela guasdualitoapureunitedstatesofvenezuela guasdualitoapurevenezuela guasdualitoapurevenezuelabolivarianrepublicof guasdualitoapurewenezuela guasdualitobolivarianrepublicofvenezuela guasdualitoestadoapurebolivarianrepublicofvenezuela guasdualitoestadoapureestadosunidosdevenezuela guasdualitoestadoapurerepublicabolivarianadevenezuela guasdualitoestadoapurerepublicadevenezuela guasdualitoestadoapurerepublicofvenezuela guasdualitoestadoapureunitedstatesofvenezuela guasdualitoestadoapurevenezuela guasdualitoestadoapurevenezuelabolivarianrepublicof guasdualitoestadoapurewenezuela guasdualitoestadosunidosdevenezuela guasdualitorepublicabolivarianadevenezuela guasdualitorepublicadevenezuela guasdualitorepublicofvenezuela guasdualitounitedstatesofvenezuela guasdualitovenezuela guasdualitovenezuelabolivarianrepublicof guasdualitowenezuela	7.24241	-70.73235	22	1	64608	PPLA2	America/Caracas	\N
206	San Fernando de Apure	san-fernando-de-apure	3805673	San Fernando	San Fernando de Apure	San Fernando de Apure, Apure, Venezuela	sanfernandoapurebolivarianrepublicofvenezuela sanfernandoapureestadosunidosdevenezuela sanfernandoapurerepublicabolivarianadevenezuela sanfernandoapurerepublicadevenezuela sanfernandoapurerepublicofvenezuela sanfernandoapureunitedstatesofvenezuela sanfernandoapurevenezuela sanfernandoapurevenezuelabolivarianrepublicof sanfernandoapurewenezuela sanfernandobolivarianrepublicofvenezuela sanfernandodeapureapurebolivarianrepublicofvenezuela sanfernandodeapureapureestadosunidosdevenezuela sanfernandodeapureapurerepublicabolivarianadevenezuela sanfernandodeapureapurerepublicadevenezuela sanfernandodeapureapurerepublicofvenezuela sanfernandodeapureapureunitedstatesofvenezuela sanfernandodeapureapurevenezuela sanfernandodeapureapurevenezuelabolivarianrepublicof sanfernandodeapureapurewenezuela sanfernandodeapurebolivarianrepublicofvenezuela sanfernandodeapureestadoapurebolivarianrepublicofvenezuela sanfernandodeapureestadoapureestadosunidosdevenezuela sanfernandodeapureestadoapurerepublicabolivarianadevenezuela sanfernandodeapureestadoapurerepublicadevenezuela sanfernandodeapureestadoapurerepublicofvenezuela sanfernandodeapureestadoapureunitedstatesofvenezuela sanfernandodeapureestadoapurevenezuela sanfernandodeapureestadoapurevenezuelabolivarianrepublicof sanfernandodeapureestadoapurewenezuela sanfernandodeapureestadosunidosdevenezuela sanfernandodeapurerepublicabolivarianadevenezuela sanfernandodeapurerepublicadevenezuela sanfernandodeapurerepublicofvenezuela sanfernandodeapureunitedstatesofvenezuela sanfernandodeapurevenezuela sanfernandodeapurevenezuelabolivarianrepublicof sanfernandodeapurewenezuela sanfernandoestadoapurebolivarianrepublicofvenezuela sanfernandoestadoapureestadosunidosdevenezuela sanfernandoestadoapurerepublicabolivarianadevenezuela sanfernandoestadoapurerepublicadevenezuela sanfernandoestadoapurerepublicofvenezuela sanfernandoestadoapureunitedstatesofvenezuela sanfernandoestadoapurevenezuela sanfernandoestadoapurevenezuelabolivarianrepublicof sanfernandoestadoapurewenezuela sanfernandoestadosunidosdevenezuela sanfernandorepublicabolivarianadevenezuela sanfernandorepublicadevenezuela sanfernandorepublicofvenezuela sanfernandounitedstatesofvenezuela sanfernandovenezuela sanfernandovenezuelabolivarianrepublicof sanfernandowenezuela	7.88782	-67.47236	22	1	229197	PPLA	America/Caracas	\N
207	Santa Cruz de los Taques	santa-cruz-de-los-taques	7909705		Santa Cruz de los Taques	Santa Cruz de los Taques, Falcón, Venezuela	santacruzdelostaquesbolivarianrepublicofvenezuela santacruzdelostaquescorobolivarianrepublicofvenezuela santacruzdelostaquescoroestadosunidosdevenezuela santacruzdelostaquescororepublicabolivarianadevenezuela santacruzdelostaquescororepublicadevenezuela santacruzdelostaquescororepublicofvenezuela santacruzdelostaquescorounitedstatesofvenezuela santacruzdelostaquescorovenezuela santacruzdelostaquescorovenezuelabolivarianrepublicof santacruzdelostaquescorowenezuela santacruzdelostaquesestadofalconbolivarianrepublicofvenezuela santacruzdelostaquesestadofalconestadosunidosdevenezuela santacruzdelostaquesestadofalconrepublicabolivarianadevenezuela santacruzdelostaquesestadofalconrepublicadevenezuela santacruzdelostaquesestadofalconrepublicofvenezuela santacruzdelostaquesestadofalconunitedstatesofvenezuela santacruzdelostaquesestadofalconvenezuela santacruzdelostaquesestadofalconvenezuelabolivarianrepublicof santacruzdelostaquesestadofalconwenezuela santacruzdelostaquesestadosunidosdevenezuela santacruzdelostaquesfalconbolivarianrepublicofvenezuela santacruzdelostaquesfalconestadosunidosdevenezuela santacruzdelostaquesfalconrepublicabolivarianadevenezuela santacruzdelostaquesfalconrepublicadevenezuela santacruzdelostaquesfalconrepublicofvenezuela santacruzdelostaquesfalconunitedstatesofvenezuela santacruzdelostaquesfalconvenezuela santacruzdelostaquesfalconvenezuelabolivarianrepublicof santacruzdelostaquesfalconwenezuela santacruzdelostaquesrepublicabolivarianadevenezuela santacruzdelostaquesrepublicadevenezuela santacruzdelostaquesrepublicofvenezuela santacruzdelostaquesunitedstatesofvenezuela santacruzdelostaquesvenezuela santacruzdelostaquesvenezuelabolivarianrepublicof santacruzdelostaqueswenezuela	11.82350	-70.25637	15	1	25047	PPLA2	America/Caracas	296
\.


--
-- Data for Name: cities_light_country; Type: TABLE DATA; Schema: public; Owner: postgres
--

COPY public.cities_light_country (id, name_ascii, slug, geoname_id, alternate_names, name, code2, code3, continent, tld, phone) FROM stdin;
1	Venezuela	venezuela	3625428	Bolivarian Republic of Venezuela;Estados Unidos de Venezuela;Republic of Venezuela;República Bolivariana de Venezuela;República de Venezuela;United States of Venezuela;Venezuela, Bolivarian Republic Of;Wenezuela	Venezuela	VE	VEN	SA	ve	58
\.


--
-- Data for Name: cities_light_region; Type: TABLE DATA; Schema: public; Owner: postgres
--

COPY public.cities_light_region (id, name_ascii, slug, geoname_id, alternate_names, name, display_name, geoname_code, country_id) FROM stdin;
1	Zulia	zulia	3625035	Estado Zulia	Zulia	Zulia, Venezuela	23	1
2	Yaracuy	yaracuy	3625210	Estado Yaracuy	Yaracuy	Yaracuy, Venezuela	22	1
3	Trujillo	trujillo	3625974	Estado Trujillo	Trujillo	Trujillo, Venezuela	21	1
4	Tachira	tachira	3626553	Estado Táchira	Táchira	Táchira, Venezuela	20	1
5	Sucre	sucre	3626655	Estado Sucre	Sucre	Sucre, Venezuela	19	1
6	Portuguesa	portuguesa	3629941	Estado Portuguesa	Portuguesa	Portuguesa, Venezuela	18	1
7	Nueva Esparta	nueva-esparta	3631462	Estado Nueva Esparta;Margarita	Nueva Esparta	Nueva Esparta, Venezuela	17	1
8	Monagas	monagas	3632100	Estado Maturín;Estado Monagas	Monagas	Monagas, Venezuela	16	1
9	Miranda	miranda	3632191	Estado Miranda	Miranda	Miranda, Venezuela	15	1
10	Merida	merida	3632306	Estado Mérida	Mérida	Mérida, Venezuela	14	1
11	Lara	lara	3636539	Barquisimeto;Estado Lara	Lara	Lara, Venezuela	13	1
12	Guarico	guarico	3640017	Estado Guárico	Guárico	Guárico, Venezuela	12	1
13	Dependencias Federales	dependencias-federales	3640846		Dependencias Federales	Dependencias Federales, Venezuela	24	1
14	Distrito Federal	distrito-federal	3640847	D.F.	Distrito Federal	Distrito Federal, Venezuela	25	1
15	Falcon	falcon	3640873	Coro;Estado Falcón	Falcón	Falcón, Venezuela	11	1
16	Delta Amacuro	delta-amacuro	3644541	Territorio Delta Amacuro	Delta Amacuro	Delta Amacuro, Venezuela	09	1
17	Cojedes	cojedes	3645386	Estado Cojedes	Cojedes	Cojedes, Venezuela	08	1
18	Carabobo	carabobo	3646751	Estado Carabobo	Carabobo	Carabobo, Venezuela	07	1
19	Bolivar	bolivar	3648106	Estado Bolívar;Guayana	Bolívar	Bolívar, Venezuela	06	1
20	Barinas	barinas	3648544	Estado Barinas	Barinas	Barinas, Venezuela	05	1
21	Aragua	aragua	3649110	Estado Aragua	Aragua	Aragua, Venezuela	04	1
22	Apure	apure	3649151	Estado Apure	Apure	Apure, Venezuela	03	1
23	Anzoategui	anzoategui	3649198	Estado Anzoátegui	Anzoátegui	Anzoátegui, Venezuela	02	1
24	Amazonas	amazonas	3649302	Estado Amazonas	Amazonas	Amazonas, Venezuela	01	1
25	Vargas	vargas	3830309	Estado La Guaira;La Guaira	Vargas	Vargas, Venezuela	26	1
\.


--
-- Data for Name: cities_light_subregion; Type: TABLE DATA; Schema: public; Owner: postgres
--

COPY public.cities_light_subregion (id, name, name_ascii, slug, geoname_id, alternate_names, display_name, geoname_code, country_id, region_id) FROM stdin;
1	Municipio Zamora	Municipio Zamora	municipio-zamora	3625121		Municipio Zamora, Venezuela	1125	1	15
2	Municipio Zamora	Municipio Zamora	municipio-zamora	3625122		Municipio Zamora, Venezuela	1521	1	9
3	Municipio Zamora	Municipio Zamora	municipio-zamora	3625123		Municipio Zamora, Venezuela	0516	1	21
4	Municipio Villalba	Municipio Villalba	municipio-villalba	3625334		Municipio Villalba, Venezuela	1711	1	7
5	Municipio Valera	Municipio Valera	municipio-valera	3625541		Municipio Valera, Venezuela	2120	1	3
6	Municipio Valencia	Municipio Valencia	municipio-valencia	3625547		Municipio Valencia, Venezuela	0814	1	18
7	Municipio Uribante	Municipio Uribante	municipio-uribante	3625648		Municipio Uribante, Venezuela	2028	1	4
8	Municipio Urdaneta	Municipio Urdaneta	municipio-urdaneta	3625657		Municipio Urdaneta, Venezuela	1309	1	11
9	Municipio Urdaneta	Municipio Urdaneta	municipio-urdaneta	3625659		Municipio Urdaneta, Venezuela	1520	1	9
10	Municipio Urdaneta	Municipio Urdaneta	municipio-urdaneta	3625660		Municipio Urdaneta, Venezuela	0515	1	21
11	Municipio Urdaneta	Municipio Urdaneta	municipio-urdaneta	3625661		Municipio Urdaneta, Venezuela	2119	1	3
12	Municipio Urachiche	Municipio Urachiche	municipio-urachiche	3625695		Municipio Urachiche, Venezuela	2213	1	2
13	Municipio Turén	Municipio Turen	municipio-turen	3625845		Municipio Turén, Venezuela	1814	1	6
14	Municipio Tucupita	Municipio Tucupita	municipio-tucupita	3625927		Municipio Tucupita, Venezuela	1004	1	16
15	Municipio Tubores	Municipio Tubores	municipio-tubores	3625967		Municipio Tubores, Venezuela	1710	1	7
16	Municipio Trujillo	Municipio Trujillo	municipio-trujillo	3625975		Municipio Trujillo, Venezuela	2118	1	3
17	Municipio Tovar	Municipio Tovar	municipio-tovar	3626043		Municipio Tovar, Venezuela	1421	1	10
18	Municipio Torres	Municipio Torres	municipio-torres	3626083		Municipio Torres, Venezuela	1308	1	11
19	Municipio Tinaco	Municipio Tinaco	municipio-tinaco	3626234		Municipio Tinaco, Venezuela	0909	1	17
20	Municipio Sucre	Municipio Sucre	municipio-sucre	3626657		Municipio Sucre, Venezuela	1914	1	5
21	Municipio Sucre	Municipio Sucre	municipio-sucre	3626658		Municipio Sucre, Venezuela	2212	1	2
22	Municipio Sucre	Municipio Sucre	municipio-sucre	3626659		Municipio Sucre, Venezuela	0513	1	21
23	Municipio Sucre	Municipio Sucre	municipio-sucre	3626660		Municipio Sucre, Venezuela	1813	1	6
24	Municipio Sucre	Municipio Sucre	municipio-sucre	3626661		Municipio Sucre, Venezuela	2320	1	1
25	Municipio Sucre	Municipio Sucre	municipio-sucre	3626662		Municipio Sucre, Venezuela	1420	1	10
26	Municipio Sucre	Municipio Sucre	municipio-sucre	3626663		Municipio Sucre, Venezuela	2026	1	4
27	Municipio Sucre	Municipio Sucre	municipio-sucre	3626664		Municipio Sucre, Venezuela	0710	1	19
28	Municipio Sotillo	Municipio Sotillo	municipio-sotillo	3626693		Municipio Sotillo, Venezuela	1612	1	8
29	Municipio Sosa	Municipio Sosa	municipio-sosa	3626698		Municipio Sosa, Venezuela	0611	1	20
30	Municipio Simón Rodríguez	Municipio Simon Rodriguez	municipio-simon-rodriguez	3626815		Municipio Simón Rodríguez, Venezuela	0319	1	23
31	Municipio Silva	Municipio Silva	municipio-silva	3626828		Municipio Silva, Venezuela	1120	1	15
32	Municipio San Sebastián	Municipio San Sebastian	municipio-san-sebastian	3627638		Municipio San Sebastián, Venezuela	0510	1	21
33	Municipio San Fernando	Municipio San Fernando	municipio-san-fernando	3628397		Municipio San Fernando, Venezuela	0407	1	22
34	Municipio San Felipe	Municipio San Felipe	municipio-san-felipe	3628416		Municipio San Felipe, Venezuela	2211	1	2
35	Municipio San Cristóbal	Municipio San Cristobal	municipio-san-cristobal	3628468		Municipio San Cristóbal, Venezuela	2023	1	4
36	Municipio San Casimiro	Municipio San Casimiro	municipio-san-casimiro	3628486		Municipio San Casimiro, Venezuela	0509	1	21
37	Municipio San Carlos	Municipio San Carlos	municipio-san-carlos	3628494		Municipio San Carlos, Venezuela	0908	1	17
38	Municipio Roscio	Municipio Roscio	municipio-roscio	3628959		Municipio Roscio, Venezuela	0708	1	19
39	Municipio Rómulo Gallegos	Municipio Romulo Gallegos	municipio-romulo-gallegos	3628986		Municipio Rómulo Gallegos, Venezuela	0406	1	22
40	Municipio Rojas	Municipio Rojas	municipio-rojas	3628998		Municipio Rojas, Venezuela	0610	1	20
41	Municipio Rivas Dávila	Municipio Rivas Davila	municipio-rivas-davila	3629042		Municipio Rivas Dávila, Venezuela	1418	1	10
42	Municipio Autónomo Río Negro	Municipio Autonomo Rio Negro	municipio-autonomo-rio-negro	3629068		Municipio Autónomo Río Negro, Venezuela	0207	1	24
43	Municipio Ricaurte	Municipio Ricaurte	municipio-ricaurte	3629179		Municipio Ricaurte, Venezuela	0906	1	17
44	Municipio Ribero	Municipio Ribero	municipio-ribero	3629182		Municipio Ribero, Venezuela	1913	1	5
45	Municipio Rangel	Municipio Rangel	municipio-rangel	3629269		Municipio Rangel, Venezuela	1417	1	10
46	Municipio Puerto Cabello	Municipio Puerto Cabello	municipio-puerto-cabello	3629705		Municipio Puerto Cabello, Venezuela	0811	1	18
47	Municipio Plaza	Municipio Plaza	municipio-plaza	3630003		Municipio Plaza, Venezuela	1517	1	9
48	Municipio Piar	Municipio Piar	municipio-piar	3630282		Municipio Piar, Venezuela	1609	1	8
49	Municipio Piar	Municipio Piar	municipio-piar	3630283		Municipio Piar, Venezuela	0706	1	19
50	Municipio Petit	Municipio Petit	municipio-petit	3630294		Municipio Petit, Venezuela	1117	1	15
51	Municipio Península de Macanao	Municipio Peninsula de Macanao	municipio-peninsula-de-macanao	3630389		Municipio Península de Macanao, Venezuela	1709	1	7
52	Municipio Pedro María Ureña	Municipio Pedro Maria Urena	municipio-pedro-maria-urena	3630452		Municipio Pedro María Ureña, Venezuela	2020	1	4
53	Municipio Pedro Camejo	Municipio Pedro Camejo	municipio-pedro-camejo	3630456		Municipio Pedro Camejo, Venezuela	0405	1	22
54	Municipio Pedraza	Municipio Pedraza	municipio-pedraza	3630482		Municipio Pedraza, Venezuela	0609	1	20
55	Municipio Paz Castillo	Municipio Paz Castillo	municipio-paz-castillo	3630495		Municipio Paz Castillo, Venezuela	1515	1	9
56	Municipio Panamericano	Municipio Panamericano	municipio-panamericano	3630887		Municipio Panamericano, Venezuela	2019	1	4
57	Municipio Palavecino	Municipio Palavecino	municipio-palavecino	3631101		Municipio Palavecino, Venezuela	1306	1	11
58	Municipio Páez	Municipio Paez	municipio-paez	3631168		Municipio Páez, Venezuela	2315	1	1
59	Municipio Páez	Municipio Paez	municipio-paez	3631169		Municipio Páez, Venezuela	1514	1	9
60	Municipio Páez	Municipio Paez	municipio-paez	3631170		Municipio Páez, Venezuela	1808	1	6
61	Municipio Páez	Municipio Paez	municipio-paez	3631171		Municipio Páez, Venezuela	0404	1	22
62	Municipio Ospino	Municipio Ospino	municipio-ospino	3631207		Municipio Ospino, Venezuela	1807	1	6
63	Municipio Obispos	Municipio Obispos	municipio-obispos	3631430		Municipio Obispos, Venezuela	0608	1	20
64	Municipio Nirgua	Municipio Nirgua	municipio-nirgua	3631506		Municipio Nirgua, Venezuela	2209	1	2
65	Municipio Muñoz	Municipio Munoz	municipio-munoz	3631656		Municipio Muñoz, Venezuela	0403	1	22
66	Municipio Morán	Municipio Moran	municipio-moran	3631972		Municipio Morán, Venezuela	1305	1	11
67	Municipio Montes	Municipio Montes	municipio-montes	3632008		Municipio Montes, Venezuela	1912	1	5
68	Municipio Montalbán	Municipio Montalban	municipio-montalban	3632070		Municipio Montalbán, Venezuela	0809	1	18
69	Municipio Miranda	Municipio Miranda	municipio-miranda	3632192		Municipio Miranda, Venezuela	1114	1	15
70	Municipio Miranda	Municipio Miranda	municipio-miranda	3632193		Municipio Miranda, Venezuela	2314	1	1
71	Municipio Miranda	Municipio Miranda	municipio-miranda	3632194		Municipio Miranda, Venezuela	1413	1	10
72	Municipio Michelena	Municipio Michelena	municipio-michelena	3632259		Municipio Michelena, Venezuela	2018	1	4
73	Municipio Mejía	Municipio Mejia	municipio-mejia	3632428		Municipio Mejía, Venezuela	1911	1	5
74	Municipio Mauroa	Municipio Mauroa	municipio-mauroa	3632524		Municipio Mauroa, Venezuela	1113	1	15
75	Municipio Maturín	Municipio Maturin	municipio-maturin	3632537		Municipio Maturín, Venezuela	1608	1	8
76	Municipio Mariño	Municipio Marino	municipio-marino	3632894		Municipio Mariño, Venezuela	1708	1	7
77	Municipio Mariño	Municipio Marino	municipio-marino	3632895		Municipio Mariño, Venezuela	1910	1	5
78	Municipio Maracaibo	Municipio Maracaibo	municipio-maracaibo	3633006		Municipio Maracaibo, Venezuela	2313	1	1
79	Municipio Mara	Municipio Mara	municipio-mara	3633019		Municipio Mara, Venezuela	2312	1	1
80	Municipio Maneiro	Municipio Maneiro	municipio-maneiro	3633180		Municipio Maneiro, Venezuela	1706	1	7
81	Municipio Lobatera	Municipio Lobatera	municipio-lobatera	3634695		Municipio Lobatera, Venezuela	2017	1	4
82	Municipio Libertador	Municipio Libertador	municipio-libertador	3634754		Municipio Libertador, Venezuela	1909	1	5
83	Municipio Libertador	Municipio Libertador	municipio-libertador	3634755		Municipio Libertador, Venezuela	1412	1	10
84	Municipio Libertador	Municipio Libertador	municipio-libertador	3634756		Municipio Libertador, Venezuela	2016	1	4
85	Municipio Libertad	Municipio Libertad	municipio-libertad	3634759		Municipio Libertad, Venezuela	0311	1	23
86	Municipio Lander	Municipio Lander	municipio-lander	3637011		Municipio Lander, Venezuela	1512	1	9
87	Municipio Justo Briceño	Municipio Justo Briceno	municipio-justo-briceno	3639053		Municipio Justo Briceño, Venezuela	1411	1	10
88	Municipio Junín	Municipio Junin	municipio-junin	3639063		Municipio Junín, Venezuela	2014	1	4
89	Municipio Jiménez	Municipio Jimenez	municipio-jimenez	3639197		Municipio Jiménez, Venezuela	1304	1	11
90	Municipio Jáuregui	Municipio Jauregui	municipio-jauregui	3639226		Municipio Jáuregui, Venezuela	2012	1	4
91	Municipio Iribarren	Municipio Iribarren	municipio-iribarren	3639346		Municipio Iribarren, Venezuela	1303	1	11
92	Municipio Independencia	Municipio Independencia	municipio-independencia	3639385		Municipio Independencia, Venezuela	1511	1	9
93	Municipio Independencia	Municipio Independencia	municipio-independencia	3639386		Municipio Independencia, Venezuela	0307	1	23
94	Municipio Heres	Municipio Heres	municipio-heres	3639562		Municipio Heres, Venezuela	0705	1	19
95	Municipio Guanarito	Municipio Guanarito	municipio-guanarito	3640213		Municipio Guanarito, Venezuela	1805	1	6
96	Municipio Guanare	Municipio Guanare	municipio-guanare	3640225		Municipio Guanare, Venezuela	1804	1	6
97	Municipio Guaicaipuro	Municipio Guaicaipuro	municipio-guaicaipuro	3640380		Municipio Guaicaipuro, Venezuela	1510	1	9
98	Municipio Guacara	Municipio Guacara	municipio-guacara	3640464		Municipio Guacara, Venezuela	0804	1	18
99	Municipio Gómez	Municipio Gomez	municipio-gomez	3640582		Municipio Gómez, Venezuela	1705	1	7
100	Municipio Girardot	Municipio Girardot	municipio-girardot	3640595		Municipio Girardot, Venezuela	0503	1	21
101	Municipio Girardot	Municipio Girardot	municipio-girardot	3640596		Municipio Girardot, Venezuela	0903	1	17
102	Municipio García de Hevia	Municipio Garcia de Hevia	municipio-garcia-de-hevia	3640668		Municipio García de Hevia, Venezuela	2009	1	4
103	Municipio Federación	Municipio Federacion	municipio-federacion	3640848		Municipio Federación, Venezuela	1110	1	15
104	Municipio Falcón	Municipio Falcon	municipio-falcon	3640872		Municipio Falcón, Venezuela	0902	1	17
105	Municipio Falcón	Municipio Falcon	municipio-falcon	3640874		Municipio Falcón, Venezuela	1109	1	15
106	Municipio Ezequiel Zamora	Municipio Ezequiel Zamora	municipio-ezequiel-zamora	3640879		Municipio Ezequiel Zamora, Venezuela	0607	1	20
107	Municipio Esteller	Municipio Esteller	municipio-esteller	3640903		Municipio Esteller, Venezuela	1803	1	6
108	Municipio Escuque	Municipio Escuque	municipio-escuque	3640955		Municipio Escuque, Venezuela	2106	1	3
109	Municipio Díaz	Municipio Diaz	municipio-diaz	3644510		Municipio Díaz, Venezuela	1703	1	7
110	Municipio Democracia	Municipio Democracia	municipio-democracia	3644540		Municipio Democracia, Venezuela	1108	1	15
111	Municipio Cristóbal Rojas	Municipio Cristobal Rojas	municipio-cristobal-rojas	3644938		Municipio Cristóbal Rojas, Venezuela	1508	1	9
112	Municipio Crespo	Municipio Crespo	municipio-crespo	3644947		Municipio Crespo, Venezuela	1302	1	11
113	Municipio Córdoba	Municipio Cordoba	municipio-cordoba	3645220		Municipio Córdoba, Venezuela	2006	1	4
114	Municipio Colón	Municipio Colon	municipio-colon	3645361		Municipio Colón, Venezuela	2305	1	1
115	Municipio Colina	Municipio Colina	municipio-colina	3645374		Municipio Colina, Venezuela	1106	1	15
116	Municipio Cedeño	Municipio Cedeno	municipio-cedeno	3646104		Municipio Cedeño, Venezuela	1605	1	8
117	Municipio Cedeño	Municipio Cedeno	municipio-cedeno	3646105		Municipio Cedeño, Venezuela	0702	1	19
118	Municipio Caroní	Municipio Caroni	municipio-caroni	3646491		Municipio Caroní, Venezuela	0701	1	19
119	Municipio Carlos Arvelo	Municipio Carlos Arvelo	municipio-carlos-arvelo	3646514		Municipio Carlos Arvelo, Venezuela	0802	1	18
120	Municipio Carirubana	Municipio Carirubana	municipio-carirubana	3646527		Municipio Carirubana, Venezuela	1105	1	15
121	Municipio Caripe	Municipio Caripe	municipio-caripe	3646536		Municipio Caripe, Venezuela	1604	1	8
122	Municipio Cárdenas	Municipio Cardenas	municipio-cardenas	3646610		Municipio Cárdenas, Venezuela	2005	1	4
123	Municipio Carache	Municipio Carache	municipio-carache	3646730		Municipio Carache, Venezuela	2105	1	3
124	Municipio Campo Elías	Municipio Campo Elias	municipio-campo-elias	3647193		Municipio Campo Elías, Venezuela	1406	1	10
125	Municipio Buchivacoa	Municipio Buchivacoa	municipio-buchivacoa	3647886		Municipio Buchivacoa, Venezuela	1103	1	15
126	Municipio Bruzual	Municipio Bruzual	municipio-bruzual	3647929		Municipio Bruzual, Venezuela	2203	1	2
127	Municipio Brión	Municipio Brion	municipio-brion	3647945		Municipio Brión, Venezuela	1504	1	9
128	Municipio Bolívar	Municipio Bolivar	municipio-bolivar	3648107		Municipio Bolívar, Venezuela	1102	1	15
129	Municipio Bolívar	Municipio Bolivar	municipio-bolivar	3648108		Municipio Bolívar, Venezuela	2202	1	2
130	Municipio Bolívar	Municipio Bolivar	municipio-bolivar	3648111		Municipio Bolívar, Venezuela	1603	1	8
131	Municipio Bolívar	Municipio Bolivar	municipio-bolivar	3648112		Municipio Bolívar, Venezuela	0605	1	20
132	Municipio Bolívar	Municipio Bolivar	municipio-bolivar	3648113		Municipio Bolívar, Venezuela	2004	1	4
133	Municipio Boconó	Municipio Bocono	municipio-bocono	3648130		Municipio Boconó, Venezuela	2102	1	3
134	Municipio Bermúdez	Municipio Bermudez	municipio-bermudez	3648300		Municipio Bermúdez, Venezuela	1905	1	5
135	Municipio Benítez	Municipio Benitez	municipio-benitez	3648316		Municipio Benítez, Venezuela	1904	1	5
136	Municipio Bejuma	Municipio Bejuma	municipio-bejuma	3648385		Municipio Bejuma, Venezuela	0801	1	18
137	Municipio Barinas	Municipio Barinas	municipio-barinas	3648545		Municipio Barinas, Venezuela	0604	1	20
138	Municipio Baralt	Municipio Baralt	municipio-baralt	3648586		Municipio Baralt, Venezuela	2302	1	1
139	Municipio Ayacucho	Municipio Ayacucho	municipio-ayacucho	3648740		Municipio Ayacucho, Venezuela	2003	1	4
140	Municipio Autónomo Atures	Municipio Autonomo Atures	municipio-autonomo-atures	3648789		Municipio Autónomo Atures, Venezuela	0203	1	24
141	Municipio Autónomo Atabapo	Municipio Autonomo Atabapo	municipio-autonomo-atabapo	3648813		Municipio Autónomo Atabapo, Venezuela	0202	1	24
142	Municipio Arzobispo Chacón	Municipio Arzobispo Chacon	municipio-arzobispo-chacon	3648827		Municipio Arzobispo Chacón, Venezuela	1405	1	10
143	Municipio Arismendi	Municipio Arismendi	municipio-arismendi	3648881		Municipio Arismendi, Venezuela	1702	1	7
144	Municipio Arismendi	Municipio Arismendi	municipio-arismendi	3648882		Municipio Arismendi, Venezuela	1903	1	5
145	Municipio Arismendi	Municipio Arismendi	municipio-arismendi	3648883		Municipio Arismendi, Venezuela	0603	1	20
146	Municipio Araure	Municipio Araure	municipio-araure	3649016		Municipio Araure, Venezuela	1802	1	6
147	Municipio Aragua	Municipio Aragua	municipio-aragua	3649111		Municipio Aragua, Venezuela	0302	1	23
148	Municipio Anzoátegui	Municipio Anzoategui	municipio-anzoategui	3649199		Municipio Anzoátegui, Venezuela	0901	1	17
149	Municipio Antonio Díaz	Municipio Antonio Diaz	municipio-antonio-diaz	3649210		Municipio Antonio Díaz, Venezuela	1001	1	16
150	Municipio Andrés Eloy Blanco	Municipio Andres Eloy Blanco	municipio-andres-eloy-blanco	3649248		Municipio Andrés Eloy Blanco, Venezuela	1901	1	5
151	Municipio Andrés Bello	Municipio Andres Bello	municipio-andres-bello	3649249		Municipio Andrés Bello, Venezuela	1402	1	10
152	Municipio Anaco	Municipio Anaco	municipio-anaco	3649281		Municipio Anaco, Venezuela	0301	1	23
153	Municipio Alberto Adriani	Municipio Alberto Adriani	municipio-alberto-adriani	3649500		Municipio Alberto Adriani, Venezuela	1401	1	10
154	Municipio Acosta	Municipio Acosta	municipio-acosta	3649798		Municipio Acosta, Venezuela	1101	1	15
155	Municipio Acosta	Municipio Acosta	municipio-acosta	3649799		Municipio Acosta, Venezuela	1601	1	8
156	Municipio Achaguas	Municipio Achaguas	municipio-achaguas	3649809		Municipio Achaguas, Venezuela	0401	1	22
157	Municipio Acevedo	Municipio Acevedo	municipio-acevedo	3649812		Municipio Acevedo, Venezuela	1501	1	9
158	Municipio Autónomo Alto Orinoco	Municipio Autonomo Alto Orinoco	municipio-autonomo-alto-orinoco	8129028		Municipio Autónomo Alto Orinoco, Venezuela	0201	1	24
159	Municipio Autónomo Autana	Municipio Autonomo Autana	municipio-autonomo-autana	8129029		Municipio Autónomo Autana, Venezuela	0204	1	24
160	Municipio Autónomo Manapiare	Municipio Autonomo Manapiare	municipio-autonomo-manapiare	8129030		Municipio Autónomo Manapiare, Venezuela	0206	1	24
161	Municipio Autónomo Maroa	Municipio Autonomo Maroa	municipio-autonomo-maroa	8129031		Municipio Autónomo Maroa, Venezuela	0205	1	24
162	Municipio Santos Michelena	Municipio Santos Michelena	municipio-santos-michelena	8129149		Municipio Santos Michelena, Venezuela	0512	1	21
163	Municipio Andrés Eloy Blanco	Municipio Andres Eloy Blanco	municipio-andres-eloy-blanco	8129150		Municipio Andrés Eloy Blanco, Venezuela	0612	1	20
164	Municipio Gran Sabana	Municipio Gran Sabana	municipio-gran-sabana	8129151		Municipio Gran Sabana, Venezuela	0704	1	19
165	Municipio San Joaquín	Municipio San Joaquin	municipio-san-joaquin	8129152		Municipio San Joaquín, Venezuela	0813	1	18
166	Municipio Tocópero	Municipio Tocopero	municipio-tocopero	8129153		Municipio Tocópero, Venezuela	1122	1	15
167	Municipio Píritu	Municipio Piritu	municipio-piritu	8129154		Municipio Píritu, Venezuela	1118	1	15
168	Municipio Bolívar	Municipio Bolivar	municipio-bolivar	8129155		Municipio Bolívar, Venezuela	1906	1	5
169	Municipio García	Municipio Garcia	municipio-garcia	8129156		Municipio García, Venezuela	1704	1	7
170	Municipio Santa Rosalía	Municipio Santa Rosalia	municipio-santa-rosalia	8129157		Municipio Santa Rosalía, Venezuela	1812	1	6
171	Municipio Monseñor José Vicente de Unda	Municipio Monsenor Jose Vicente de Unda	municipio-monsenor-jose-vicente-de-unda	8129158		Municipio Monseñor José Vicente de Unda, Venezuela	1806	1	6
172	Municipio Antonio José de Sucre	Municipio Antonio Jose de Sucre	municipio-antonio-jose-de-sucre	8129159		Municipio Antonio José de Sucre, Venezuela	0602	1	20
173	Municipio Santa María de Ipire	Municipio Santa Maria de Ipire	municipio-santa-maria-de-ipire	8129160		Municipio Santa María de Ipire, Venezuela	1214	1	12
174	Municipio Padre Noguera	Municipio Padre Noguera	municipio-padre-noguera	8129161		Municipio Padre Noguera, Venezuela	1415	1	10
175	Municipio Simón Rodríguez	Municipio Simon Rodriguez	municipio-simon-rodriguez	8129162		Municipio Simón Rodríguez, Venezuela	2025	1	4
176	Municipio Papelón	Municipio Papelon	municipio-papelon	8129163		Municipio Papelón, Venezuela	1809	1	6
177	Municipio Pampán	Municipio Pampan	municipio-pampan	8129164		Municipio Pampán, Venezuela	2113	1	3
178	Municipio Fernando de Peñalver	Municipio Fernando de Penalver	municipio-fernando-de-penalver	8129165		Municipio Fernando de Peñalver, Venezuela	0303	1	23
179	Municipio Píritu	Municipio Piritu	municipio-piritu	8129166		Municipio Píritu, Venezuela	0314	1	23
180	Municipio Francisco de Miranda	Municipio Francisco de Miranda	municipio-francisco-de-miranda	8129167		Municipio Francisco de Miranda, Venezuela	0305	1	23
181	Municipio Motatán	Municipio Motatan	municipio-motatan	8129168		Municipio Motatán, Venezuela	2112	1	3
182	Municipio Camaguán	Municipio Camaguan	municipio-camaguan	8129169		Municipio Camaguán, Venezuela	1201	1	12
183	Municipio San José de Guaribe	Municipio San Jose de Guaribe	municipio-san-jose-de-guaribe	8129170		Municipio San José de Guaribe, Venezuela	1213	1	12
184	Municipio Turistico Diego Bautista Urbaneja	Municipio Turistico Diego Bautista Urbaneja	municipio-turistico-diego-bautista-urbaneja	8129171		Municipio Turistico Diego Bautista Urbaneja, Venezuela	0321	1	23
185	Municipio Juan José Mora	Municipio Juan Jose Mora	municipio-juan-jose-mora	8129172		Municipio Juan José Mora, Venezuela	0805	1	18
186	Municipio Juan Vicente Campo Elías	Municipio Juan Vicente Campo Elias	municipio-juan-vicente-campo-elias	8129173		Municipio Juan Vicente Campo Elías, Venezuela	2108	1	3
187	Municipio Francisco de Miranda	Municipio Francisco de Miranda	municipio-francisco-de-miranda	8129174		Municipio Francisco de Miranda, Venezuela	2008	1	4
188	Municipio Sucre	Municipio Sucre	municipio-sucre	8129175		Municipio Sucre, Venezuela	1519	1	9
189	Municipio José Rafael Revenga	Municipio Jose Rafael Revenga	municipio-jose-rafael-revenga	8129176		Municipio José Rafael Revenga, Venezuela	0506	1	21
190	Municipio Dabajuro	Municipio Dabajuro	municipio-dabajuro	8129177		Municipio Dabajuro, Venezuela	1107	1	15
191	Municipio Chacao	Municipio Chacao	municipio-chacao	8129178		Municipio Chacao, Venezuela	1507	1	9
192	Municipio Leonardo Infante	Municipio Leonardo Infante	municipio-leonardo-infante	8129179		Municipio Leonardo Infante, Venezuela	1205	1	12
193	Municipio Francisco del Carmen Carvajal	Municipio Francisco del Carmen Carvajal	municipio-francisco-del-carmen-carvajal	8129180		Municipio Francisco del Carmen Carvajal, Venezuela	0304	1	23
194	Municipio Urumaco	Municipio Urumaco	municipio-urumaco	8129181		Municipio Urumaco, Venezuela	1124	1	15
195	Municipio Santos Marquina	Municipio Santos Marquina	municipio-santos-marquina	8129182		Municipio Santos Marquina, Venezuela	1419	1	10
196	Municipio Simón Planas	Municipio Simon Planas	municipio-simon-planas	8129183		Municipio Simón Planas, Venezuela	1307	1	11
197	Municipio San Rafael de Onoto	Municipio San Rafael de Onoto	municipio-san-rafael-de-onoto	8129184		Municipio San Rafael de Onoto, Venezuela	1811	1	6
198	Municipio Juan Germán Roscio	Municipio Juan German Roscio	municipio-juan-german-roscio	8129185		Municipio Juan Germán Roscio, Venezuela	1212	1	12
199	Municipio Simón Bolívar	Municipio Simon Bolivar	municipio-simon-bolivar	8129186		Municipio Simón Bolívar, Venezuela	1518	1	9
200	Municipio Juan Antonio Sotillo	Municipio Juan Antonio Sotillo	municipio-juan-antonio-sotillo	8129187		Municipio Juan Antonio Sotillo, Venezuela	0308	1	23
201	Municipio Buroz	Municipio Buroz	municipio-buroz	8129188		Municipio Buroz, Venezuela	1505	1	9
202	Municipio Sucre	Municipio Sucre	municipio-sucre	8129189		Municipio Sucre, Venezuela	1121	1	15
203	Municipio Pao de San Juan Bautista	Municipio Pao de San Juan Bautista	municipio-pao-de-san-juan-bautista	8129190		Municipio Pao de San Juan Bautista, Venezuela	0905	1	17
204	Municipio Chaguaramas	Municipio Chaguaramas	municipio-chaguaramas	8129191		Municipio Chaguaramas, Venezuela	1202	1	12
205	Municipio Cruz Salmerón Acosta	Municipio Cruz Salmeron Acosta	municipio-cruz-salmeron-acosta	8129192		Municipio Cruz Salmerón Acosta, Venezuela	1908	1	5
206	Municipio Agua Blanca	Municipio Agua Blanca	municipio-agua-blanca	8129193		Municipio Agua Blanca, Venezuela	1801	1	6
207	Municipio Miranda	Municipio Miranda	municipio-miranda	8129194		Municipio Miranda, Venezuela	2110	1	3
208	Municipio Sucre	Municipio Sucre	municipio-sucre	8129195		Municipio Sucre, Venezuela	2117	1	3
209	Municipio Simón Bolívar	Municipio Simon Bolivar	municipio-simon-bolivar	8129196		Municipio Simón Bolívar, Venezuela	2319	1	1
210	Municipio La Cañada de Urdaneta	Municipio La Canada de Urdaneta	municipio-la-canada-de-urdaneta	8129197		Municipio La Cañada de Urdaneta, Venezuela	2309	1	1
211	Municipio Machiques de Perijá	Municipio Machiques de Perija	municipio-machiques-de-perija	8129198		Municipio Machiques de Perijá, Venezuela	2311	1	1
212	Municipio Cabimas	Municipio Cabimas	municipio-cabimas	8129199		Municipio Cabimas, Venezuela	2303	1	1
213	Municipio José Tadeo Monagas	Municipio Jose Tadeo Monagas	municipio-jose-tadeo-monagas	8129200		Municipio José Tadeo Monagas, Venezuela	1209	1	12
214	Municipio El Hatillo	Municipio El Hatillo	municipio-el-hatillo	8129201		Municipio El Hatillo, Venezuela	1509	1	9
215	Municipio José Félix Ribas	Municipio Jose Felix Ribas	municipio-jose-felix-ribas	8129202		Municipio José Félix Ribas, Venezuela	0505	1	21
216	Municipio Peña	Municipio Pena	municipio-pena	8129203		Municipio Peña, Venezuela	2210	1	2
217	Municipio Los Salias	Municipio Los Salias	municipio-los-salias	8129204		Municipio Los Salias, Venezuela	1513	1	9
218	Municipio Santiago Mariño	Municipio Santiago Marino	municipio-santiago-marino	8129205		Municipio Santiago Mariño, Venezuela	0511	1	21
219	Municipio Bolívar	Municipio Bolivar	municipio-bolivar	8129206		Municipio Bolívar, Venezuela	0501	1	21
220	Municipio Ezequiel Zamora	Municipio Ezequiel Zamora	municipio-ezequiel-zamora	8129207		Municipio Ezequiel Zamora, Venezuela	1606	1	8
221	Municipio Ortiz	Municipio Ortiz	municipio-ortiz	8129208		Municipio Ortiz, Venezuela	1210	1	12
222	Municipio Lagunillas	Municipio Lagunillas	municipio-lagunillas	8129209		Municipio Lagunillas, Venezuela	2310	1	1
223	Municipio San Juan de Capistrano	Municipio San Juan de Capistrano	municipio-san-juan-de-capistrano	8129210		Municipio San Juan de Capistrano, Venezuela	0316	1	23
224	Municipio Biruaca	Municipio Biruaca	municipio-biruaca	8129211		Municipio Biruaca, Venezuela	0402	1	22
225	Municipio Aguasay	Municipio Aguasay	municipio-aguasay	8129212		Municipio Aguasay, Venezuela	1602	1	8
226	Municipio José Gregorio Monagas	Municipio Jose Gregorio Monagas	municipio-jose-gregorio-monagas	8129213		Municipio José Gregorio Monagas, Venezuela	0310	1	23
227	Municipio El Callao	Municipio El Callao	municipio-el-callao	8129214		Municipio El Callao, Venezuela	0703	1	19
228	Municipio Zea	Municipio Zea	municipio-zea	8129215		Municipio Zea, Venezuela	1423	1	10
229	Municipio Jacura	Municipio Jacura	municipio-jacura	8129216		Municipio Jacura, Venezuela	1111	1	15
230	Municipio Catatumbo	Municipio Catatumbo	municipio-catatumbo	8129217		Municipio Catatumbo, Venezuela	2304	1	1
231	Municipio Sifontes	Municipio Sifontes	municipio-sifontes	8129218		Municipio Sifontes, Venezuela	0709	1	19
232	Municipio Manuel Monge	Municipio Manuel Monge	municipio-manuel-monge	8129219		Municipio Manuel Monge, Venezuela	2208	1	2
233	Municipio Cacique Manaure	Municipio Cacique Manaure	municipio-cacique-manaure	8129220		Municipio Cacique Manaure, Venezuela	1104	1	15
234	Municipio Cajigal	Municipio Cajigal	municipio-cajigal	8129221		Municipio Cajigal, Venezuela	1907	1	5
235	Municipio Uracoa	Municipio Uracoa	municipio-uracoa	8129222		Municipio Uracoa, Venezuela	1613	1	8
236	Municipio Seboruco	Municipio Seboruco	municipio-seboruco	8129223		Municipio Seboruco, Venezuela	2024	1	4
237	Municipio Andrés Bello	Municipio Andres Bello	municipio-andres-bello	8129224		Municipio Andrés Bello, Venezuela	2101	1	3
238	Municipio Obispo Ramos de Lora	Municipio Obispo Ramos de Lora	municipio-obispo-ramos-de-lora	8129225		Municipio Obispo Ramos de Lora, Venezuela	1414	1	10
239	Municipio José Angel Lamas	Municipio Jose Angel Lamas	municipio-jose-angel-lamas	8129226		Municipio José Angel Lamas, Venezuela	0504	1	21
240	Municipio Arístides Bastidas	Municipio Aristides Bastidas	municipio-aristides-bastidas	8129227		Municipio Arístides Bastidas, Venezuela	2201	1	2
241	Municipio Andrés Eloy Blanco	Municipio Andres Eloy Blanco	municipio-andres-eloy-blanco	8129228		Municipio Andrés Eloy Blanco, Venezuela	1301	1	11
242	Municipio Alberto Arvelo Torrealba	Municipio Alberto Arvelo Torrealba	municipio-alberto-arvelo-torrealba	8129229		Municipio Alberto Arvelo Torrealba, Venezuela	0601	1	20
243	Municipio José Antonio Páez	Municipio Jose Antonio Paez	municipio-jose-antonio-paez	8129230		Municipio José Antonio Páez, Venezuela	2206	1	2
244	Municipio Pueblo Llano	Municipio Pueblo Llano	municipio-pueblo-llano	8129231		Municipio Pueblo Llano, Venezuela	1416	1	10
245	Municipio Pedernales	Municipio Pedernales	municipio-pedernales	8129232		Municipio Pedernales, Venezuela	1003	1	16
246	Municipio Guásimos	Municipio Guasimos	municipio-guasimos	8129233		Municipio Guásimos, Venezuela	2010	1	4
247	Municipio Juan Manuel Cajigal	Municipio Juan Manuel Cajigal	municipio-juan-manuel-cajigal	8129234		Municipio Juan Manuel Cajigal, Venezuela	0309	1	23
248	Municipio Ocumare de La Costa de Oro	Municipio Ocumare de La Costa de Oro	municipio-ocumare-de-la-costa-de-oro	8129235		Municipio Ocumare de La Costa de Oro, Venezuela	0518	1	21
249	Municipio Tulio Febres Cordero	Municipio Tulio Febres Cordero	municipio-tulio-febres-cordero	8129236		Municipio Tulio Febres Cordero, Venezuela	1422	1	10
250	Municipio Libertador	Municipio Libertador	municipio-libertador	8129237		Municipio Libertador, Venezuela	0507	1	21
251	Municipio San Francisco	Municipio San Francisco	municipio-san-francisco	8129238		Municipio San Francisco, Venezuela	1119	1	15
252	Municipio Monte Carmelo	Municipio Monte Carmelo	municipio-monte-carmelo	8129239		Municipio Monte Carmelo, Venezuela	2111	1	3
253	Municipio Miranda	Municipio Miranda	municipio-miranda	8129240		Municipio Miranda, Venezuela	0808	1	18
254	Municipio Diego Ibarra	Municipio Diego Ibarra	municipio-diego-ibarra	8129241		Municipio Diego Ibarra, Venezuela	0803	1	18
255	Municipio Rómulo Gallegos	Municipio Romulo Gallegos	municipio-romulo-gallegos	8129242		Municipio Rómulo Gallegos, Venezuela	0907	1	17
256	Municipio Guaraque	Municipio Guaraque	municipio-guaraque	8129243		Municipio Guaraque, Venezuela	1409	1	10
257	Municipio Veroes	Municipio Veroes	municipio-veroes	8129244		Municipio Veroes, Venezuela	2214	1	2
258	Municipio Julián Mellado	Municipio Julian Mellado	municipio-julian-mellado	8129245		Municipio Julián Mellado, Venezuela	1207	1	12
259	Bolivariano Angostura	Bolivariano Angostura	bolivariano-angostura	8129246		Bolivariano Angostura, Venezuela	0707	1	19
260	Municipio Cocorote	Municipio Cocorote	municipio-cocorote	8129247		Municipio Cocorote, Venezuela	2204	1	2
261	Municipio Manuel Ezequiel Bruzual	Municipio Manuel Ezequiel Bruzual	municipio-manuel-ezequiel-bruzual	8129248		Municipio Manuel Ezequiel Bruzual, Venezuela	0312	1	23
262	Municipio Monseñor Iturriza	Municipio Monsenor Iturriza	municipio-monsenor-iturriza	8129249		Municipio Monseñor Iturriza, Venezuela	1115	1	15
263	Municipio Camatagua	Municipio Camatagua	municipio-camatagua	8129250		Municipio Camatagua, Venezuela	0502	1	21
264	Municipio La Trinidad	Municipio La Trinidad	municipio-la-trinidad	8129251		Municipio La Trinidad, Venezuela	2207	1	2
265	Municipio San Genaro de Boconoito	Municipio San Genaro de Boconoito	municipio-san-genaro-de-boconoito	8129252		Municipio San Genaro de Boconoito, Venezuela	1810	1	6
266	Municipio Rafael Rangel	Municipio Rafael Rangel	municipio-rafael-rangel	8129253		Municipio Rafael Rangel, Venezuela	2115	1	3
267	Municipio Cruz Paredes	Municipio Cruz Paredes	municipio-cruz-paredes	8129254		Municipio Cruz Paredes, Venezuela	0606	1	20
268	Municipio Aricagua	Municipio Aricagua	municipio-aricagua	8129255		Municipio Aricagua, Venezuela	1404	1	10
269	Municipio Libertador	Municipio Libertador	municipio-libertador	8129256		Municipio Libertador, Venezuela	0101	1	14
270	Municipio Rafael Urdaneta	Municipio Rafael Urdaneta	municipio-rafael-urdaneta	8129257		Municipio Rafael Urdaneta, Venezuela	2021	1	4
271	Municipio Samuel Darío Maldonado	Municipio Samuel Dario Maldonado	municipio-samuel-dario-maldonado	8129258		Municipio Samuel Darío Maldonado, Venezuela	2022	1	4
272	Municipio Julio César Salas	Municipio Julio Cesar Salas	municipio-julio-cesar-salas	8129259		Municipio Julio César Salas, Venezuela	1410	1	10
273	Municipio Unión	Municipio Union	municipio-union	8129260		Municipio Unión, Venezuela	1123	1	15
274	Municipio Pedro Zaraza	Municipio Pedro Zaraza	municipio-pedro-zaraza	8129261		Municipio Pedro Zaraza, Venezuela	1215	1	12
275	Municipio Guanta	Municipio Guanta	municipio-guanta	8129262		Municipio Guanta, Venezuela	0306	1	23
276	Municipio San Judas Tadeo	Municipio San Judas Tadeo	municipio-san-judas-tadeo	8129263		Municipio San Judas Tadeo, Venezuela	2029	1	4
277	Municipio La Ceiba	Municipio La Ceiba	municipio-la-ceiba	8129264		Municipio La Ceiba, Venezuela	2109	1	3
278	Municipio Jesús María Semprún	Municipio Jesus Maria Semprun	municipio-jesus-maria-semprun	8129265		Municipio Jesús María Semprún, Venezuela	2308	1	1
279	Municipio Pedro María Freites	Municipio Pedro Maria Freites	municipio-pedro-maria-freites	8129266		Municipio Pedro María Freites, Venezuela	0313	1	23
280	Municipio Lima Blanco	Municipio Lima Blanco	municipio-lima-blanco	8129267		Municipio Lima Blanco, Venezuela	0904	1	17
281	Municipio Vargas	Municipio Vargas	municipio-vargas	8129268		Municipio Vargas, Venezuela	2401	1	25
282	Municipio Francisco de Miranda	Municipio Francisco de Miranda	municipio-francisco-de-miranda	8129269		Municipio Francisco de Miranda, Venezuela	1208	1	12
283	Municipio San José de Guanipa	Municipio San Jose de Guanipa	municipio-san-jose-de-guanipa	8131389		Municipio San José de Guanipa, Venezuela	0315	1	23
284	Municipio Santa Ana	Municipio Santa Ana	municipio-santa-ana	8131390		Municipio Santa Ana, Venezuela	0317	1	23
285	Municipio Simón Bolívar	Municipio Simon Bolivar	municipio-simon-bolivar	8131391		Municipio Simón Bolívar, Venezuela	0318	1	23
286	Municipio Sir Arthur Mc Gregor	Municipio Sir Arthur Mc Gregor	municipio-sir-arthur-mc-gregor	8131392		Municipio Sir Arthur Mc Gregor, Venezuela	0320	1	23
287	Municipio Mario Briceño Iragorry	Municipio Mario Briceno Iragorry	municipio-mario-briceno-iragorry	8131393		Municipio Mario Briceño Iragorry, Venezuela	0508	1	21
288	Municipio Tovar	Municipio Tovar	municipio-tovar	8131394		Municipio Tovar, Venezuela	0514	1	21
289	Municipio Francisco Linares Alcántara	Municipio Francisco Linares Alcantara	municipio-francisco-linares-alcantara	8131395		Municipio Francisco Linares Alcántara, Venezuela	0517	1	21
290	Municipio Padre Pedro Chien	Municipio Padre Pedro Chien	municipio-padre-pedro-chien	8131426		Municipio Padre Pedro Chien, Venezuela	0711	1	19
291	Municipio Libertador	Municipio Libertador	municipio-libertador	8131427		Municipio Libertador, Venezuela	0806	1	18
292	Municipio Los Guayos	Municipio Los Guayos	municipio-los-guayos	8131428		Municipio Los Guayos, Venezuela	0807	1	18
293	Municipio Naguanagua	Municipio Naguanagua	municipio-naguanagua	8131429		Municipio Naguanagua, Venezuela	0810	1	18
294	Municipio San Diego	Municipio San Diego	municipio-san-diego	8131430		Municipio San Diego, Venezuela	0812	1	18
295	Municipio Casacoima	Municipio Casacoima	municipio-casacoima	8131431		Municipio Casacoima, Venezuela	1002	1	16
296	Municipio Los Taques	Municipio Los Taques	municipio-los-taques	8131432		Municipio Los Taques, Venezuela	1112	1	15
297	Municipio Palmasola	Municipio Palmasola	municipio-palmasola	8131433		Municipio Palmasola, Venezuela	1116	1	15
298	Municipio El Socorro	Municipio El Socorro	municipio-el-socorro	8131434		Municipio El Socorro, Venezuela	1203	1	12
299	Municipio San Gerónimo de Guayabal	Municipio San Geronimo de Guayabal	municipio-san-geronimo-de-guayabal	8131435		Municipio San Gerónimo de Guayabal, Venezuela	1204	1	12
300	Municipio Las Mercedes	Municipio Las Mercedes	municipio-las-mercedes	8131436		Municipio Las Mercedes, Venezuela	1206	1	12
301	Municipio José Félix Ribas	Municipio Jose Felix Ribas	municipio-jose-felix-ribas	8131437		Municipio José Félix Ribas, Venezuela	1211	1	12
302	Municipio Antonio Pinto Salinas	Municipio Antonio Pinto Salinas	municipio-antonio-pinto-salinas	8131438		Municipio Antonio Pinto Salinas, Venezuela	1403	1	10
303	Municipio Caracciolo Parra Olmedo	Municipio Caracciolo Parra Olmedo	municipio-caracciolo-parra-olmedo	8131439		Municipio Caracciolo Parra Olmedo, Venezuela	1407	1	10
304	Municipio Cardenal Quintero	Municipio Cardenal Quintero	municipio-cardenal-quintero	8131440		Municipio Cardenal Quintero, Venezuela	1408	1	10
305	Municipio Andrés Bello	Municipio Andres Bello	municipio-andres-bello	8131441		Municipio Andrés Bello, Venezuela	1502	1	9
306	Municipio Baruta	Municipio Baruta	municipio-baruta	8131442		Municipio Baruta, Venezuela	1503	1	9
307	Municipio Carrizal	Municipio Carrizal	municipio-carrizal	8131443		Municipio Carrizal, Venezuela	1506	1	9
308	Municipio Pedro Gual	Municipio Pedro Gual	municipio-pedro-gual	8131444		Municipio Pedro Gual, Venezuela	1516	1	9
309	Municipio Libertador	Municipio Libertador	municipio-libertador	8131445		Municipio Libertador, Venezuela	1607	1	8
310	Municipio Punceres	Municipio Punceres	municipio-punceres	8131446		Municipio Punceres, Venezuela	1610	1	8
311	Municipio Santa Bárbara	Municipio Santa Barbara	municipio-santa-barbara	8131447		Municipio Santa Bárbara, Venezuela	1611	1	8
312	Municipio Antolín del Campo	Municipio Antolin del Campo	municipio-antolin-del-campo	8131448		Municipio Antolín del Campo, Venezuela	1701	1	7
313	Municipio Marcano	Municipio Marcano	municipio-marcano	8131449		Municipio Marcano, Venezuela	1707	1	7
314	Municipio Andrés Mata	Municipio Andres Mata	municipio-andres-mata	8131450		Municipio Andrés Mata, Venezuela	1902	1	5
315	Municipio Valdez	Municipio Valdez	municipio-valdez	8131484		Municipio Valdez, Venezuela	1915	1	5
316	Municipio Andrés Bello	Municipio Andres Bello	municipio-andres-bello	8131485		Municipio Andrés Bello, Venezuela	2001	1	4
317	Municipio Antonio Rómulo Costa	Municipio Antonio Romulo Costa	municipio-antonio-romulo-costa	8131486		Municipio Antonio Rómulo Costa, Venezuela	2002	1	4
318	Municipio Fernández Feo	Municipio Fernandez Feo	municipio-fernandez-feo	8131487		Municipio Fernández Feo, Venezuela	2007	1	4
319	Municipio Independencia	Municipio Independencia	municipio-independencia	8131488		Municipio Independencia, Venezuela	2011	1	4
320	Municipio Libertad	Municipio Libertad	municipio-libertad	8131489		Municipio Libertad, Venezuela	2015	1	4
321	Municipio José María Vargas	Municipio Jose Maria Vargas	municipio-jose-maria-vargas	8131490		Municipio José María Vargas, Venezuela	2013	1	4
322	Municipio Torbes	Municipio Torbes	municipio-torbes	8131491		Municipio Torbes, Venezuela	2027	1	4
323	Municipio Bolívar	Municipio Bolivar	municipio-bolivar	8131492		Municipio Bolívar, Venezuela	2103	1	3
324	Municipio Candelaria	Municipio Candelaria	municipio-candelaria	8131493		Municipio Candelaria, Venezuela	2104	1	3
325	Municipio José Felipe Márquez Cañizales	Municipio Jose Felipe Marquez Canizales	municipio-jose-felipe-marquez-canizales	8131494		Municipio José Felipe Márquez Cañizales, Venezuela	2107	1	3
326	Municipio Pampanito	Municipio Pampanito	municipio-pampanito	8131505		Municipio Pampanito, Venezuela	2114	1	3
327	Municipio San Rafael de Carvajal	Municipio San Rafael de Carvajal	municipio-san-rafael-de-carvajal	8131506		Municipio San Rafael de Carvajal, Venezuela	2116	1	3
328	Municipio Independencia	Municipio Independencia	municipio-independencia	8131510		Municipio Independencia, Venezuela	2205	1	2
329	Municipio Almirante Padilla	Municipio Almirante Padilla	municipio-almirante-padilla	8131511		Municipio Almirante Padilla, Venezuela	2301	1	1
330	Municipio Francisco Javier Pulgar	Municipio Francisco Javier Pulgar	municipio-francisco-javier-pulgar	8131512		Municipio Francisco Javier Pulgar, Venezuela	2306	1	1
331	Municipio Jesús Enrique Lossada	Municipio Jesus Enrique Lossada	municipio-jesus-enrique-lossada	8131513		Municipio Jesús Enrique Lossada, Venezuela	2307	1	1
332	Municipio Rosario de Perijá	Municipio Rosario de Perija	municipio-rosario-de-perija	8131514		Municipio Rosario de Perijá, Venezuela	2316	1	1
333	Municipio San Francisco	Municipio San Francisco	municipio-san-francisco	8131515		Municipio San Francisco, Venezuela	2317	1	1
334	Municipio Santa Rita	Municipio Santa Rita	municipio-santa-rita	8131516		Municipio Santa Rita, Venezuela	2318	1	1
335	Municipio Valmore Rodríguez	Municipio Valmore Rodriguez	municipio-valmore-rodriguez	8131517		Municipio Valmore Rodríguez, Venezuela	2321	1	1
\.


--
-- Data for Name: core_address; Type: TABLE DATA; Schema: public; Owner: postgres
--

COPY public.core_address (id, google_coordinates, is_main, region, subregion, city, created_at, updated_at, short_address, contact_phone, user_id, last_name, name) FROM stdin;
3	asdasasdasd	t	adasdas	asdasdasd	asdasdasd	2023-01-15 16:22:16.159-04	2023-01-15 16:22:16.159-04	asdasdasd	04244363570	2	\N	\N
4	\N	f	Sucre	Municipio Sucre	Petare	2023-01-16 23:36:16.203-04	2023-01-16 23:36:16.203-04	\N		2	\N	\N
5	\N	t	Carabobo	Municipio Valencia	Valencia	2023-02-04 19:39:57.073687-04	2023-02-04 19:39:57.07371-04	\N		22	\N	\N
6	\N	f	Carabobo	Municipio Valencia	Valencia	2023-02-04 19:54:05.925946-04	2023-02-04 19:54:05.925969-04	\N		22	Doe	john
7	\N	f	Carabobo	Municipio Valencia	Valencia	2023-02-04 21:31:55.994027-04	2023-02-04 21:31:55.994053-04	\N		22	Doe	john
\.


--
-- Data for Name: core_assistance; Type: TABLE DATA; Schema: public; Owner: postgres
--

COPY public.core_assistance (id, completed, freelance_id, customer_id, feedback) FROM stdin;
1	t	25	2	t
2	t	24	2	t
3	t	26	2	t
4	f	24	2	\N
\.


--
-- Data for Name: core_brand; Type: TABLE DATA; Schema: public; Owner: postgres
--

COPY public.core_brand (id, name, created_at, updated_at) FROM stdin;
1	Isuzu	2022-09-06 23:02:16.385-04	2023-01-14 16:49:52.594-04
2	General Motors	2022-10-08 15:14:48.524-04	2023-01-14 16:49:48.52-04
3	Cherokee	2022-10-25 22:38:32.835-04	2023-01-14 16:49:56.85-04
4	Ford	2023-01-19 20:27:32.99-04	2023-01-19 20:27:32.99-04
5	Toyota	2023-01-22 15:21:48.479-04	2023-01-22 15:21:48.479-04
\.


--
-- Data for Name: core_cart; Type: TABLE DATA; Schema: public; Owner: postgres
--

COPY public.core_cart (id, sub_total, total, user_id) FROM stdin;
33e3cee5-f6a9-4965-b661-aa10836de537	0	0	18
5fb0a288-0704-4622-bfac-7335921ec672	0	0	15
76c8cc0d-7126-4f51-99ed-9d7ee3440069	0	0	17
8aedca51-69d2-455b-91e7-0954b2c61ac5	0	0	22
bdf1fd19-33c0-4535-b581-94e45c92a039	0	0	2
d2d088c4-cf82-4482-b388-882e9b85216f	0	0	16
daa884bc-4542-4575-9b48-f2daae268777	0	0	23
bc4dce39-653a-4d94-8fc4-4b426e4841cf	0	0	24
7fb2de89-4bc3-40ac-8ba4-298990601780	0	0	25
0ff30ec0-e11e-425d-9ae2-1cf0182611b0	0	0	26
\.


--
-- Data for Name: core_cartitem; Type: TABLE DATA; Schema: public; Owner: postgres
--

COPY public.core_cartitem (id, quantity, created_at, updated_at, cart_id, product_id, assistance_id) FROM stdin;
72	1	2023-01-07 12:32:32.961-04	2023-01-07 12:32:32.961-04	5fb0a288-0704-4622-bfac-7335921ec672	170	\N
83	1	2023-02-05 22:27:36.8622-04	2023-02-05 22:27:36.862228-04	bdf1fd19-33c0-4535-b581-94e45c92a039	11	4
\.


--
-- Data for Name: core_category; Type: TABLE DATA; Schema: public; Owner: postgres
--

COPY public.core_category (id, name, created_at, updated_at, parent_id) FROM stdin;
1	Motores	2022-08-27 15:00:10.834-04	2022-10-25 22:38:10.444-04	\N
2	Transmisiones	2022-10-25 22:37:44.994-04	2022-10-25 22:38:04.095-04	\N
3	Carrocería	2022-10-25 22:37:58.307-04	2022-10-25 22:37:58.307-04	\N
4	alta cilindrada	2023-01-01 23:42:29.782-04	2023-01-01 23:42:29.782-04	1
5	Servicios	2023-01-19 22:50:34.365-04	2023-01-19 22:50:34.365-04	\N
6	Compresores	2023-01-22 15:21:56.56-04	2023-01-22 15:21:56.56-04	\N
\.


--
-- Data for Name: core_channelgroup; Type: TABLE DATA; Schema: public; Owner: postgres
--

COPY public.core_channelgroup (id, name) FROM stdin;
1	store_tienda2
2	store_epa
\.


--
-- Data for Name: core_config; Type: TABLE DATA; Schema: public; Owner: postgres
--

COPY public.core_config (id, main_color, secondary_color, whatsapp_number) FROM stdin;
1	XD	XD	\N
\.


--
-- Data for Name: core_externalpayment; Type: TABLE DATA; Schema: public; Owner: postgres
--

COPY public.core_externalpayment (id, payment_id, payment_type, national_bank, state, created_at, updated_at, order_id) FROM stdin;
1	ghjghjgh	pago_movil	\N	review	2023-01-17 21:24:58.273-04	2023-01-17 21:24:58.273-04	102
2	fghfhgfg	pago_movil	\N	review	2023-01-17 21:25:56.015-04	2023-01-17 21:25:56.015-04	102
3	asasdasd	pago_movil	\N	review	2023-01-17 21:26:01.986-04	2023-01-17 21:26:01.986-04	102
4	asasdasds	pago_movil	\N	review	2023-01-17 21:26:11.937-04	2023-01-17 21:26:11.937-04	102
5	15155415	pago_movil	\N	review	2023-01-17 21:46:58.442-04	2023-01-17 21:46:58.442-04	105
6	555555	pago_movil	\N	review	2023-01-17 22:49:02.109-04	2023-01-17 22:49:02.109-04	103
7	89898899	pago_movil	0102	review	2023-01-17 23:07:30.396-04	2023-01-17 23:07:30.396-04	104
8	555555555555	pago_movil	0163	review	2023-02-05 20:02:39.264962-04	2023-02-05 20:02:39.264984-04	117
\.


--
-- Data for Name: core_giftcard; Type: TABLE DATA; Schema: public; Owner: postgres
--

COPY public.core_giftcard (id, code, user_id) FROM stdin;
\.


--
-- Data for Name: core_info; Type: TABLE DATA; Schema: public; Owner: postgres
--

COPY public.core_info (id, person_type, document_type, document_number, user_id) FROM stdin;
2			456897526	2
\.


--
-- Data for Name: core_media; Type: TABLE DATA; Schema: public; Owner: postgres
--

COPY public.core_media (id, name, file, priority, created_at, updated_at) FROM stdin;
1	daddasd	media/Diferencia_con_produccion.png	0	2022-09-06 23:06:13.352-04	2022-09-06 23:06:13.352-04
2	foto del motor	media/shop01.png	0	2022-10-15 17:46:35.757-04	2022-10-15 17:46:35.757-04
3	dlfjknsljkdfnjlsnfjl	media/87883d75-b450-410c-8f1f-44a25c006c1d.png	0	2023-01-09 22:10:48.449-04	2023-01-09 22:10:48.449-04
4	dlfjknsljkdfnjlsnfjl	media/18067725-b45e-421e-bdc6-e4685f213b47.png	0	2023-01-09 22:11:54.445-04	2023-01-09 22:11:54.445-04
5	Screenshot_20230101-120728_Zinli.jpg	media/1f500691-cd13-4d29-bb1c-3c206c232ed7.jpg	0	2023-01-14 17:43:42.084-04	2023-01-14 17:43:42.084-04
6	Screenshot_20230101-121346_Zinli.jpg	media/39d68f8d-b2eb-4568-ac5c-5a2ddfa69672.jpg	0	2023-01-14 17:58:52.639-04	2023-01-14 17:58:52.639-04
7	Screenshot_20230101-121346_Zinli.jpg	media/c9b2e4fd-4428-4a9f-9f20-a9999ac9b46c.jpg	0	2023-01-14 18:48:54.429-04	2023-01-14 18:48:54.429-04
8	Screenshot_20230101-121346_Zinli.jpg	media/ea1bb4b6-358a-4df5-bc86-c90437dfc619.jpg	0	2023-01-14 18:49:13.526-04	2023-01-14 18:49:13.526-04
9	Screenshot_20230101-121346_Zinli.jpg	media/b6fc89eb-6fd8-4cad-b7e7-5be31e927ad8.jpg	0	2023-01-14 18:49:35.447-04	2023-01-14 18:49:35.447-04
10	Screenshot_20230101-121346_Zinli.jpg	media/875c9196-3c49-42f4-9270-3c84d6a4aba7.jpg	0	2023-01-14 18:59:02.475-04	2023-01-14 18:59:02.475-04
11	product07.png	media/a164fa29-f593-4f9a-ade4-d915e29f215f.png	0	2023-01-14 19:02:07.286-04	2023-01-14 19:02:07.286-04
12	product06.png	media/dcac3f57-475e-4eae-b5e1-ee120f3087f8.png	0	2023-01-14 19:11:51.428-04	2023-01-14 19:11:51.429-04
13	product06.png	media/54b2dbb3-5f8c-471d-a610-163db29dbfb5.png	0	2023-01-14 19:40:15.504-04	2023-01-14 19:40:15.504-04
14	product07.png	media/9a579b90-ebd3-4d0e-881c-7c2bc1a96988.png	0	2023-01-14 19:41:05.311-04	2023-01-14 19:41:05.311-04
15	product09.png	media/fd6bb8ca-2ad3-4dec-9e55-fb9996f0a37a.png	0	2023-01-14 20:14:21.923-04	2023-01-14 20:14:21.923-04
16	shop03.png	media/aa6b088f-83d8-43dd-adad-af3ec83ef504.png	0	2023-01-14 20:31:10.121-04	2023-01-14 20:31:10.121-04
17	shop01.png	media/e88ef918-f59e-48ea-9fdc-cb726f2bdc36.png	0	2023-01-14 21:24:59.221-04	2023-01-14 21:24:59.221-04
18	shop03.png	media/fa1ab1e0-f301-4fad-ad50-4d3606319854.png	0	2023-01-14 21:25:09.167-04	2023-01-14 21:25:09.167-04
19	product05.png	media/804cdd6b-f5ad-411d-82d2-cdd02e2d15cb.png	0	2023-01-14 21:34:03.133-04	2023-01-15 10:20:44.989-04
20	product06.png	media/b221bbf6-6680-4505-b6d8-477f4981aabd.png	0	2023-01-14 21:43:04.123-04	2023-01-14 21:43:04.123-04
21	product08.png	media/8b125dc1-7674-4242-8232-f8130411a893.png	0	2023-01-14 21:50:35.069-04	2023-01-14 21:50:35.069-04
22	product07.png	media/c00274c0-b4bf-46fa-ae6f-5eb0659b373c.png	0	2023-01-14 21:53:08.626-04	2023-01-14 21:53:08.626-04
23	product05.png	media/90f991f6-4311-453b-9cb3-6a64912e1f65.png	0	2023-01-14 21:53:36.228-04	2023-01-14 21:53:36.228-04
24	product07.png	media/75acc647-f18a-4791-bcbe-c0b7f4faac8c.png	0	2023-01-14 22:01:04.758-04	2023-01-14 22:01:04.758-04
25	shop02.png	media/f65b6551-d291-400d-a239-a71ac225e549.png	0	2023-01-14 22:04:05.43-04	2023-01-14 22:04:05.43-04
26	product08.png	media/2ebd51d9-7763-4830-9476-233454507555.png	0	2023-01-14 22:05:51.89-04	2023-01-14 22:05:51.89-04
27	shop03.png	media/ae9b905d-a016-46c5-9b91-4bc1d6695450.png	0	2023-01-14 22:06:25.436-04	2023-01-14 22:06:25.436-04
28	shop01.png	media/e1e3eb07-0544-42a0-9ee3-dbc4fcf68fe3.png	0	2023-01-14 22:52:52.448-04	2023-01-14 22:52:52.448-04
29	product06.png	media/ee930af7-a6c8-4b4e-a267-3ec3138ec374.png	0	2023-01-14 23:03:24.829-04	2023-01-14 23:03:24.829-04
30	shop01.png	media/13662466-1ec3-4317-8cc6-8c3cc2af8198.png	0	2023-01-14 23:04:13.98-04	2023-01-14 23:04:13.981-04
31	product06.png	media/70419175-f031-44ae-8800-5d6ba9466b5a.png	0	2023-01-14 23:04:22.137-04	2023-01-14 23:04:22.137-04
32	product07.png	media/fc79d32f-43ec-4efe-b2bf-fe21a9c1d464.png	0	2023-01-14 23:05:42.723-04	2023-01-14 23:05:42.723-04
33	product07.png	media/9c3049fd-6284-4c19-a538-96999fad5129.png	1	2023-01-14 23:06:29.233-04	2023-01-19 21:30:10.308-04
34	product06.png	media/bb9008c7-d3a7-47d8-a67b-2c816dcebb77.png	0	2023-01-14 23:06:37.445-04	2023-01-19 21:30:10.287-04
35	product07.png	media/1c407e6e-c6db-4f6c-8c07-ca1adce6eb9c.png	1	2023-01-15 10:25:44.56-04	2023-01-15 10:27:54.867-04
36	product09.png	media/126ba4b8-8d65-467d-afab-619b7c7f686a.png	0	2023-01-15 10:26:15.638-04	2023-01-15 10:27:54.857-04
37	motor.jpg	media/0e556ce4-1028-4385-b8c4-1e26205bf31d.jpg	0	2023-01-15 12:00:46.057-04	2023-01-15 12:00:46.057-04
38	motor.jpg	media/5df6075f-5f6c-4d27-8fdc-16c3332c6876.jpg	0	2023-01-15 12:03:51.7-04	2023-01-15 12:04:09.136-04
39	product06.png	media/4791c32f-2841-4a3b-894a-05896ee62312.png	0	2023-01-15 12:06:00.268-04	2023-01-19 20:24:00.097-04
40	product05.png	media/60c4ddd2-e9e3-4b31-b560-b12c4bd7de4e.png	0	2023-01-15 12:30:00.561-04	2023-01-19 21:04:00.725-04
41	product01.png	media/b3886b4d-7401-4564-8f75-65bdfa76b575.png	0	2023-01-15 12:38:49.319-04	2023-01-21 15:03:33.476-04
42	product09.png	media/1017af2a-124b-4aa6-80b9-d9ecc4b39674.png	1	2023-01-15 12:39:01.19-04	2023-01-21 15:03:33.49-04
43	shop01.png	media/8d542e3b-98a3-4ac0-9162-29652d9815b8.png	0	2023-01-19 21:30:33.61-04	2023-01-19 21:36:54.94-04
44	shop01.png	media/d022eb71-3b10-4c67-b6fd-97b4fd092c5d.png	0	2023-01-19 21:39:56.458-04	2023-01-19 21:39:56.458-04
45	shop02.png	media/6eda1a95-3e2e-4315-b205-18285dfce947.png	0	2023-01-19 21:40:14.178-04	2023-01-19 21:40:14.178-04
46	shop01.png	media/223b3f48-ddb4-4379-9833-5e080f6f1d18.png	0	2023-01-19 21:42:04.363-04	2023-01-19 22:51:03.189-04
47	shop02.png	media/5a2764a5-8f79-453c-999a-238ee41f1092.png	0	2023-01-19 22:51:15.164-04	2023-01-20 00:47:28.071-04
48	motor.jpg	media/340bdb64-db3c-4880-a44f-df9949888285.jpg	0	2023-01-22 15:08:38.215-04	2023-01-22 15:08:38.216-04
49	motor.jpg	media/efe5fd2d-ebc4-4e16-8ff1-7f65b3aa1011.jpg	0	2023-01-22 15:09:22.355-04	2023-01-22 15:09:58.528-04
50	product06.png	media/5943acdc-75ae-4d23-ac09-322e66d13e39.png	0	2023-01-22 15:17:04.341-04	2023-01-22 15:17:04.341-04
51	product09.png	media/9796feb4-3ea2-4e42-8f17-f677e5e03ce5.png	0	2023-01-22 15:18:06.454-04	2023-01-22 15:18:06.454-04
52	product08.png	media/0fb822ea-15c2-4a7c-ab4b-25e7b9bfab5d.png	0	2023-01-22 15:20:55.051-04	2023-01-22 16:45:16.12-04
53	shop01.png	media/ba23161d-6028-4bc8-814a-5e1d0b677bb9.png	0	2023-01-22 16:38:06.741-04	2023-01-22 16:38:06.742-04
54	shop01.png	media/d11998a3-3682-4557-b894-58fd9f4b1121.png	0	2023-01-22 16:40:18.894-04	2023-01-22 16:40:18.894-04
55	shop03.png	media/150c6824-7c31-4d6b-a262-56479d3254c7.png	0	2023-02-04 21:16:59.743075-04	2023-02-04 21:17:04.704079-04
56	shop03.png	media/8c6d3ee9-afde-43d9-b74b-e658661ab5c6.png	0	2023-02-04 21:22:52.94291-04	2023-02-04 21:23:07.440775-04
57	shop03.png	media/14f83016-2f3c-429c-bb92-05d201a62ac8.png	0	2023-02-04 21:25:42.994393-04	2023-02-04 21:26:14.851457-04
\.


--
-- Data for Name: core_message; Type: TABLE DATA; Schema: public; Owner: postgres
--

COPY public.core_message (id, content, created_at, from_user_id, to_user_id, assistance_id) FROM stdin;
1	hola	2023-02-04 22:36:13.79454-04	25	2	\N
2	hola?	2023-02-04 22:36:53.445396-04	25	2	\N
3	hola que tal	2023-02-04 22:37:13.406208-04	2	25	\N
4	a	2023-02-04 22:45:16.10654-04	25	2	\N
5	a	2023-02-04 22:54:49.175738-04	25	2	\N
6	hola	2023-02-04 22:54:58.821735-04	25	2	\N
7	hola	2023-02-04 22:55:14.025748-04	25	2	\N
8	XD	2023-02-04 22:56:33.225289-04	25	2	\N
9	chat	2023-02-04 22:57:18.751836-04	25	2	\N
10	asdfasdfsf	2023-02-04 22:57:42.636613-04	25	2	\N
11	ahaahaahah	2023-02-04 22:58:28.360991-04	25	2	\N
12	probando	2023-02-04 22:59:19.125807-04	25	2	\N
13	adios	2023-02-04 23:00:19.588414-04	25	2	\N
15	a	2023-02-04 23:10:31.038542-04	26	2	\N
16	a	2023-02-05 16:34:14.791122-04	22	2	\N
17	a	2023-02-05 17:14:32.360333-04	22	2	\N
18	a	2023-02-05 17:15:47.686712-04	22	\N	\N
19	hola	2023-02-05 17:16:15.973868-04	22	2	\N
20	a	2023-02-05 17:32:16.631206-04	22	2	\N
21	XD	2023-02-05 17:32:21.742834-04	22	2	\N
22	a	2023-02-05 17:32:59.605371-04	22	2	\N
23	a	2023-02-05 17:33:02.933478-04	22	2	\N
24	a	2023-02-05 17:33:25.52966-04	22	\N	\N
25	a	2023-02-05 17:33:28.858311-04	22	2	\N
26	hola	2023-02-05 17:33:38.322776-04	22	2	\N
27	hola	2023-02-05 17:35:08.291652-04	22	2	\N
28	a	2023-02-05 17:35:46.448887-04	22	\N	\N
29	a	2023-02-05 17:35:50.690045-04	22	2	\N
30	hola	2023-02-05 17:36:38.544918-04	22	2	\N
31	hola	2023-02-05 17:36:46.369726-04	22	2	\N
32	estas ahi?	2023-02-05 17:36:56.052751-04	22	2	\N
33	a	2023-02-05 17:37:04.178768-04	22	2	\N
34	a	2023-02-05 17:37:50.978925-04	22	2	\N
35	a	2023-02-05 17:37:53.170088-04	22	2	\N
36	a	2023-02-05 17:37:55.215446-04	22	2	\N
37	ah pero para cobrar si eres bueno verdad?	2023-02-05 17:38:12.136278-04	22	2	\N
38	responde!!!!	2023-02-05 17:38:21.262937-04	22	2	\N
39	que quieres pajuo	2023-02-05 17:41:51.947336-04	2	22	\N
40	habla pues	2023-02-05 17:42:05.517475-04	2	22	\N
41	dios mio	2023-02-05 17:42:27.339426-04	22	2	\N
42	Hola buenas noches socorro auxilio, ayuda!!!!	2023-02-05 19:56:25.687481-04	2	26	\N
43	Que quiere.	2023-02-05 19:56:57.64942-04	26	2	\N
44	quien fue primero el huevo o la gallina	2023-02-05 19:57:45.285455-04	2	26	\N
45	el gallo	2023-02-05 19:57:58.848276-04	26	2	\N
46	ah bueno gracias maestro	2023-02-05 19:58:08.448336-04	2	26	\N
47	hola	2023-02-05 22:22:05.072075-04	26	2	\N
48	responde ps	2023-02-05 22:22:11.095154-04	26	2	\N
\.


--
-- Data for Name: core_notification; Type: TABLE DATA; Schema: public; Owner: postgres
--

COPY public.core_notification (id, entity_name, entity_id, created_at, updated_at, message, channel_group_id) FROM stdin;
1	order	104	2023-02-04 18:28:35.554579-04	2023-02-04 18:28:35.554602-04	Ha Habido una nueva Compra	1
2	order	105	2023-02-04 18:31:56.335854-04	2023-02-04 18:31:56.335882-04	Ha Habido una nueva Compra	1
3	order	113	2023-02-04 19:38:57.723344-04	2023-02-04 19:38:57.723364-04	Ha Habido una nueva Compra	2
4	order	114	2023-02-04 19:39:57.161581-04	2023-02-04 19:39:57.161602-04	Ha Habido una nueva Compra	2
5	order	115	2023-02-04 19:54:06.113826-04	2023-02-04 19:54:06.113853-04	Ha Habido una nueva Compra	2
6	order	116	2023-02-04 21:32:42.924499-04	2023-02-04 21:32:42.92453-04	Ha Habido una nueva Compra	1
7	order	117	2023-02-05 20:03:37.050658-04	2023-02-05 20:03:37.050684-04	Ha Habido una nueva Compra	1
\.


--
-- Data for Name: core_order; Type: TABLE DATA; Schema: public; Owner: postgres
--

COPY public.core_order (id, payment_status, external_payment_id, payment_method, receipt, delivery_type, created_at, updated_at, total_amount, aditional_info, address_id, user_id) FROM stdin;
86	PAYMENT_SUCCESS	9W448143F70736608	paypal		personally	2023-01-15 19:21:57.93-04	2023-01-15 19:22:31.997-04	16	\N	3	2
87	AWAITING_PAYMENT	\N	paypal		personally	2023-01-15 22:35:35.629-04	2023-01-15 22:35:35.713-04	16	\N	3	2
88	PAYMENT_SUCCESS	6MS63072TH662333C	paypal		personally	2023-01-15 22:35:39.637-04	2023-01-15 22:36:10.789-04	16	\N	3	2
89	PAYMENT_SUCCESS	7SU64166HJ972250A	paypal		personally	2023-01-15 22:40:09.346-04	2023-01-15 22:40:29.948-04	16	\N	3	2
90	PAYMENT_SUCCESS	34A82004WS9628810	paypal	media/orden-90	personally	2023-01-15 22:45:22.099-04	2023-01-15 22:45:40.333-04	16	\N	3	2
91	AWAITING_PAYMENT	2EU88432763639010	paypal		personally	2023-01-16 22:27:17.495-04	2023-01-16 22:27:19.199-04	1	\N	\N	18
92	AWAITING_PAYMENT	0TH45724B26799544	paypal		personally	2023-01-16 22:31:23.129-04	2023-01-16 22:31:25.014-04	1	\N	\N	18
93	PAYMENT_SUCCESS	69914286HS604442P	paypal	media/orden-93	personally	2023-01-16 22:32:26.113-04	2023-01-16 22:32:57.46-04	1	\N	\N	18
94	PAYMENT_SUCCESS	65488364A7863150A	paypal	media/orden-94	personally	2023-01-16 22:42:58.587-04	2023-01-16 22:43:15.804-04	16	\N	3	2
95	AWAITING_PAYMENT	9AT76068SW9585315	paypal		personally	2023-01-16 22:53:13.622-04	2023-01-16 22:53:15.212-04	16	\N	3	2
96	PAYMENT_SUCCESS	2CV469490A0217412	paypal	media/orden-96	personally	2023-01-16 22:54:09.057-04	2023-01-16 22:54:26.876-04	16	\N	3	2
97	AWAITING_PAYMENT	4HN34874CS9242046	paypal		personally	2023-01-16 23:09:24.186-04	2023-01-16 23:09:26.334-04	16	Me están Evaluando Ayuda.	3	2
98	PAYMENT_SUCCESS	6LM29768XE7523139	paypal	media/orden-98	personally	2023-01-16 23:14:43.967-04	2023-01-16 23:15:01.625-04	16	Me están Evaluando Ayuda.	3	2
99	PAYMENT_SUCCESS	6X781077G3677054V	paypal	media/orden-99	personally	2023-01-16 23:17:16.01-04	2023-01-16 23:17:27.489-04	16	Socorro, me están evaluando hasta la forma de respirar.	3	2
100	PAYMENT_SUCCESS	3LG69403HX3461342	paypal	media/orden-100	personally	2023-01-16 23:31:08.415-04	2023-01-16 23:31:20.884-04	16	Socorro, Me están Evaluando, temo por mi vida.	3	2
101	PAYMENT_SUCCESS	41292381UN665671R	paypal	media/orden-101	personally	2023-01-16 23:34:48.424-04	2023-01-16 23:34:58.644-04	16	Mensaje de prueba	\N	2
102	PAYMENT_SUCCESS	8WK02409YY2230348	paypal	media/orden-102	personally	2023-01-16 23:36:16.232-04	2023-01-16 23:36:28.371-04	16	fgdfgdfgdfgdfg	4	2
103	AWAITING_PAYMENT	\N	pago_movil		personally	2023-01-17 21:38:10.351-04	2023-01-17 21:38:10.413-04	16	\N	3	2
104	PAYMENT_SUCCESS	\N	pago_movil		personally	2023-01-17 21:39:24.52-04	2023-02-04 18:28:35.337393-04	16	\N	3	2
105	PAYMENT_SUCCESS	\N	pago_movil	media/orden-105	personally	2023-01-17 21:40:34.563-04	2023-02-04 18:31:59.954901-04	16	\N	3	2
106	AWAITING_PAYMENT	\N	pago_movil		personally	2023-02-04 19:02:59.310274-04	2023-02-04 19:02:59.33269-04	0	Quiero un helado	\N	22
115	PAYMENT_SUCCESS	FREEITEM51fad92b-3cf6-410a-ab7e-809850f449a4	free_item	media/orden-115_GRe0jlV	personally	2023-02-04 19:54:05.930743-04	2023-02-04 19:54:07.762844-04	0	wwfwfsfsfsfsfsdf	6	22
107	AWAITING_PAYMENT	\N	pago_movil		personally	2023-02-04 19:08:34.940799-04	2023-02-04 19:08:34.958189-04	0	\N	\N	22
108	AWAITING_PAYMENT	\N	pago_movil		personally	2023-02-04 19:12:42.769286-04	2023-02-04 19:12:42.785545-04	0	\N	\N	22
109	AWAITING_PAYMENT	\N	pago_movil		personally	2023-02-04 19:12:47.0246-04	2023-02-04 19:12:47.088142-04	0	\N	\N	22
110	AWAITING_PAYMENT	\N	pago_movil		personally	2023-02-04 19:13:59.069027-04	2023-02-04 19:13:59.082379-04	0	\N	\N	22
111	AWAITING_PAYMENT	\N	free_item		personally	2023-02-04 19:30:46.276127-04	2023-02-04 19:30:46.294057-04	0	\N	\N	22
112	AWAITING_PAYMENT	\N	free_item		personally	2023-02-04 19:38:06.807212-04	2023-02-04 19:38:06.828568-04	0	\N	\N	22
116	PAYMENT_SUCCESS	3LH282496L536200B	paypal	media/orden-116_wrSP4cs	personally	2023-02-04 21:31:55.999642-04	2023-02-04 21:32:46.518239-04	122	Aequam Memento rebus in arduis servare menten in veritae	7	22
113	PAYMENT_SUCCESS	FREEITEM24b41951-97e7-4584-8841-46550e3ca8dc	free_item	media/orden-113	personally	2023-02-04 19:38:57.568658-04	2023-02-04 19:38:59.324742-04	0	\N	\N	22
117	PAYMENT_SUCCESS	\N	pago_movil	media/orden-117	personally	2023-02-05 20:02:30.377994-04	2023-02-05 20:03:41.639563-04	1	\N	3	2
114	PAYMENT_SUCCESS	FREEITEM4c1eaafb-5f3b-40ed-a891-6d1e64843bc5	free_item	media/orden-114	personally	2023-02-04 19:39:57.078785-04	2023-02-04 19:39:58.640955-04	0	\N	5	22
\.


--
-- Data for Name: core_productorder; Type: TABLE DATA; Schema: public; Owner: postgres
--

COPY public.core_productorder (id, quantity, created_at, updated_at, order_id, product_id, assistance_id) FROM stdin;
35	1	2022-12-10 08:52:56.145-04	2022-12-10 08:52:56.145-04	\N	11	\N
42	4	2022-12-18 15:37:31.484-04	2022-12-18 15:37:31.484-04	\N	10	\N
43	4	2022-12-18 15:37:31.517-04	2022-12-18 15:37:31.517-04	\N	10	\N
44	3	2022-12-18 15:37:31.531-04	2022-12-18 15:37:31.531-04	\N	11	\N
166	1	2023-01-15 19:21:57.963-04	2023-01-15 19:21:57.963-04	86	11	\N
168	1	2023-01-15 22:35:35.666-04	2023-01-15 22:35:35.666-04	87	11	\N
170	1	2023-01-15 22:35:39.661-04	2023-01-15 22:35:39.661-04	88	11	\N
172	1	2023-01-15 22:40:09.375-04	2023-01-15 22:40:09.375-04	89	11	\N
174	1	2023-01-15 22:45:22.138-04	2023-01-15 22:45:22.139-04	90	11	\N
179	1	2023-01-16 22:42:58.613-04	2023-01-16 22:42:58.613-04	94	11	\N
181	1	2023-01-16 22:53:13.681-04	2023-01-16 22:53:13.681-04	95	11	\N
183	1	2023-01-16 22:54:09.109-04	2023-01-16 22:54:09.109-04	96	11	\N
185	1	2023-01-16 23:09:24.252-04	2023-01-16 23:09:24.252-04	97	11	\N
187	1	2023-01-16 23:14:44.101-04	2023-01-16 23:14:44.101-04	98	11	\N
189	1	2023-01-16 23:17:16.067-04	2023-01-16 23:17:16.067-04	99	11	\N
191	1	2023-01-16 23:31:08.45-04	2023-01-16 23:31:08.45-04	100	11	\N
193	1	2023-01-16 23:34:48.464-04	2023-01-16 23:34:48.464-04	101	11	\N
195	1	2023-01-16 23:36:16.261-04	2023-01-16 23:36:16.262-04	102	11	\N
197	1	2023-01-17 21:38:10.379-04	2023-01-17 21:38:10.379-04	103	11	\N
199	1	2023-01-17 21:39:24.548-04	2023-01-17 21:39:24.548-04	104	11	\N
201	1	2023-01-17 21:40:34.609-04	2023-01-17 21:40:34.609-04	105	11	\N
202	1	2023-02-04 19:02:59.323726-04	2023-02-04 19:02:59.323748-04	106	10	\N
203	1	2023-02-04 19:08:34.948981-04	2023-02-04 19:08:34.949005-04	107	10	\N
204	1	2023-02-04 19:12:42.775602-04	2023-02-04 19:12:42.775623-04	108	10	\N
205	1	2023-02-04 19:12:47.042871-04	2023-02-04 19:12:47.0429-04	109	10	\N
206	1	2023-02-04 19:13:59.07426-04	2023-02-04 19:13:59.074277-04	110	10	\N
207	1	2023-02-04 19:30:46.284941-04	2023-02-04 19:30:46.284962-04	111	10	\N
208	1	2023-02-04 19:38:06.815723-04	2023-02-04 19:38:06.815747-04	112	10	\N
209	1	2023-02-04 19:38:57.576353-04	2023-02-04 19:38:57.576374-04	113	10	\N
210	1	2023-02-04 19:39:57.083265-04	2023-02-04 19:39:57.083283-04	114	10	\N
211	1	2023-02-04 19:54:05.936941-04	2023-02-04 19:54:05.936963-04	115	10	\N
212	1	2023-02-04 21:31:56.011643-04	2023-02-04 21:31:56.011668-04	116	232	\N
213	1	2023-02-05 20:02:30.40011-04	2023-02-05 20:02:30.400132-04	117	11	3
\.


--
-- Data for Name: core_products; Type: TABLE DATA; Schema: public; Owner: postgres
--

COPY public.core_products (id, name, product_slug, quantity, description, large_description, created_at, updated_at, condition, price, product_type, discount, brand_id, category_id, store_id, thumbnail_id) FROM stdin;
170	producto Aleatorio	producto-aleatoriodc5113c3-7a1d-4c94-8fdc-ac8cde154f0a	10	\N	\N	2022-10-27 23:04:46.34-04	2023-01-15 10:27:54.843-04	NEW	1	SERVICE	0	1	3	2	36
231	Motor Modelo 2.2 LTR Chevrolet	sdfsffsdf15eb0b7a-d70c-4204-9a8c-a18fba9e0b3b	51154	Lorem ipsum dolor sit amet, consectetur adipiscing elit. Integer dapibus pharetra cursus. Nulla facilisi. Nunc at erat sodales ipsum tempor finibus. In et urna ex. Donec feugiat bibendum euismod. Curabitur maximus blandit volutpat. Nunc rutrum nisl lectus, vel elementum sapien sagittis nec. Nunc vitae nisl dignissim, sodales ipsum non, malesuada leo. Donec felis erat, euismod at eros vitae, laoreet porta leo. Praesent nunc nunc, efficitur ut bibendum non, vulputate et eros. Aliquam sed cursus augue, et ultrices turpis.\n\nNulla vehicula dui ipsum, nec vestibulum neque sodales at. Vivamus pharetra arcu dui, non ullamcorper sem rhoncus vitae. Donec ipsum tellus, mollis ut nisl id, scelerisque iaculis magna.	\N	2023-01-15 12:06:02.658-04	2023-01-19 20:24:00.081-04	USED	800	SERVICE	0	2	4	2	39
233	Transmision 350	motor-de-prueba0da3f297-23f6-46f9-a705-e4fe824b9654	10	<p style="text-align: center;"><strong><span style="font-size: 24px;">caja 350 chevrolet</span>&nbsp;</strong></p><p>con garantia de 3 meses se vende con la condicion que usted de la caja mala haga todas sus preguntas y aclare sus dudas antes de ofertar o comprar</p>	\N	2023-01-15 12:39:06.278-04	2023-01-21 15:03:33.462-04	USED	10	SERVICE	0	2	1	2	41
234	Motor Cherokee	motor-cherokee31e18cbf-b410-4157-a1da-61dd826ddee3	110	<span style="font-size: 48px;">Titulo de Prueba</span>	\N	2023-01-22 15:09:58.543-04	2023-01-22 15:09:58.559-04	USED	110	SERVICE	0	3	4	14	49
235	Compresor A17 Modelo Toyota	compresor-a17-modelo-toyotae1f04650-a343-4702-a5d2-d9dc84ae43e3	2	<p><span style="font-size: 18px;"><strong>*SOMOS TIENDA FISICA MONTALBAN*</strong></span></p><p>-------------------------------------------------------------------------------------</p><p><span style="color: rgb(226, 80, 65);">*Tenemos Delivery En Caracas*</span></p><p>-------------------------------------------------------------------------------------</p><p>*Las Fotos De Los Productos Son Reales*</p><p><br style="box-sizing: border-box; color: rgb(168, 160, 149); font-family: &quot;Proxima Nova&quot;, -apple-system, Roboto, Arial, sans-serif; font-size: 20px; font-style: normal; font-variant-ligatures: normal; font-variant-caps: normal; font-weight: 400; letter-spacing: normal; orphans: 2; text-align: start; text-indent: 0px; text-transform: none; white-space: normal; widows: 2; word-spacing: 0px; -webkit-text-stroke-width: 0px; background-color: rgb(24, 26, 27); text-decoration-thickness: initial; text-decoration-style: initial; text-decoration-color: initial;"></p><p>TRABAJAMOS DE LUNES A VIERNES DE 8:00 A.M A 4:00 P.M Y LOS SABADOS DE 9:00 A.M A 1:00 P.M</p><p><br style="box-sizing: border-box; color: rgb(168, 160, 149); font-family: &quot;Proxima Nova&quot;, -apple-system, Roboto, Arial, sans-serif; font-size: 20px; font-style: normal; font-variant-ligatures: normal; font-variant-caps: normal; font-weight: 400; letter-spacing: normal; orphans: 2; text-align: start; text-indent: 0px; text-transform: none; white-space: normal; widows: 2; word-spacing: 0px; -webkit-text-stroke-width: 0px; background-color: rgb(24, 26, 27); text-decoration-thickness: initial; text-decoration-style: initial; text-decoration-color: initial;"></p><p>-------------------------------------------------------------------------------------</p><p>Realizar Todas Las Preguntas Necesarias Antes De Ofertar</p><p>------------------------------------------------------------------------------------</p><p><br style="box-sizing: border-box; color: rgb(168, 160, 149); font-family: &quot;Proxima Nova&quot;, -apple-system, Roboto, Arial, sans-serif; font-size: 20px; font-style: normal; font-variant-ligatures: normal; font-variant-caps: normal; font-weight: 400; letter-spacing: normal; orphans: 2; text-align: start; text-indent: 0px; text-transform: none; white-space: normal; widows: 2; word-spacing: 0px; -webkit-text-stroke-width: 0px; background-color: rgb(24, 26, 27); text-decoration-thickness: initial; text-decoration-style: initial; text-decoration-color: initial;"></p><p>**Las Fotos De El Producto Son Reales*</p><p>--------------------------------------------------------------------------------------</p>	\N	2023-01-22 15:27:40.682-04	2023-01-22 16:45:16.098-04	REFURBISHED	80	SERVICE	0	5	6	14	52
10	Asesoria Mecánica	motor-modelo-350-vortec1665868959	87	<p><b style="font-size: 24px;">Se presta&nbsp;</b><span style="font-size: 24px;"><b>asesor&iacute;a</b></span><b style="font-size: 24px;">&nbsp;</b><span style="background-color: transparent; font-size: 24px;"><b>mec&aacute;nica</b></span></p><ul><li>Fallas comunes</li><li>&iquest;Qu&eacute; comprar?</li><li>&iquest;Comprar reconstruido o Nuevo?</li></ul>	\N	2022-08-28 17:48:57.449-04	2023-02-04 19:54:06.103944-04	USED	0	MERCHANDISE	0	1	5	1	47
232	Motor Modelo 5.0 LTR Ford	kdnfljknsdjlkfsn834161c8-edea-4da0-ac94-2ced470bea9e	22	<p><span style="font-size: 18px;"><strong>A la venta motor 7/8 Ford 5.0 4 v&aacute;lvulas V8 para F150 Raptor y Mustang Coyote.</strong></span></p><p><span style="font-size: 24px;"><strong>&nbsp;</strong></span></p><p><strong>UBICACI&Oacute;N</strong>: tienda f&iacute;sica en La Florida/Caracas y taller en Guatire. Nuestro horario de atenci&oacute;n es de Lunes a Viernes de 8:00am a 5:00pm.&nbsp;</p><p><strong>ENVIOS:</strong> a nivel nacional a trav&eacute;s de&nbsp;<strong style="background-color: transparent;">AEROCAV Y TEALCA</strong><span style="background-color: transparent;">.&nbsp;</span></p><p><strong>GARANT&Iacute;A:</strong> 3 meses y de 6 meses si la instalaci&oacute;n es con nosotros.</p>	\N	2023-01-15 12:30:19.337-04	2023-02-04 21:32:42.917574-04	USED	122	SERVICE	0	4	4	2	40
11	Motor Chevrolet tienda 2	motor-chevrolet-tienda-21665864696	7	Descripcion de Repuesto Random	\N	2022-10-14 16:43:31.032-04	2023-02-05 20:03:37.039475-04	NEW	1	SERVICE	0	2	1	2	19
\.


--
-- Data for Name: core_products_photos; Type: TABLE DATA; Schema: public; Owner: postgres
--

COPY public.core_products_photos (id, products_id, media_id) FROM stdin;
15	10	47
16	11	19
17	170	35
18	170	36
19	231	39
20	232	40
21	233	41
22	233	42
23	234	49
24	235	52
\.


--
-- Data for Name: core_review; Type: TABLE DATA; Schema: public; Owner: postgres
--

COPY public.core_review (id, title, content, score, created_at, updated_at, product_id, user_id) FROM stdin;
302	\N	a	1	2022-10-19 00:00:57.506-04	2022-10-19 00:00:57.506-04	11	2
303	\N	a	1	2022-10-19 00:02:01.284-04	2022-10-19 00:02:01.284-04	11	2
304	\N	a	1	2022-10-19 00:04:43.857-04	2022-10-19 00:04:43.857-04	11	2
305	\N	XD	1	2022-10-19 00:05:46.207-04	2022-10-19 00:05:46.207-04	11	2
306	\N	XD	1	2022-10-19 00:05:51.805-04	2022-10-19 00:05:51.805-04	11	2
307	\N	XD	1	2022-10-19 00:06:10.285-04	2022-10-19 00:06:10.285-04	11	2
308	\N	fdsdfsdf	4	2023-01-20 00:59:48.327-04	2023-01-20 00:59:48.327-04	170	2
\.


--
-- Data for Name: core_store; Type: TABLE DATA; Schema: public; Owner: postgres
--

COPY public.core_store (id, name, slug, logo, description, created_at, updated_at, bussiness_legal_id, company_employee_number, company_anual_income, category_id, config_id, parent_id, money) FROM stdin;
3	Prueba	prueba		\N	2023-01-05 00:32:23.468-04	2023-01-05 00:32:23.468-04	\N	10-50	0	1	\N	\N	0
4	Augusto	augusto		\N	2023-01-05 19:34:36.396-04	2023-01-05 19:34:36.396-04	\N	10-50	0	1	\N	\N	0
12	Nombre de la empresa	nombre-de-la-empresa		\N	2023-01-06 20:46:16.801-04	2023-01-06 20:46:16.802-04	\N	50-250	0	1	\N	\N	0
14	Heladeria Pepe	heladeria-pepe	uploads/heladeria-pepe.png	\N	2023-01-21 19:00:52.55-04	2023-01-21 19:00:53.211-04	\N	1-10	0	1	\N	\N	0
1	EPA	epa	uploads/0001860_epa_600.jpeg	xd	2022-08-21 21:23:24.905-04	2023-02-04 19:54:06.090468-04	\N	1-10	\N	1	\N	1	0
15	MLS parts, C.A	mls-parts-ca		\N	2023-02-04 10:24:38.136228-04	2023-02-05 20:03:37.009971-04	294954480		\N	\N	\N	\N	0
2	tienda2	tienda2	uploads/tienda2.png	Empresa Random	2022-10-14 16:42:18.178-04	2023-02-05 20:03:37.013136-04	\N	1-10	\N	1	1	1	121.25
\.


--
-- Data for Name: core_user; Type: TABLE DATA; Schema: public; Owner: postgres
--

COPY public.core_user (id, password, last_login, is_superuser, email, first_name, last_name, about, is_active, is_staff, role, date_joined, born_date, phone_number, store_id, profile_img, credits) FROM stdin;
1	pbkdf2_sha256$390000$8zTExvIuomxsgsdfHWVVEV$j3h0MwiC7UyDbK2YeXnBBO2L5cB/sN61JshiK4HpHl8=	\N	t	yo@simplee.cl	\N	\N	\N	t	t	base_user	2023-01-22 22:12:37.550234-04	\N		\N		0
15	pbkdf2_sha256$390000$KbKOTbMeykkhKJsIqh1vNo$NBQQ1ddduqP6YcDR1YlWNlPh2/ERa/q899oRcYjRaEw=	2023-01-08 09:15:17.658-04	f	augusto@simplee.dd	\N	\N	\N	t	f	store_owner	2023-01-06 20:46:16.422-04	\N	0424-436-3570	12		0
16	pbkdf2_sha256$390000$XIXmqjXKTOydjEC6PHrocP$7sR8JfOQN4wJVft0Py2YoAe+KnqfhOTFVQyCvxjxHb0=	\N	f	jesus_rs_1995@hotmail.com	\N	\N	\N	t	f	base_user	2023-01-09 18:13:01.764-04	\N	0424-436-3570	\N		0
17	pbkdf2_sha256$390000$ltW16GzBkf8GW2tyiWv7of$oNT+XmqHAsqK7nDHqMuD68qSi50THYunZYhrzVkywGA=	2023-01-14 09:55:27.427-04	f	augustocarrillo20@gmail.com	\N	\N	\N	t	f	base_user	2023-01-14 08:56:45.556-04	\N	0424-436-3570	\N		0
18	pbkdf2_sha256$390000$o8WbQGbdgWc0JacJQZBeYq$YeNodeBmGCeke+Zi6wZz6wOxCmRCUIl/zMt5HI+8vXU=	2023-01-16 22:03:56.277-04	f	indianajones@simplee.cl	\N	\N	\N	t	f	base_user	2023-01-16 22:03:35.707-04	\N	04244363570	\N		0
25	pbkdf2_sha256$390000$ZfNfQ3LDs26K2jZigO7Nc2$NF77ipZTmLqhkukmwKMLRWAbkbNyzmbXlDJmP7cVX7A=	2023-02-04 22:35:49.826159-04	f	johndoe@simplee.cl	john	Doe	\N	t	f	freelance	2023-02-04 22:35:41.43836-04	\N	4124068716	\N	media/john_Doe_mTsg6AH.png	0
24	pbkdf2_sha256$390000$jbpng8sIFnnMZqU0FsJpf8$NX8TkJ/LBocCORIPSPTRy97XiwmD+d6Z3hsxWdW0oZY=	2023-02-04 13:20:49.210279-04	f	prueba1@simplee.cl	AUgusto	Freelance	\N	t	f	freelance	2023-02-04 13:20:39.579272-04	\N	0424363570	\N	media/AUgusto_Freelance.png	0
2	pbkdf2_sha256$390000$CT3xEd1IFZCDUNEVRYDKHS$d8VMO4yCYGSMWJPAd7h+S3NToziYhosq3kxppTSiStU=	2023-02-05 13:24:27.738576-04	t	augusto@simplee.cl	Augusto	Carrillo		t	t	store_owner	2022-08-21 20:51:02-04	2023-01-08	0424-436-3570	2	media/Augusto_Carrillo.png	0
22	pbkdf2_sha256$390000$lVB0PPWexsGup770lW67Sr$fcaL/WY2188fBXfpnU6KA8j9vWtJNgLgKaXklTciyuk=	2023-02-05 16:34:03.497528-04	f	jhonrambo@simplee.cl	\N	\N	\N	t	f	store_owner	2023-01-21 19:00:52.181-04	\N	45454545454	14	media/.png_MZVAscG	0
23	pbkdf2_sha256$390000$8aFvjtVGp5lTJX2y0z1COp$JHwGyHBVkcOZFmYOZBVH+EEaJo7WlZozCZ5aAE0A1vI=	2023-02-05 20:03:15.788877-04	t	contacto@mlsparts.shop	Jorge	Martin Ramos	\N	t	t	website_owner	2023-02-04 10:24:38.464561-04	\N		15		0
26	pbkdf2_sha256$390000$5kuNYaVyqAvWineqItyWgG$yRCppJy3MEXspwVQ9cTSZEDIRYvEaBFygslSDM0up38=	2023-02-05 20:04:00.605717-04	f	augusto23@simplee.cl	Prueba	Augusto	\N	t	f	freelance	2023-02-04 23:08:47.380274-04	\N	4244363570	\N	media/Prueba_Augusto.png	500
\.


--
-- Data for Name: core_user_groups; Type: TABLE DATA; Schema: public; Owner: postgres
--

COPY public.core_user_groups (id, user_id, group_id) FROM stdin;
10	2	7
11	15	2
12	22	2
\.


--
-- Data for Name: core_user_user_permissions; Type: TABLE DATA; Schema: public; Owner: postgres
--

COPY public.core_user_user_permissions (id, user_id, permission_id) FROM stdin;
4	2	38
\.


--
-- Data for Name: core_wish; Type: TABLE DATA; Schema: public; Owner: postgres
--

COPY public.core_wish (id, product_id, user_id) FROM stdin;
\.


--
-- Data for Name: django_admin_log; Type: TABLE DATA; Schema: public; Owner: postgres
--

COPY public.django_admin_log (id, action_time, object_id, object_repr, action_flag, change_message, content_type_id, user_id) FROM stdin;
1	2022-09-06 23:02:16.389-04	1	Isuzu	1	[{"added": {}}]	15	2
2	2022-09-06 23:06:13.355-04	1	Media object (1)	1	[{"added": {}}]	8	2
3	2022-09-06 23:08:08.29-04	10	isuzu natural	2	[{"changed": {"fields": ["Brand", "Photos", "Description", "Thumbnail"]}}]	10	2
4	2022-10-02 23:29:15.84-04	3	EPA	3		12	2
5	2022-10-02 23:29:28.953-04	2	EPA	3		12	2
6	2022-10-02 23:30:03.144-04	1	EPA	2	[{"changed": {"fields": ["Slug", "Logo", "Description", "Category", "Parent"]}}]	12	2
7	2022-10-08 15:13:42.562-04	10	isuzu natural	2	[{"changed": {"fields": ["Thumbnail"]}}]	10	2
8	2022-10-08 15:14:48.527-04	2	General Motors	1	[{"added": {}}]	15	2
9	2022-10-08 15:14:54.506-04	10	Motor Modelo 350 vortec	2	[{"changed": {"fields": ["Name", "Brand", "Thumbnail", "Product type"]}}]	10	2
10	2022-10-14 15:10:53.062-04	10	Motor Modelo 350 vortec	2	[{"changed": {"fields": ["Thumbnail"]}}]	10	2
11	2022-10-14 15:20:15.96-04	9	isuzu natural	3		10	2
12	2022-10-14 15:20:15.972-04	8	isuzu natural	3		10	2
13	2022-10-14 15:20:15.982-04	7	isuzu natural	3		10	2
14	2022-10-14 15:20:15.997-04	6	isuzu natural	3		10	2
15	2022-10-14 15:20:16.009-04	5	isuzu natural	3		10	2
16	2022-10-14 15:20:16.02-04	4	isuzu natural	3		10	2
17	2022-10-14 15:20:16.029-04	3	isuzu natural	3		10	2
18	2022-10-14 15:20:16.04-04	2	isuzu natural	3		10	2
19	2022-10-14 15:20:16.051-04	1	isuzu natural	3		10	2
20	2022-10-14 16:38:38.219-04	1	EPA	2	[{"changed": {"fields": ["Logo"]}}]	12	2
21	2022-10-14 16:43:31.037-04	11	Motor Chevrolet tienda 2	1	[{"added": {}}]	10	2
22	2022-10-15 17:46:35.76-04	2	foto del motor	1	[{"added": {}}]	8	2
23	2022-10-15 17:46:40.74-04	10	Motor Modelo 350 vortec	2	[{"changed": {"fields": ["Photos"]}}]	10	2
24	2022-10-16 14:43:08.673-04	1	Config object (1)	1	[{"added": {}}]	16	2
25	2022-10-16 14:43:12.818-04	2	tienda2	2	[{"changed": {"fields": ["Slug", "Logo", "Description", "Category", "Parent", "Config"]}}]	12	2
26	2022-10-16 14:44:04.709-04	15	Producto random<function uuid4 at 0x7f2dbba1c5e0>	3		10	2
27	2022-10-16 14:44:04.72-04	14	Producto random<function uuid4 at 0x7f5f4f15b5e0>	3		10	2
28	2022-10-16 14:44:43.431-04	69	Producto random	3		10	2
29	2022-10-16 14:44:43.445-04	68	Producto random	3		10	2
30	2022-10-16 14:44:43.458-04	67	Producto random	3		10	2
31	2022-10-16 14:44:43.469-04	66	Producto random	3		10	2
32	2022-10-16 14:44:43.48-04	65	Producto random	3		10	2
33	2022-10-16 14:44:43.491-04	64	Producto random	3		10	2
34	2022-10-16 14:44:43.502-04	63	Producto random	3		10	2
35	2022-10-16 14:44:43.512-04	62	Producto random	3		10	2
36	2022-10-16 14:44:43.524-04	61	Producto random	3		10	2
37	2022-10-16 14:44:43.534-04	60	Producto random	3		10	2
38	2022-10-16 14:44:43.546-04	59	Producto random	3		10	2
39	2022-10-16 14:44:43.556-04	58	Producto random	3		10	2
40	2022-10-16 14:44:43.566-04	57	Producto random	3		10	2
41	2022-10-16 14:44:43.577-04	56	Producto random	3		10	2
42	2022-10-16 14:44:43.672-04	55	Producto random	3		10	2
43	2022-10-16 14:44:43.683-04	54	Producto random	3		10	2
44	2022-10-16 14:44:43.693-04	53	Producto random	3		10	2
45	2022-10-16 14:44:43.703-04	52	Producto random	3		10	2
46	2022-10-16 14:44:43.712-04	51	Producto random	3		10	2
47	2022-10-16 14:44:43.724-04	50	Producto random	3		10	2
48	2022-10-16 14:44:43.735-04	49	Producto random	3		10	2
49	2022-10-16 14:44:43.746-04	48	Producto random	3		10	2
50	2022-10-16 14:44:43.757-04	47	Producto random	3		10	2
51	2022-10-16 14:44:43.766-04	46	Producto random	3		10	2
52	2022-10-16 14:44:43.777-04	45	Producto random	3		10	2
53	2022-10-16 14:44:43.786-04	44	Producto random	3		10	2
54	2022-10-16 14:44:43.881-04	43	Producto random	3		10	2
55	2022-10-16 14:44:43.892-04	42	Producto random	3		10	2
56	2022-10-16 14:44:43.903-04	41	Producto random	3		10	2
57	2022-10-16 14:44:43.913-04	40	Producto random	3		10	2
58	2022-10-16 14:44:43.926-04	39	Producto random	3		10	2
59	2022-10-16 14:44:43.937-04	38	Producto random	3		10	2
60	2022-10-16 14:44:43.948-04	37	Producto random	3		10	2
61	2022-10-16 14:44:43.96-04	36	Producto random	3		10	2
62	2022-10-16 14:44:43.971-04	35	Producto random	3		10	2
63	2022-10-16 14:44:43.981-04	34	Producto random	3		10	2
64	2022-10-16 14:44:43.993-04	33	Producto random	3		10	2
65	2022-10-16 14:44:44.003-04	32	Producto random	3		10	2
66	2022-10-16 14:44:44.012-04	31	Producto random	3		10	2
67	2022-10-16 14:44:44.023-04	30	Producto random	3		10	2
68	2022-10-16 14:44:44.032-04	29	Producto random	3		10	2
69	2022-10-16 14:44:44.042-04	28	Producto random	3		10	2
70	2022-10-16 14:44:44.052-04	27	Producto random	3		10	2
71	2022-10-16 14:44:44.062-04	26	Producto random	3		10	2
72	2022-10-16 14:44:44.072-04	25	Producto random	3		10	2
73	2022-10-16 14:44:44.086-04	24	Producto random	3		10	2
74	2022-10-16 14:44:44.1-04	23	Producto random	3		10	2
75	2022-10-16 14:44:44.11-04	22	Producto random	3		10	2
76	2022-10-16 14:44:44.12-04	21	Producto random	3		10	2
77	2022-10-16 14:44:44.131-04	20	Producto random	3		10	2
78	2022-10-16 14:44:44.143-04	19	Producto random	3		10	2
79	2022-10-16 14:44:44.154-04	18	Producto random	3		10	2
80	2022-10-16 14:44:44.25-04	17	Producto random	3		10	2
81	2022-10-16 14:44:44.26-04	16	Producto random	3		10	2
82	2022-10-16 14:44:44.287-04	13	Producto random	3		10	2
83	2022-10-16 14:44:44.298-04	12	Producto random	3		10	2
84	2022-10-17 09:04:43.273-04	51	prueba1@gmail.com - XDXDXED	3		14	2
85	2022-10-17 09:04:43.316-04	50	prueba1@gmail.com - Review N <function uuid4 at 0x7fd20c15b5e0>	3		14	2
86	2022-10-17 09:04:43.326-04	49	prueba1@gmail.com - Review N <function uuid4 at 0x7fd20c15b5e0>	3		14	2
87	2022-10-17 09:04:43.337-04	48	prueba1@gmail.com - Review N <function uuid4 at 0x7fd20c15b5e0>	3		14	2
88	2022-10-17 09:04:43.348-04	47	prueba1@gmail.com - Review N <function uuid4 at 0x7fd20c15b5e0>	3		14	2
218	2023-01-06 18:51:16.673-04	8	augusto@simplee.aa	3		6	2
89	2022-10-17 09:04:43.358-04	46	prueba1@gmail.com - Review N <function uuid4 at 0x7fd20c15b5e0>	3		14	2
90	2022-10-17 09:04:43.368-04	45	prueba1@gmail.com - Review N <function uuid4 at 0x7fd20c15b5e0>	3		14	2
91	2022-10-17 09:04:43.379-04	44	prueba1@gmail.com - Review N <function uuid4 at 0x7fd20c15b5e0>	3		14	2
92	2022-10-17 09:04:43.388-04	43	prueba1@gmail.com - Review N <function uuid4 at 0x7fd20c15b5e0>	3		14	2
93	2022-10-17 09:04:43.399-04	42	prueba1@gmail.com - Review N <function uuid4 at 0x7fd20c15b5e0>	3		14	2
94	2022-10-17 09:04:43.409-04	41	prueba1@gmail.com - Review N <function uuid4 at 0x7fd20c15b5e0>	3		14	2
95	2022-10-17 09:04:43.418-04	40	prueba1@gmail.com - Review N <function uuid4 at 0x7fd20c15b5e0>	3		14	2
96	2022-10-17 09:04:43.429-04	39	prueba1@gmail.com - Review N <function uuid4 at 0x7fd20c15b5e0>	3		14	2
97	2022-10-17 09:04:43.438-04	38	prueba1@gmail.com - Review N <function uuid4 at 0x7fd20c15b5e0>	3		14	2
98	2022-10-17 09:04:43.448-04	37	prueba1@gmail.com - Review N <function uuid4 at 0x7fd20c15b5e0>	3		14	2
99	2022-10-17 09:04:43.459-04	36	prueba1@gmail.com - Review N <function uuid4 at 0x7fd20c15b5e0>	3		14	2
100	2022-10-17 09:04:43.469-04	35	prueba1@gmail.com - Review N <function uuid4 at 0x7fd20c15b5e0>	3		14	2
101	2022-10-17 09:04:43.48-04	34	prueba1@gmail.com - Review N <function uuid4 at 0x7fd20c15b5e0>	3		14	2
102	2022-10-17 09:04:43.518-04	33	prueba1@gmail.com - Review N <function uuid4 at 0x7fd20c15b5e0>	3		14	2
103	2022-10-17 09:04:43.529-04	32	prueba1@gmail.com - Review N <function uuid4 at 0x7fd20c15b5e0>	3		14	2
104	2022-10-17 09:04:43.539-04	31	prueba1@gmail.com - Review N <function uuid4 at 0x7fd20c15b5e0>	3		14	2
105	2022-10-17 09:04:43.55-04	30	prueba1@gmail.com - Review N <function uuid4 at 0x7fd20c15b5e0>	3		14	2
106	2022-10-17 09:04:43.561-04	29	prueba1@gmail.com - Review N <function uuid4 at 0x7fd20c15b5e0>	3		14	2
107	2022-10-17 09:04:43.572-04	28	prueba1@gmail.com - Review N <function uuid4 at 0x7fd20c15b5e0>	3		14	2
108	2022-10-17 09:04:43.582-04	27	prueba1@gmail.com - Review N <function uuid4 at 0x7fd20c15b5e0>	3		14	2
109	2022-10-17 09:04:43.593-04	26	prueba1@gmail.com - Review N <function uuid4 at 0x7fd20c15b5e0>	3		14	2
110	2022-10-17 09:04:43.605-04	25	prueba1@gmail.com - Review N <function uuid4 at 0x7fd20c15b5e0>	3		14	2
111	2022-10-17 09:04:43.615-04	24	prueba1@gmail.com - Review N <function uuid4 at 0x7fd20c15b5e0>	3		14	2
112	2022-10-17 09:04:43.628-04	23	prueba1@gmail.com - Review N <function uuid4 at 0x7fd20c15b5e0>	3		14	2
113	2022-10-17 09:04:43.67-04	22	prueba1@gmail.com - Review N <function uuid4 at 0x7fd20c15b5e0>	3		14	2
114	2022-10-17 09:04:43.683-04	21	prueba1@gmail.com - Review N <function uuid4 at 0x7fd20c15b5e0>	3		14	2
115	2022-10-17 09:04:43.694-04	20	prueba1@gmail.com - Review N <function uuid4 at 0x7fd20c15b5e0>	3		14	2
116	2022-10-17 09:04:43.706-04	19	prueba1@gmail.com - Review N <function uuid4 at 0x7fd20c15b5e0>	3		14	2
117	2022-10-17 09:04:43.719-04	18	prueba1@gmail.com - Review N <function uuid4 at 0x7fd20c15b5e0>	3		14	2
118	2022-10-17 09:04:43.729-04	17	prueba1@gmail.com - Review N <function uuid4 at 0x7fd20c15b5e0>	3		14	2
119	2022-10-17 09:04:43.739-04	16	prueba1@gmail.com - Review N <function uuid4 at 0x7fd20c15b5e0>	3		14	2
120	2022-10-17 09:04:43.749-04	15	prueba1@gmail.com - Review N <function uuid4 at 0x7fd20c15b5e0>	3		14	2
121	2022-10-17 09:04:43.759-04	14	prueba1@gmail.com - Review N <function uuid4 at 0x7fd20c15b5e0>	3		14	2
122	2022-10-17 09:04:43.769-04	13	prueba1@gmail.com - Review N <function uuid4 at 0x7fd20c15b5e0>	3		14	2
123	2022-10-17 09:04:43.779-04	12	prueba1@gmail.com - Review N <function uuid4 at 0x7fd20c15b5e0>	3		14	2
124	2022-10-17 09:04:43.788-04	11	prueba1@gmail.com - Review N <function uuid4 at 0x7fd20c15b5e0>	3		14	2
125	2022-10-17 09:04:43.798-04	10	prueba1@gmail.com - Review N <function uuid4 at 0x7fd20c15b5e0>	3		14	2
126	2022-10-17 09:04:43.837-04	9	prueba1@gmail.com - Review N <function uuid4 at 0x7fd20c15b5e0>	3		14	2
127	2022-10-17 09:04:43.848-04	8	prueba1@gmail.com - Review N <function uuid4 at 0x7fd20c15b5e0>	3		14	2
128	2022-10-17 09:04:43.859-04	7	prueba1@gmail.com - Review N <function uuid4 at 0x7fd20c15b5e0>	3		14	2
129	2022-10-17 09:04:43.869-04	6	prueba1@gmail.com - Review N <function uuid4 at 0x7fd20c15b5e0>	3		14	2
130	2022-10-17 09:04:43.879-04	5	prueba1@gmail.com - Review N <function uuid4 at 0x7fd20c15b5e0>	3		14	2
131	2022-10-17 09:04:43.889-04	4	prueba1@gmail.com - Review N <function uuid4 at 0x7fd20c15b5e0>	3		14	2
132	2022-10-17 09:04:43.9-04	3	prueba1@gmail.com - Review N <function uuid4 at 0x7fd20c15b5e0>	3		14	2
133	2022-10-17 09:04:43.911-04	2	prueba1@gmail.com - Review N <function uuid4 at 0x7fd20c15b5e0>	3		14	2
134	2022-10-17 09:04:43.922-04	1	prueba1@gmail.com - Review N <function uuid4 at 0x7fd20c15b5e0>	3		14	2
135	2022-10-17 09:07:06.288-04	101	prueba1@gmail.com - Review N <function uuid4 at 0x7fa4d687b5e0>	3		14	2
136	2022-10-17 09:07:06.3-04	100	prueba1@gmail.com - Review N <function uuid4 at 0x7fa4d687b5e0>	3		14	2
137	2022-10-17 09:07:06.311-04	99	prueba1@gmail.com - Review N <function uuid4 at 0x7fa4d687b5e0>	3		14	2
138	2022-10-17 09:07:06.324-04	98	prueba1@gmail.com - Review N <function uuid4 at 0x7fa4d687b5e0>	3		14	2
139	2022-10-17 09:07:06.336-04	97	prueba1@gmail.com - Review N <function uuid4 at 0x7fa4d687b5e0>	3		14	2
140	2022-10-17 09:07:06.349-04	96	prueba1@gmail.com - Review N <function uuid4 at 0x7fa4d687b5e0>	3		14	2
141	2022-10-17 09:07:06.361-04	95	prueba1@gmail.com - Review N <function uuid4 at 0x7fa4d687b5e0>	3		14	2
142	2022-10-17 09:07:06.401-04	94	prueba1@gmail.com - Review N <function uuid4 at 0x7fa4d687b5e0>	3		14	2
143	2022-10-17 09:07:06.415-04	93	prueba1@gmail.com - Review N <function uuid4 at 0x7fa4d687b5e0>	3		14	2
144	2022-10-17 09:07:06.426-04	92	prueba1@gmail.com - Review N <function uuid4 at 0x7fa4d687b5e0>	3		14	2
145	2022-10-17 09:07:06.437-04	91	prueba1@gmail.com - Review N <function uuid4 at 0x7fa4d687b5e0>	3		14	2
146	2022-10-17 09:07:06.448-04	90	prueba1@gmail.com - Review N <function uuid4 at 0x7fa4d687b5e0>	3		14	2
147	2022-10-17 09:07:06.46-04	89	prueba1@gmail.com - Review N <function uuid4 at 0x7fa4d687b5e0>	3		14	2
148	2022-10-17 09:07:06.471-04	88	prueba1@gmail.com - Review N <function uuid4 at 0x7fa4d687b5e0>	3		14	2
149	2022-10-17 09:07:06.482-04	87	prueba1@gmail.com - Review N <function uuid4 at 0x7fa4d687b5e0>	3		14	2
219	2023-01-06 18:51:16.738-04	7	augusto@simplee.si	3		6	2
150	2022-10-17 09:07:06.493-04	86	prueba1@gmail.com - Review N <function uuid4 at 0x7fa4d687b5e0>	3		14	2
151	2022-10-17 09:07:06.503-04	85	prueba1@gmail.com - Review N <function uuid4 at 0x7fa4d687b5e0>	3		14	2
152	2022-10-17 09:07:06.514-04	84	prueba1@gmail.com - Review N <function uuid4 at 0x7fa4d687b5e0>	3		14	2
153	2022-10-17 09:07:06.523-04	83	prueba1@gmail.com - Review N <function uuid4 at 0x7fa4d687b5e0>	3		14	2
154	2022-10-17 09:07:06.534-04	82	prueba1@gmail.com - Review N <function uuid4 at 0x7fa4d687b5e0>	3		14	2
155	2022-10-17 09:07:06.544-04	81	prueba1@gmail.com - Review N <function uuid4 at 0x7fa4d687b5e0>	3		14	2
156	2022-10-17 09:07:06.555-04	80	prueba1@gmail.com - Review N <function uuid4 at 0x7fa4d687b5e0>	3		14	2
157	2022-10-17 09:07:06.567-04	79	prueba1@gmail.com - Review N <function uuid4 at 0x7fa4d687b5e0>	3		14	2
158	2022-10-17 09:07:06.578-04	78	prueba1@gmail.com - Review N <function uuid4 at 0x7fa4d687b5e0>	3		14	2
159	2022-10-17 09:07:06.589-04	77	prueba1@gmail.com - Review N <function uuid4 at 0x7fa4d687b5e0>	3		14	2
160	2022-10-17 09:07:06.601-04	76	prueba1@gmail.com - Review N <function uuid4 at 0x7fa4d687b5e0>	3		14	2
161	2022-10-17 09:07:06.614-04	75	prueba1@gmail.com - Review N <function uuid4 at 0x7fa4d687b5e0>	3		14	2
162	2022-10-17 09:07:06.627-04	74	prueba1@gmail.com - Review N <function uuid4 at 0x7fa4d687b5e0>	3		14	2
163	2022-10-17 09:07:06.644-04	73	prueba1@gmail.com - Review N <function uuid4 at 0x7fa4d687b5e0>	3		14	2
164	2022-10-17 09:07:06.662-04	72	prueba1@gmail.com - Review N <function uuid4 at 0x7fa4d687b5e0>	3		14	2
165	2022-10-17 09:07:06.705-04	71	prueba1@gmail.com - Review N <function uuid4 at 0x7fa4d687b5e0>	3		14	2
166	2022-10-17 09:07:06.717-04	70	prueba1@gmail.com - Review N <function uuid4 at 0x7fa4d687b5e0>	3		14	2
167	2022-10-17 09:07:06.729-04	69	prueba1@gmail.com - Review N <function uuid4 at 0x7fa4d687b5e0>	3		14	2
168	2022-10-17 09:07:06.741-04	68	prueba1@gmail.com - Review N <function uuid4 at 0x7fa4d687b5e0>	3		14	2
169	2022-10-17 09:07:06.753-04	67	prueba1@gmail.com - Review N <function uuid4 at 0x7fa4d687b5e0>	3		14	2
170	2022-10-17 09:07:06.763-04	66	prueba1@gmail.com - Review N <function uuid4 at 0x7fa4d687b5e0>	3		14	2
171	2022-10-17 09:07:06.773-04	65	prueba1@gmail.com - Review N <function uuid4 at 0x7fa4d687b5e0>	3		14	2
172	2022-10-17 09:07:06.785-04	64	prueba1@gmail.com - Review N <function uuid4 at 0x7fa4d687b5e0>	3		14	2
173	2022-10-17 09:07:06.796-04	63	prueba1@gmail.com - Review N <function uuid4 at 0x7fa4d687b5e0>	3		14	2
174	2022-10-17 09:07:06.806-04	62	prueba1@gmail.com - Review N <function uuid4 at 0x7fa4d687b5e0>	3		14	2
175	2022-10-17 09:07:06.844-04	61	prueba1@gmail.com - Review N <function uuid4 at 0x7fa4d687b5e0>	3		14	2
176	2022-10-17 09:07:06.854-04	60	prueba1@gmail.com - Review N <function uuid4 at 0x7fa4d687b5e0>	3		14	2
177	2022-10-17 09:07:06.864-04	59	prueba1@gmail.com - Review N <function uuid4 at 0x7fa4d687b5e0>	3		14	2
178	2022-10-17 09:07:06.876-04	58	prueba1@gmail.com - Review N <function uuid4 at 0x7fa4d687b5e0>	3		14	2
179	2022-10-17 09:07:06.886-04	57	prueba1@gmail.com - Review N <function uuid4 at 0x7fa4d687b5e0>	3		14	2
180	2022-10-17 09:07:06.897-04	56	prueba1@gmail.com - Review N <function uuid4 at 0x7fa4d687b5e0>	3		14	2
181	2022-10-17 09:07:06.911-04	55	prueba1@gmail.com - Review N <function uuid4 at 0x7fa4d687b5e0>	3		14	2
182	2022-10-17 09:07:06.922-04	54	prueba1@gmail.com - Review N <function uuid4 at 0x7fa4d687b5e0>	3		14	2
183	2022-10-17 09:07:06.934-04	53	prueba1@gmail.com - Review N <function uuid4 at 0x7fa4d687b5e0>	3		14	2
184	2022-10-17 09:07:06.946-04	52	prueba1@gmail.com - Review N <function uuid4 at 0x7fa4d687b5e0>	3		14	2
185	2022-10-22 18:27:33.938-04	1	Producto random - prueba1@gmail.com	1	[{"added": {}}]	18	2
186	2022-10-22 18:27:51.711-04	2	Motor Chevrolet tienda 2 - augusto@simplee.cl	1	[{"added": {}}]	18	2
187	2022-10-22 19:42:19.892-04	3	Motor Modelo 350 vortec - augusto@simplee.cl	1	[{"added": {}}]	18	2
188	2022-10-22 19:42:27-04	4	Motor Modelo 350 vortec - augusto@simplee.cl	1	[{"added": {}}]	18	2
189	2022-10-22 19:42:32.13-04	5	Motor Chevrolet tienda 2 - augusto@simplee.cl	1	[{"added": {}}]	18	2
190	2022-10-22 19:44:45.945-04	6	Motor Chevrolet tienda 2 - augusto@simplee.cl	1	[{"added": {}}]	18	2
191	2022-10-23 09:45:46.606-04	1	Motor Modelo 350 vortec - prueba1@gmail.com	1	[{"added": {}}]	18	2
192	2022-10-23 09:46:05.389-04	2	Motor Modelo 350 vortec - augusto@simplee.cl	1	[{"added": {}}]	18	2
193	2022-10-23 09:46:15.828-04	3	Motor Chevrolet tienda 2 - augusto@simplee.cl	1	[{"added": {}}]	18	2
194	2022-10-23 17:40:42.373-04	4	Motor Modelo 350 vortec - augusto@simplee.cl	1	[{"added": {}}]	18	2
195	2022-10-25 22:37:44.997-04	2	transmisiones	1	[{"added": {}}]	7	2
196	2022-10-25 22:37:58.309-04	3	Carrocería	1	[{"added": {}}]	7	2
197	2022-10-25 22:38:04.097-04	2	Transmisiones	2	[{"changed": {"fields": ["Name"]}}]	7	2
198	2022-10-25 22:38:10.446-04	1	Motores	2	[{"changed": {"fields": ["Name"]}}]	7	2
199	2022-10-25 22:38:32.838-04	3	Cherokee	1	[{"added": {}}]	15	2
200	2022-10-25 22:59:57.065-04	2	general_motors	2	[{"changed": {"fields": ["Name"]}}]	15	2
201	2022-10-27 22:11:32.74-04	2	General Motors	2	[{"changed": {"fields": ["Name"]}}]	15	2
202	2022-10-30 11:12:10.7-04	4	Motor Modelo 350 vortec - 1	3		17	2
203	2022-10-30 11:12:10.712-04	3	Motor Modelo 350 vortec - 1	3		17	2
204	2022-10-30 11:12:10.723-04	2	producto Aleatorio - 2	3		17	2
205	2022-10-30 11:12:10.733-04	1	producto Aleatorio - 2	3		17	2
206	2022-10-30 11:20:32.205-04	6	Motor Chevrolet tienda 2 - 1	3		17	2
207	2022-10-30 11:20:32.217-04	5	Motor Chevrolet tienda 2 - 1	3		17	2
208	2022-11-06 12:33:21.504-04	10	Motor Modelo 350 vortec	2	[{"changed": {"fields": ["Description"]}}]	10	2
209	2022-12-10 14:32:01.357-04	220	producto rango prueba	1	[{"added": {}}]	10	2
210	2023-01-05 19:54:10.544-04	6	augusto@simplee.ve	3		6	2
211	2023-01-05 19:54:10.558-04	5	augusto@simplee.si	3		6	2
212	2023-01-05 19:54:10.569-04	4	augusto@simplee.co	3		6	2
213	2023-01-05 19:54:10.581-04	3	augusto@simplee.com	3		6	2
214	2023-01-05 22:51:30.674-04	9	augusto@simplee.ve	2	[{"changed": {"fields": ["Born date", "Store"]}}]	6	2
215	2023-01-06 18:51:16.58-04	11	augusto@simplee.dd	3		6	2
216	2023-01-06 18:51:16.648-04	10	augusto@simplee.xd	3		6	2
217	2023-01-06 18:51:16.661-04	9	augusto@simplee.ve	3		6	2
220	2023-01-06 18:51:16.75-04	1	prueba1@gmail.com	3		6	2
221	2023-01-06 20:06:43.838-04	11	XDXDXDXDXD	3		12	2
222	2023-01-06 20:06:43.852-04	10	XDDDDD	3		12	2
223	2023-01-06 20:06:43.864-04	9	inversiones ferrequinpa XD	3		12	2
224	2023-01-06 20:06:43.876-04	8	dl,fbhjksfbghkbfhkgbkhdfg	3		12	2
225	2023-01-06 20:06:43.895-04	7	sdfgsfgdfgdfgdf	3		12	2
226	2023-01-06 20:06:43.916-04	6	inversiones ferrequinpa	3		12	2
227	2023-01-06 20:06:43.928-04	5	Nombre de la empresa	3		12	2
228	2023-01-06 20:06:56.189-04	14	augusto@simplee.xd	3		6	2
229	2023-01-06 20:06:56.202-04	13	augusto@simplee.aa	3		6	2
230	2023-01-06 20:06:56.214-04	12	augusto@simplee.dd	3		6	2
231	2023-01-08 11:41:26.328-04	2	augusto@simplee.cl	2	[{"changed": {"fields": ["Role", "Born date", "Store"]}}]	6	2
232	2023-01-14 11:11:01.296-04	2	augusto@simplee.cl	2	[{"changed": {"fields": ["User permissions"]}}]	6	2
233	2023-01-14 11:13:50.206-04	2	augusto@simplee.cl	2	[{"changed": {"fields": ["Groups"]}}]	6	2
234	2023-01-14 16:49:48.524-04	2	General Motors	2	[{"changed": {"fields": ["Category"]}}]	15	2
235	2023-01-14 16:49:52.599-04	1	Isuzu	2	[{"changed": {"fields": ["Category"]}}]	15	2
236	2023-01-14 16:49:56.853-04	3	Cherokee	2	[{"changed": {"fields": ["Category"]}}]	15	2
237	2023-01-15 14:15:10.728-04	1	Address object (1)	1	[{"added": {}}]	22	2
238	2023-01-15 14:16:18.566-04	1	Address object (1)	3		22	2
239	2023-01-15 14:16:58.562-04	2	Address object (2)	1	[{"added": {}}]	22	2
240	2023-01-15 15:50:30.45-04	2	augusto@simplee.cl	2	[{"changed": {"fields": ["First name", "Last name"]}}]	6	2
241	2023-01-15 16:18:20.136-04	2	Address object (2)	3		22	2
242	2023-01-15 16:22:16.163-04	3	Address object (3)	1	[{"added": {}}]	22	2
243	2023-01-19 20:27:32.994-04	4	Ford	1	[{"added": {}}]	15	2
244	2023-01-19 22:50:34.369-04	5	Servicios	1	[{"added": {}}]	7	2
245	2023-01-21 18:27:30.191-04	19	jhonrambo@simplee.cl	3		6	2
246	2023-01-21 18:55:14.279-04	13	Heladeria Pepe	3		12	2
247	2023-01-21 18:55:30.327-04	20	jhonrambo@simplee.cl	3		6	2
248	2023-01-21 18:59:36.743-04	21	jhonrambo@simplee.cl	3		6	2
249	2023-01-22 15:21:48.481-04	5	Toyota	1	[{"added": {}}]	15	2
250	2023-01-22 15:21:56.564-04	6	Compresores	1	[{"added": {}}]	7	2
251	2023-02-04 23:10:07.517092-04	14	Message object (14)	3		28	2
\.


--
-- Data for Name: django_content_type; Type: TABLE DATA; Schema: public; Owner: postgres
--

COPY public.django_content_type (id, app_label, model) FROM stdin;
1	admin	logentry
2	auth	permission
3	auth	group
4	contenttypes	contenttype
5	sessions	session
6	cities_light	country
7	cities_light	region
8	cities_light	city
9	cities_light	subregion
10	core	user
11	core	address
12	core	brand
13	core	cart
14	core	category
15	core	config
16	core	media
17	core	order
18	core	products
19	core	wish
20	core	store
21	core	review
22	core	productorder
23	core	info
24	core	externalpayment
25	core	cartitem
26	core	notification
27	core	channelgroup
28	core	message
29	core	assistance
30	core	giftcard
31	ip_logger	ipaddress
\.


--
-- Data for Name: django_migrations; Type: TABLE DATA; Schema: public; Owner: postgres
--

COPY public.django_migrations (id, app, name, applied) FROM stdin;
1	contenttypes	0001_initial	2023-01-22 22:11:21.657223-04
2	contenttypes	0002_remove_content_type_name	2023-01-22 22:11:21.693067-04
3	auth	0001_initial	2023-01-22 22:11:21.803852-04
4	auth	0002_alter_permission_name_max_length	2023-01-22 22:11:21.812662-04
5	auth	0003_alter_user_email_max_length	2023-01-22 22:11:21.826947-04
6	auth	0004_alter_user_username_opts	2023-01-22 22:11:21.838955-04
7	auth	0005_alter_user_last_login_null	2023-01-22 22:11:21.854194-04
8	auth	0006_require_contenttypes_0002	2023-01-22 22:11:21.859945-04
9	auth	0007_alter_validators_add_error_messages	2023-01-22 22:11:21.873849-04
10	auth	0008_alter_user_username_max_length	2023-01-22 22:11:21.887312-04
11	auth	0009_alter_user_last_name_max_length	2023-01-22 22:11:21.910187-04
12	auth	0010_alter_group_name_max_length	2023-01-22 22:11:21.955642-04
13	auth	0011_update_proxy_permissions	2023-01-22 22:11:21.973539-04
14	auth	0012_alter_user_first_name_max_length	2023-01-22 22:11:21.989593-04
15	core	0001_initial	2023-01-22 22:11:22.865441-04
16	admin	0001_initial	2023-01-22 22:11:22.939391-04
17	admin	0002_logentry_remove_auto_add	2023-01-22 22:11:22.97155-04
18	admin	0003_logentry_add_action_flag_choices	2023-01-22 22:11:23.007402-04
19	cities_light	0001_initial	2023-01-22 22:11:23.164169-04
20	cities_light	0002_city	2023-01-22 22:11:23.276898-04
21	cities_light	0003_auto_20141120_0342	2023-01-22 22:11:23.292057-04
22	cities_light	0004_autoslug_update	2023-01-22 22:11:23.327515-04
23	cities_light	0005_blank_phone	2023-01-22 22:11:23.345044-04
24	cities_light	0006_compensate_for_0003_bytestring_bug	2023-01-22 22:11:23.360409-04
25	cities_light	0007_make_country_name_not_unique	2023-01-22 22:11:23.401919-04
26	cities_light	0008_city_timezone	2023-01-22 22:11:23.426271-04
27	cities_light	0009_add_subregion	2023-01-22 22:11:23.511581-04
28	cities_light	0010_auto_20200508_1851	2023-01-22 22:11:23.577408-04
29	cities_light	0011_alter_city_country_alter_city_region_and_more	2023-01-22 22:11:23.625241-04
30	core	0002_user_profile_img	2023-01-22 22:11:23.67812-04
31	core	0003_alter_products_description	2023-01-22 22:11:23.716525-04
32	core	0004_alter_products_condition	2023-01-22 22:11:23.745298-04
33	sessions	0001_initial	2023-01-22 22:11:23.77611-04
34	core	0005_alter_products_product_type	2023-01-22 22:16:23.564134-04
35	core	0006_alter_products_product_slug	2023-01-22 22:18:18.26057-04
36	core	0007_notification	2023-02-04 10:24:37.951084-04
37	core	0008_alter_notification_entity_name	2023-02-04 10:24:37.995664-04
38	core	0009_channelgroup_remove_notification_content_and_more	2023-02-04 10:24:38.051028-04
39	core	0010_alter_notification_entity_id	2023-02-04 10:24:38.060262-04
40	core	0011_store_money_user_credits	2023-02-04 10:24:38.102248-04
41	core	0012_auto_20230124_2326	2023-02-04 10:24:38.471652-04
42	core	0013_message	2023-02-04 10:24:38.536129-04
43	core	0014_assistance	2023-02-04 10:24:38.594964-04
44	core	0015_remove_assistance_cart_item_and_more	2023-02-04 10:24:38.794417-04
45	core	0016_assistance_customer_alter_assistance_freelance	2023-02-04 10:24:38.860904-04
46	core	0017_message_assistance	2023-02-04 10:24:38.898631-04
47	core	0018_assistance_feedback	2023-02-04 10:24:39.038139-04
48	core	0019_remove_assistance_cart_items_and_more	2023-02-04 10:24:39.169665-04
49	core	0020_alter_cartitem_assistance_and_more	2023-02-04 10:24:39.221122-04
50	core	0021_giftcard	2023-02-04 10:24:39.269546-04
51	core	0022_alter_giftcard_user	2023-02-04 10:24:39.310769-04
52	core	0023_address_last_name_address_name	2023-02-04 19:49:11.076893-04
53	ip_logger	0001_initial	2023-02-04 22:06:08.935105-04
\.


--
-- Data for Name: django_session; Type: TABLE DATA; Schema: public; Owner: postgres
--

COPY public.django_session (session_key, session_data, expire_date) FROM stdin;
0pq8xjofrhv1c21u82tks1gxtqxa058x	.eJxVjEEOwiAQRe_C2hDAKVCX7nsGMjCDVA0kpV0Z765NutDtf-_9lwi4rSVsnZcwk7gII06_W8T04LoDumO9NZlaXZc5yl2RB-1yasTP6-H-HRTs5VuzAa-sGky2I2XySnuyqNk6B4pNBnYxg2EEA8hqPGPU7L1GHiAmpcX7A9UQN8c:1pFPbl:sKtWaaCuMgqpXMg_6r-j73vaofXvV0WboGG-Xo2b_w4	2023-01-24 21:08:49.482-04
1cmovx37yvdqhd1bqlnocw8hvbt74zb2	.eJxVjEEOwiAQRe_C2hDAKVCX7nsGMjCDVA0kpV0Z765NutDtf-_9lwi4rSVsnZcwk7gII06_W8T04LoDumO9NZlaXZc5yl2RB-1yasTP6-H-HRTs5VuzAa-sGky2I2XySnuyqNk6B4pNBnYxg2EEA8hqPGPU7L1GHiAmpcX7A9UQN8c:1pHbvp:vkWZk6ebdTI7cd73pOEJHv7aft0eX-RZtmdqH4hMBak	2023-01-30 22:42:37.096-04
1kkt7lu4dyvckopoq34l99uwo697zo4o	.eJxVjEEOwiAQRe_C2hDAKVCX7nsGMjCDVA0kpV0Z765NutDtf-_9lwi4rSVsnZcwk7gII06_W8T04LoDumO9NZlaXZc5yl2RB-1yasTP6-H-HRTs5VuzAa-sGky2I2XySnuyqNk6B4pNBnYxg2EEA8hqPGPU7L1GHiAmpcX7A9UQN8c:1okzs1:VpIihcahCTezqFsA7Vc0bIGdRbs3iwvw1srfvBugrw0	2022-11-01 23:35:53.567-04
2v1ew9a7t7jwqgbhxd1jmpmfcevxpnv8	.eJxVjMsOwiAQRf-FtSE8pgVcuvcbyAxMpWogKe3K-O_apAvd3nPOfYmI21ri1nmJcxZnYYw4_Y6E6cF1J_mO9dZkanVdZpK7Ig_a5bVlfl4O9--gYC_fOoBPBNarKTuApNBZbaaAHhUOBsgSaQ1DZgabjOfkrBqZyHsdbFajeH8A_MY3xg:1pJMrC:HyZT3JlYntmCVMsRi0w9awZL1JaLNuxkR-OX9n3_EEo	2023-02-04 19:01:06.468-04
2z66jn4srojl4b8kq1bpekzeokkdlro4	.eJxVjEEOwiAQRe_C2hDAKVCX7nsGMjCDVA0kpV0Z765NutDtf-_9lwi4rSVsnZcwk7gII06_W8T04LoDumO9NZlaXZc5yl2RB-1yasTP6-H-HRTs5VuzAa-sGky2I2XySnuyqNk6B4pNBnYxg2EEA8hqPGPU7L1GHiAmpcX7A9UQN8c:1ojQ9T:L3eGTbZbZZwwOA-0zRVtU2Uami6hj209RCzucpOOfTw	2022-10-28 15:15:23.61-04
4f0o1pgwwmashn0lcxhw3d7v69y5n71p	.eJxVjMEOwiAQRP-FsyECW2k9eu83kN1lkaqBpLQn47_bJj3oZQ7z3sxbBVyXHNYmc5iiuiqrTr8dIT-l7CA-sNyr5lqWeSK9K_qgTY81yut2uH8HGVve1skRRfYc2cqW0nOPXQIC75j4jGjckFIaLg4tmI4teG-jAXTgQYTU5wss8zkZ:1pJfuJ:-sfn-6dhfvolssiCIEGunCEsTjEoTHKV_XoacU1yCq8	2023-02-05 15:21:35.59-04
52ib5hnc75pi8nrzbqu34enz25un2p6s	.eJxVjEEOwiAQRe_C2hDAKVCX7nsGMjCDVA0kpV0Z765NutDtf-_9lwi4rSVsnZcwk7gII06_W8T04LoDumO9NZlaXZc5yl2RB-1yasTP6-H-HRTs5VuzAa-sGky2I2XySnuyqNk6B4pNBnYxg2EEA8hqPGPU7L1GHiAmpcX7A9UQN8c:1p9yyZ:lsjFujCmpY5vcre0lpmztkdnMLnk_YciOSJ0N9-l9Qk	2023-01-09 21:41:55.037-04
5902m4y5874rm6h5vpnhwksgjzroxror	e30:1oPvjf:bQXIhInAicEumlBVPMXEHzzE-_XXjiNe7CqTe487WHQ	2022-09-04 20:56:11.351-04
5ncrj1e70cpeceuyz65y5kihlkjlo3k8	.eJxVjEEOwiAQRe_C2hDAKVCX7nsGMjCDVA0kpV0Z765NutDtf-_9lwi4rSVsnZcwk7gII06_W8T04LoDumO9NZlaXZc5yl2RB-1yasTP6-H-HRTs5VuzAa-sGky2I2XySnuyqNk6B4pNBnYxg2EEA8hqPGPU7L1GHiAmpcX7A9UQN8c:1p7Shq:_cUpKEQrogeUpEsH7RviB1W6ZfyCIBarp9IHHybBg5U	2023-01-02 22:50:14.422-04
5tf9iz8hoaazpmlef54x6ythpdtw7v77	.eJxVjEEOwiAQRe_C2hDAKVCX7nsGMjCDVA0kpV0Z765NutDtf-_9lwi4rSVsnZcwk7gII06_W8T04LoDumO9NZlaXZc5yl2RB-1yasTP6-H-HRTs5VuzAa-sGky2I2XySnuyqNk6B4pNBnYxg2EEA8hqPGPU7L1GHiAmpcX7A9UQN8c:1p4Zbd:zAm_jhQ-rN0WeFrqR1fFL7xRbnjdtMvWR8E-ZTlbomA	2022-12-25 23:35:53.617-04
6yjwt2v4tnsctx8uev5npbhek36apmlt	e30:1oPvfV:4aStvyZGFIaFYBl1K5v4Mndo3B8dgSjiNsRJEngPmF0	2022-09-04 20:51:53.87-04
7fl645x0rm1cb7q1rsurr4d56q2m3vg0	.eJxVjEEOwiAQRe_C2hDAKVCX7nsGMjCDVA0kpV0Z765NutDtf-_9lwi4rSVsnZcwk7gII06_W8T04LoDumO9NZlaXZc5yl2RB-1yasTP6-H-HRTs5VuzAa-sGky2I2XySnuyqNk6B4pNBnYxg2EEA8hqPGPU7L1GHiAmpcX7A9UQN8c:1p6dML:SpCKWapyRZ2Uc4BnBjPPYGwVT_nteEbEy7Q18llR9g0	2022-12-31 16:00:37.218-04
7rw4o7n3p7r8x32864ttlymutrb7pdup	.eJxVjMEOwiAQRP-FsyECW2k9eu83kN1lkaqBpLQn47_bJj3oZQ7z3sxbBVyXHNYmc5iiuiqrTr8dIT-l7CA-sNyr5lqWeSK9K_qgTY81yut2uH8HGVve1skRRfYc2cqW0nOPXQIC75j4jGjckFIaLg4tmI4teG-jAXTgQYTU5wss8zkZ:1pJGGd:3fxgBosSmWNOeb2qrlZvdAJQ3F8LqwgmNRTetuxNOhw	2023-02-04 11:58:55.066-04
amfio5j70kgntbdracyktmrse73ud4ur	.eJxVjEEOwiAQRe_C2hDAKVCX7nsGMjCDVA0kpV0Z765NutDtf-_9lwi4rSVsnZcwk7gII06_W8T04LoDumO9NZlaXZc5yl2RB-1yasTP6-H-HRTs5VuzAa-sGky2I2XySnuyqNk6B4pNBnYxg2EEA8hqPGPU7L1GHiAmpcX7A9UQN8c:1p6fY8:FGQvOXCHRQtrFaf_IoQSbqP-cLIwdFeYyZ_Y_jxdPmQ	2022-12-31 18:20:56.892-04
b096067k4a1g54lihov3j08uk7cy9mrp	.eJxVjEEOwiAQRe_C2hDAKVCX7nsGMjCDVA0kpV0Z765NutDtf-_9lwi4rSVsnZcwk7gII06_W8T04LoDumO9NZlaXZc5yl2RB-1yasTP6-H-HRTs5VuzAa-sGky2I2XySnuyqNk6B4pNBnYxg2EEA8hqPGPU7L1GHiAmpcX7A9UQN8c:1pGh3n:RXrJZu1qltvKoOHJhHnmKfQgGfd-f-r_1Oacg_Adg54	2023-01-28 09:59:03.48-04
begm422bfq0vy78s5ar4j9dc2yjmv7pu	.eJxVjEEOwiAQRe_C2hDAKVCX7nsGMjCDVA0kpV0Z765NutDtf-_9lwi4rSVsnZcwk7gII06_W8T04LoDumO9NZlaXZc5yl2RB-1yasTP6-H-HRTs5VuzAa-sGky2I2XySnuyqNk6B4pNBnYxg2EEA8hqPGPU7L1GHiAmpcX7A9UQN8c:1pFFLH:bm5xP0n5HcjEG9vSh2eG_qKAHxiGg2OMuSfV1BEY0Q8	2023-01-24 10:11:07.558-04
caxz81fyw5ygnqwid8rqay2khs5xw1ww	.eJxVjEEOwiAQRe_C2hDAKVCX7nsGMjCDVA0kpV0Z765NutDtf-_9lwi4rSVsnZcwk7gII06_W8T04LoDumO9NZlaXZc5yl2RB-1yasTP6-H-HRTs5VuzAa-sGky2I2XySnuyqNk6B4pNBnYxg2EEA8hqPGPU7L1GHiAmpcX7A9UQN8c:1ov5oi:mn89KgsDbEod_57Dt23ugVSKcwT1AboGsns0jxKMgY8	2022-11-29 19:58:12.69-04
e06xkoqb1wqcx95ugfz6h7yfrcqf5vv0	.eJxVjEEOwiAQRe_C2hDAKVCX7nsGMjCDVA0kpV0Z765NutDtf-_9lwi4rSVsnZcwk7gII06_W8T04LoDumO9NZlaXZc5yl2RB-1yasTP6-H-HRTs5VuzAa-sGky2I2XySnuyqNk6B4pNBnYxg2EEA8hqPGPU7L1GHiAmpcX7A9UQN8c:1ohDQW:NbTI1LOm4zJaiLMPbqxsipvekMAka7OGDI6kUIAL5_M	2022-10-22 13:15:52.64-04
esxruec3nzlsz3evgpnqi7qfiywbnpni	.eJxVjEEOwiAQRe_C2hDAKVCX7nsGMjCDVA0kpV0Z765NutDtf-_9lwi4rSVsnZcwk7gII06_W8T04LoDumO9NZlaXZc5yl2RB-1yasTP6-H-HRTs5VuzAa-sGky2I2XySnuyqNk6B4pNBnYxg2EEA8hqPGPU7L1GHiAmpcX7A9UQN8c:1ooEq3:_-djiUaR41XSjbSir2cht4N7repwI2jy8p3t2C99NSk	2022-11-10 22:11:15.977-04
gzw35l54jnib0vqaen6qz8xiwxkwu9q1	.eJxVjEEOwiAQRe_C2hDAKVCX7nsGMjCDVA0kpV0Z765NutDtf-_9lwi4rSVsnZcwk7gII06_W8T04LoDumO9NZlaXZc5yl2RB-1yasTP6-H-HRTs5VuzAa-sGky2I2XySnuyqNk6B4pNBnYxg2EEA8hqPGPU7L1GHiAmpcX7A9UQN8c:1pIfAs:WJ8GvnVGkzffMT6buv3GGhMATI3TCz6xIyMydsh1GJ0	2023-02-02 20:22:30.073-04
hsajbcw9zetuvma8dhk24pz19yn652nw	.eJxVjEEOwiAQRe_C2hDAKVCX7nsGMjCDVA0kpV0Z765NutDtf-_9lwi4rSVsnZcwk7gII06_W8T04LoDumO9NZlaXZc5yl2RB-1yasTP6-H-HRTs5VuzAa-sGky2I2XySnuyqNk6B4pNBnYxg2EEA8hqPGPU7L1GHiAmpcX7A9UQN8c:1pF134:FBnUorYeE7H-kJnZ9y7H3_Hqglu_5AFHT9Ctt-peULE	2023-01-23 18:55:22.527-04
jvutxyz5b39vrdf834g2hq17yg0r609l	.eJxVjEEOwiAQRe_C2hDAKVCX7nsGMjCDVA0kpV0Z765NutDtf-_9lwi4rSVsnZcwk7gII06_W8T04LoDumO9NZlaXZc5yl2RB-1yasTP6-H-HRTs5VuzAa-sGky2I2XySnuyqNk6B4pNBnYxg2EEA8hqPGPU7L1GHiAmpcX7A9UQN8c:1pHwXO:jaXPYj29dMF6Gy4ho8al-aKTZeaqb6n-Gv2MijcFEPg	2023-01-31 20:42:46.541-04
kge404vxi1ulwy5sm6zwgkehokgo3m7u	.eJxVjEEOwiAQRe_C2hDAKVCX7nsGMjCDVA0kpV0Z765NutDtf-_9lwi4rSVsnZcwk7gII06_W8T04LoDumO9NZlaXZc5yl2RB-1yasTP6-H-HRTs5VuzAa-sGky2I2XySnuyqNk6B4pNBnYxg2EEA8hqPGPU7L1GHiAmpcX7A9UQN8c:1oVlIJ:cTLxm_9JnpKqiTo06i0UdZdO8oAm-JkmFJjl3v_Zlik	2022-09-20 23:00:03.518-04
kl929kqaxmfnn0c12prvvc72rz9xekgc	.eJxVjEEOwiAQRe_C2hDAKVCX7nsGMjCDVA0kpV0Z765NutDtf-_9lwi4rSVsnZcwk7gII06_W8T04LoDumO9NZlaXZc5yl2RB-1yasTP6-H-HRTs5VuzAa-sGky2I2XySnuyqNk6B4pNBnYxg2EEA8hqPGPU7L1GHiAmpcX7A9UQN8c:1p8ryU:L8epNiETohhBG8ApoO5DY7pj5KrooXC3AENFi4jH5ug	2023-01-06 20:01:14.773-04
m3iiwn5nkix7o4xjrcrx1tm2wrw4xq2y	.eJxVjMEOwiAQRP-FsyECW2k9eu83kN1lkaqBpLQn47_bJj3oZQ7z3sxbBVyXHNYmc5iiuiqrTr8dIT-l7CA-sNyr5lqWeSK9K_qgTY81yut2uH8HGVve1skRRfYc2cqW0nOPXQIC75j4jGjckFIaLg4tmI4teG-jAXTgQYTU5wss8zkZ:1pJhOD:MT2VzsVOyFF-Xp4IY3iF_Vl0OLTx2foluSTgquHE-eY	2023-02-05 16:56:33.352-04
m9pjlmxn3h1kxgpma62924qj495x9plb	.eJxVjMEOwiAQRP-FsyECW2k9eu83kN1lkaqBpLQn47_bJj3oZQ7z3sxbBVyXHNYmc5iiuiqrTr8dIT-l7CA-sNyr5lqWeSK9K_qgTY81yut2uH8HGVve1skRRfYc2cqW0nOPXQIC75j4jGjckFIaLg4tmI4teG-jAXTgQYTU5wss8zkZ:1oPw4W:gnsacamsZCS_skbFvHQ3mGyEPpPkR1iqF2HvRrpGuZQ	2022-09-04 21:17:44.368-04
mj9a9doggymw0bli5gauw83cvm0u0ouf	.eJxVjEEOwiAQRe_C2hDAKVCX7nsGMjCDVA0kpV0Z765NutDtf-_9lwi4rSVsnZcwk7gII06_W8T04LoDumO9NZlaXZc5yl2RB-1yasTP6-H-HRTs5VuzAa-sGky2I2XySnuyqNk6B4pNBnYxg2EEA8hqPGPU7L1GHiAmpcX7A9UQN8c:1ojQ9T:L3eGTbZbZZwwOA-0zRVtU2Uami6hj209RCzucpOOfTw	2022-10-28 15:15:23.353-04
noadv2oo2ijrmlcumpixi3082hxyru7a	.eJxVjEEOwiAQRe_C2hDAKVCX7nsGMjCDVA0kpV0Z765NutDtf-_9lwi4rSVsnZcwk7gII06_W8T04LoDumO9NZlaXZc5yl2RB-1yasTP6-H-HRTs5VuzAa-sGky2I2XySnuyqNk6B4pNBnYxg2EEA8hqPGPU7L1GHiAmpcX7A9UQN8c:1pAMO4:52ZcjNnphg24xIfJsINSH_cpX7BkO1S3m__2PVuLBlM	2023-01-10 22:41:48.128-04
oiltow60x8ovnkb0pi2i4yknyxr4yvz1	.eJxVjEEOwiAQRe_C2hDAKVCX7nsGMjCDVA0kpV0Z765NutDtf-_9lwi4rSVsnZcwk7gII06_W8T04LoDumO9NZlaXZc5yl2RB-1yasTP6-H-HRTs5VuzAa-sGky2I2XySnuyqNk6B4pNBnYxg2EEA8hqPGPU7L1GHiAmpcX7A9UQN8c:1opLGv:kk-vRX9fZPRUmKMXTVx2wHHZumGw0KsVNuZdkFWfstc	2022-11-13 23:15:33.912-04
pb8w2acrhs01bqy107w1v843bcxst6vb	.eJxVjEEOwiAQRe_C2hDAKVCX7nsGMjCDVA0kpV0Z765NutDtf-_9lwi4rSVsnZcwk7gII06_W8T04LoDumO9NZlaXZc5yl2RB-1yasTP6-H-HRTs5VuzAa-sGky2I2XySnuyqNk6B4pNBnYxg2EEA8hqPGPU7L1GHiAmpcX7A9UQN8c:1pG8IP:MahFkretbi25wo1iYQPqr9EbixJmZsSlIuFUA_dzydw	2023-01-26 20:51:49.232-04
pqcywhoruuv0furssvtvwouw4ardu0h2	.eJxVjMEOwiAQRP-FsyECW2k9eu83kN1lkaqBpLQn47_bJj3oZQ7z3sxbBVyXHNYmc5iiuiqrTr8dIT-l7CA-sNyr5lqWeSK9K_qgTY81yut2uH8HGVve1skRRfYc2cqW0nOPXQIC75j4jGjckFIaLg4tmI4teG-jAXTgQYTU5wss8zkZ:1pJb4v:681ST965FZNRF9z0GLy0gskmW1ng20PPTBk9J2eC-oc	2023-02-05 10:12:13.138-04
sondu73830pn9aj91vio5xpdkk7ysdrb	.eJxVjMsOwiAQRf-FtSE8pgVcuvcbyAxMpWogKe3K-O_apAvd3nPOfYmI21ri1nmJcxZnYYw4_Y6E6cF1J_mO9dZkanVdZpK7Ig_a5bVlfl4O9--gYC_fOoBPBNarKTuApNBZbaaAHhUOBsgSaQ1DZgabjOfkrBqZyHsdbFajeH8A_MY3xg:1pJfPe:yoatLGDvSGp1In-SFlXKB7i4ozqcQML6B1-4OLi06D8	2023-02-05 14:49:54.325-04
sv0wcnxlywj2rzj4hcskzeui7xcc4hwp	.eJxVjEEOwiAQRe_C2hDAKVCX7nsGMjCDVA0kpV0Z765NutDtf-_9lwi4rSVsnZcwk7gII06_W8T04LoDumO9NZlaXZc5yl2RB-1yasTP6-H-HRTs5VuzAa-sGky2I2XySnuyqNk6B4pNBnYxg2EEA8hqPGPU7L1GHiAmpcX7A9UQN8c:1omMvA:-NVujNiIFk3WtU37uu8DlxsagEZDENZXhkmSS74gYGw	2022-11-05 18:24:48.475-04
sz479mpktqj3wasrwvjqsk9447xj91ci	.eJxVjEEOwiAQRe_C2hDAKVCX7nsGMjCDVA0kpV0Z765NutDtf-_9lwi4rSVsnZcwk7gII06_W8T04LoDumO9NZlaXZc5yl2RB-1yasTP6-H-HRTs5VuzAa-sGky2I2XySnuyqNk6B4pNBnYxg2EEA8hqPGPU7L1GHiAmpcX7A9UQN8c:1pAh5y:zq-ZSEjwAJJAUGUzTqaQAVmuNNm_bPI8HG-Dap0z19o	2023-01-11 20:48:30.551-04
tbi7rlme950i9lbhdudcfo2jfvvlhdad	.eJxVjEEOwiAQRe_C2hDAKVCX7nsGMjCDVA0kpV0Z765NutDtf-_9lwi4rSVsnZcwk7gII06_W8T04LoDumO9NZlaXZc5yl2RB-1yasTP6-H-HRTs5VuzAa-sGky2I2XySnuyqNk6B4pNBnYxg2EEA8hqPGPU7L1GHiAmpcX7A9UQN8c:1ov5kj:-LWh4EE2PBwu4dic7YZrUOZ85-wMc2XSRoE-5DRFwso	2022-11-29 19:54:05.593-04
ttt79dt24o0wgcnndg3teckl1xoexidt	.eJxVjMEOwiAQRP-FsyECW2k9eu83kN1lkaqBpLQn47_bJj3oZQ7z3sxbBVyXHNYmc5iiuiqrTr8dIT-l7CA-sNyr5lqWeSK9K_qgTY81yut2uH8HGVve1skRRfYc2cqW0nOPXQIC75j4jGjckFIaLg4tmI4teG-jAXTgQYTU5wss8zkZ:1pJGFP:Sw7gPyYZCoYy5yBkspP1--OIlj24Ng82NMNcy7ieXj4	2023-02-04 11:57:39.434-04
tvilntm8jb5d81n9e448zyypf0f7h7jb	.eJxVjEEOwiAQRe_C2hDAKVCX7nsGMjCDVA0kpV0Z765NutDtf-_9lwi4rSVsnZcwk7gII06_W8T04LoDumO9NZlaXZc5yl2RB-1yasTP6-H-HRTs5VuzAa-sGky2I2XySnuyqNk6B4pNBnYxg2EEA8hqPGPU7L1GHiAmpcX7A9UQN8c:1pF16y:9F9oI9dyaMs75ZlmAsPg2oCadl6xqBa60AipqyQhG_c	2023-01-23 18:59:24.513-04
v0wekqiko9m7latcv4l94t38ec4s0sei	.eJxVjEEOwiAQRe_C2hDAKVCX7nsGMjCDVA0kpV0Z765NutDtf-_9lwi4rSVsnZcwk7gII06_W8T04LoDumO9NZlaXZc5yl2RB-1yasTP6-H-HRTs5VuzAa-sGky2I2XySnuyqNk6B4pNBnYxg2EEA8hqPGPU7L1GHiAmpcX7A9UQN8c:1onWBR:lbuhBR2iNSWWEIMG3oT63U2mE5Rt8lnhH0Dt3jw_gHU	2022-11-08 22:30:21.826-04
v6j1j5aaopm588nzlcmcp1mvnz635bji	.eJxVjEEOwiAQRe_C2hDAKVCX7nsGMjCDVA0kpV0Z765NutDtf-_9lwi4rSVsnZcwk7gII06_W8T04LoDumO9NZlaXZc5yl2RB-1yasTP6-H-HRTs5VuzAa-sGky2I2XySnuyqNk6B4pNBnYxg2EEA8hqPGPU7L1GHiAmpcX7A9UQN8c:1ofC7O:hP1DXoWx815OluthsK8_jsZVO6YHg0ciuzZAtFXGVhs	2022-10-16 23:27:46.683-04
vh6tvohigwgrtkvcy8tcllr2o7s76ybf	.eJxVjEEOwiAQRe_C2hDAKVCX7nsGMjCDVA0kpV0Z765NutDtf-_9lwi4rSVsnZcwk7gII06_W8T04LoDumO9NZlaXZc5yl2RB-1yasTP6-H-HRTs5VuzAa-sGky2I2XySnuyqNk6B4pNBnYxg2EEA8hqPGPU7L1GHiAmpcX7A9UQN8c:1ouNNf:sX224ZFPPnpREjcrIPWBaGK9XdXt2YsewDbA4Yt9-DI	2022-11-27 20:31:19.697-04
vwm4pbedfwucvbeoa89na5v2fgyp5jff	.eJxVjEEOwiAQRe_C2hDAKVCX7nsGMjCDVA0kpV0Z765NutDtf-_9lwi4rSVsnZcwk7gII06_W8T04LoDumO9NZlaXZc5yl2RB-1yasTP6-H-HRTs5VuzAa-sGky2I2XySnuyqNk6B4pNBnYxg2EEA8hqPGPU7L1GHiAmpcX7A9UQN8c:1pEVYP:R9QBC4LsZjJ6UEyBBDF1MMiZAy70br0VR13wP6PhoOc	2023-01-22 09:17:37.067-04
y22tc3e0tq0gus61foge1ecvdugub8iw	.eJxVjEEOwiAQRe_C2hDAKVCX7nsGMjCDVA0kpV0Z765NutDtf-_9lwi4rSVsnZcwk7gII06_W8T04LoDumO9NZlaXZc5yl2RB-1yasTP6-H-HRTs5VuzAa-sGky2I2XySnuyqNk6B4pNBnYxg2EEA8hqPGPU7L1GHiAmpcX7A9UQN8c:1ok8aR:mdyieSvHBQA-AW0zNeCNWIwW-IEbNbPmaCYlS5TgXW4	2022-10-30 14:42:11.796-04
yt3868aiey8dsyzye83r9olttzzjihxr	.eJxVjMEOwiAQRP-FsyECW2k9eu83kN1lkaqBpLQn47_bJj3oZQ7z3sxbBVyXHNYmc5iiuiqrTr8dIT-l7CA-sNyr5lqWeSK9K_qgTY81yut2uH8HGVve1skRRfYc2cqW0nOPXQIC75j4jGjckFIaLg4tmI4teG-jAXTgQYTU5wss8zkZ:1pJhVt:7jS-Q-bOVNfLWjR9F1PNC9Jw1JISazMUZKbsnOdD8EY	2023-02-05 17:04:29.079-04
z4ov227jzur0b4d4zwy0bwhw9w09ew2b	e30:1pDcpg:MEKLMhwZBFinn7BwYybLS3dTG3Rn65y_fGZnPdx7m7E	2023-01-19 22:51:48.524-04
yewxhzj2fdu2bw5u5vrdgvkmn6k5019l	.eJxVjMEOwiAQRP-FsyECW2k9eu83kN1lkaqBpLQn47_bJj3oZQ7z3sxbBVyXHNYmc5iiuiqrTr8dIT-l7CA-sNyr5lqWeSK9K_qgTY81yut2uH8HGVve1skRRfYc2cqW0nOPXQIC75j4jGjckFIaLg4tmI4teG-jAXTgQYTU5wss8zkZ:1pORcm:i-Nb0PWlnITQY5V8Z5V0dL4bzcBJUOfhM8aBR0sjCDU	2023-02-18 19:07:12.580191-04
714oc7g4kf87ccwvd3w49gti7iueivs1	.eJxVjEEOwiAQRe_C2hAKyFCX7nsGMjCMVA1NSrsy3l1JutDtf-_9lwi4byXsLa9hJnER2onT7xgxPXLthO5Yb4tMS93WOcquyIM2OS2Un9fD_Tso2Mq3RoPAxoPlES1pBZ4jOHLeej3afFYKMHkmw3noKuMASlmj2ZlIHsX7AwYvOBQ:1pOVOj:h3aB7_y_XaqY-K0dDsYGo50j_DQyf0sSou085YhwmEk	2023-02-18 23:08:57.743662-04
4qiqtxw3rvk5236msdcnonm7op4ehkz0	.eJxVjMEOwiAQRP-FsyECW2k9eu83kN1lkaqBpLQn47_bJj3oZQ7z3sxbBVyXHNYmc5iiuiqrTr8dIT-l7CA-sNyr5lqWeSK9K_qgTY81yut2uH8HGVve1skRRfYc2cqW0nOPXQIC75j4jGjckFIaLg4tmI4teG-jAXTgQYTU5wss8zkZ:1pOiHg:ntrepweF_o0P8t1jwkmmglcxmkxWmxDYryGlx_sGqeM	2023-02-19 12:54:32.978985-04
e6egeati2h4lnas9dndsqr804jqdnwpq	.eJxVjMEOwiAQRP-FsyECW2k9eu83kN1lkaqBpLQn47_bJj3oZQ7z3sxbBVyXHNYmc5iiuiqrTr8dIT-l7CA-sNyr5lqWeSK9K_qgTY81yut2uH8HGVve1skRRfYc2cqW0nOPXQIC75j4jGjckFIaLg4tmI4teG-jAXTgQYTU5wss8zkZ:1pOikd:8vKDr-dpGObxwyZjJQHWBZqeiiq2vb3UUUPBCjEpcwg	2023-02-19 13:24:27.743452-04
v4jll9lmbb4k2i0m7jz3bsekhgiri1z8	.eJxVjMsOwiAQRf-FtSE8pgVcuvcbyAxMpWogKe3K-O_apAvd3nPOfYmI21ri1nmJcxZnYYw4_Y6E6cF1J_mO9dZkanVdZpK7Ig_a5bVlfl4O9--gYC_fOoBPBNarKTuApNBZbaaAHhUOBsgSaQ1DZgabjOfkrBqZyHsdbFajeH8A_MY3xg:1pOli7:58T1t1luAaQdDhlRMPN8d_PFFHOu5Ea8I9wjqszD5L4	2023-02-19 16:34:03.510707-04
8036mzmq3zmq0mr57p7hmpat209nxrwy	.eJxVjEEOwiAQRe_C2hAKyFCX7nsGMjCMVA1NSrsy3l1JutDtf-_9lwi4byXsLa9hJnER2onT7xgxPXLthO5Yb4tMS93WOcquyIM2OS2Un9fD_Tso2Mq3RoPAxoPlES1pBZ4jOHLeej3afFYKMHkmw3noKuMASlmj2ZlIHsX7AwYvOBQ:1pOozI:XqPKc5U97S9JxYZlo5AE4dps8YdG6A9UGm-0p4ynnT4	2023-02-19 20:04:00.609524-04
\.


--
-- Data for Name: ip_logger_ipaddress; Type: TABLE DATA; Schema: public; Owner: postgres
--

COPY public.ip_logger_ipaddress (id, ip, init_visit, last_visit) FROM stdin;
1	127.0.0.1	2023-02-04 22:07:38.330056-04	2023-02-05 23:52:04.624428-04
\.


--
-- Name: auth_group_id_seq; Type: SEQUENCE SET; Schema: public; Owner: postgres
--

SELECT pg_catalog.setval('public.auth_group_id_seq', 7, true);


--
-- Name: auth_group_permissions_id_seq; Type: SEQUENCE SET; Schema: public; Owner: postgres
--

SELECT pg_catalog.setval('public.auth_group_permissions_id_seq', 1, false);


--
-- Name: auth_permission_id_seq; Type: SEQUENCE SET; Schema: public; Owner: postgres
--

SELECT pg_catalog.setval('public.auth_permission_id_seq', 124, true);


--
-- Name: cities_light_city_id_seq; Type: SEQUENCE SET; Schema: public; Owner: postgres
--

SELECT pg_catalog.setval('public.cities_light_city_id_seq', 207, true);


--
-- Name: cities_light_country_id_seq; Type: SEQUENCE SET; Schema: public; Owner: postgres
--

SELECT pg_catalog.setval('public.cities_light_country_id_seq', 1, true);


--
-- Name: cities_light_region_id_seq; Type: SEQUENCE SET; Schema: public; Owner: postgres
--

SELECT pg_catalog.setval('public.cities_light_region_id_seq', 25, true);


--
-- Name: cities_light_subregion_id_seq; Type: SEQUENCE SET; Schema: public; Owner: postgres
--

SELECT pg_catalog.setval('public.cities_light_subregion_id_seq', 335, true);


--
-- Name: core_address_id_seq; Type: SEQUENCE SET; Schema: public; Owner: postgres
--

SELECT pg_catalog.setval('public.core_address_id_seq', 7, true);


--
-- Name: core_assistance_id_seq; Type: SEQUENCE SET; Schema: public; Owner: postgres
--

SELECT pg_catalog.setval('public.core_assistance_id_seq', 4, true);


--
-- Name: core_brand_id_seq; Type: SEQUENCE SET; Schema: public; Owner: postgres
--

SELECT pg_catalog.setval('public.core_brand_id_seq', 5, true);


--
-- Name: core_cartitem_id_seq; Type: SEQUENCE SET; Schema: public; Owner: postgres
--

SELECT pg_catalog.setval('public.core_cartitem_id_seq', 83, true);


--
-- Name: core_category_id_seq; Type: SEQUENCE SET; Schema: public; Owner: postgres
--

SELECT pg_catalog.setval('public.core_category_id_seq', 6, true);


--
-- Name: core_channelgroup_id_seq; Type: SEQUENCE SET; Schema: public; Owner: postgres
--

SELECT pg_catalog.setval('public.core_channelgroup_id_seq', 2, true);


--
-- Name: core_config_id_seq; Type: SEQUENCE SET; Schema: public; Owner: postgres
--

SELECT pg_catalog.setval('public.core_config_id_seq', 1, true);


--
-- Name: core_externalpayment_id_seq; Type: SEQUENCE SET; Schema: public; Owner: postgres
--

SELECT pg_catalog.setval('public.core_externalpayment_id_seq', 8, true);


--
-- Name: core_giftcard_id_seq; Type: SEQUENCE SET; Schema: public; Owner: postgres
--

SELECT pg_catalog.setval('public.core_giftcard_id_seq', 1, false);


--
-- Name: core_info_id_seq; Type: SEQUENCE SET; Schema: public; Owner: postgres
--

SELECT pg_catalog.setval('public.core_info_id_seq', 2, true);


--
-- Name: core_media_id_seq; Type: SEQUENCE SET; Schema: public; Owner: postgres
--

SELECT pg_catalog.setval('public.core_media_id_seq', 57, true);


--
-- Name: core_message_id_seq; Type: SEQUENCE SET; Schema: public; Owner: postgres
--

SELECT pg_catalog.setval('public.core_message_id_seq', 48, true);


--
-- Name: core_notification_id_seq; Type: SEQUENCE SET; Schema: public; Owner: postgres
--

SELECT pg_catalog.setval('public.core_notification_id_seq', 7, true);


--
-- Name: core_order_id_seq; Type: SEQUENCE SET; Schema: public; Owner: postgres
--

SELECT pg_catalog.setval('public.core_order_id_seq', 117, true);


--
-- Name: core_productorder_id_seq; Type: SEQUENCE SET; Schema: public; Owner: postgres
--

SELECT pg_catalog.setval('public.core_productorder_id_seq', 213, true);


--
-- Name: core_products_id_seq; Type: SEQUENCE SET; Schema: public; Owner: postgres
--

SELECT pg_catalog.setval('public.core_products_id_seq', 238, true);


--
-- Name: core_products_photos_id_seq; Type: SEQUENCE SET; Schema: public; Owner: postgres
--

SELECT pg_catalog.setval('public.core_products_photos_id_seq', 27, true);


--
-- Name: core_review_id_seq; Type: SEQUENCE SET; Schema: public; Owner: postgres
--

SELECT pg_catalog.setval('public.core_review_id_seq', 308, true);


--
-- Name: core_store_id_seq; Type: SEQUENCE SET; Schema: public; Owner: postgres
--

SELECT pg_catalog.setval('public.core_store_id_seq', 15, true);


--
-- Name: core_user_groups_id_seq; Type: SEQUENCE SET; Schema: public; Owner: postgres
--

SELECT pg_catalog.setval('public.core_user_groups_id_seq', 12, true);


--
-- Name: core_user_id_seq; Type: SEQUENCE SET; Schema: public; Owner: postgres
--

SELECT pg_catalog.setval('public.core_user_id_seq', 26, true);


--
-- Name: core_user_user_permissions_id_seq; Type: SEQUENCE SET; Schema: public; Owner: postgres
--

SELECT pg_catalog.setval('public.core_user_user_permissions_id_seq', 4, true);


--
-- Name: core_wish_id_seq; Type: SEQUENCE SET; Schema: public; Owner: postgres
--

SELECT pg_catalog.setval('public.core_wish_id_seq', 1, true);


--
-- Name: django_admin_log_id_seq; Type: SEQUENCE SET; Schema: public; Owner: postgres
--

SELECT pg_catalog.setval('public.django_admin_log_id_seq', 251, true);


--
-- Name: django_content_type_id_seq; Type: SEQUENCE SET; Schema: public; Owner: postgres
--

SELECT pg_catalog.setval('public.django_content_type_id_seq', 31, true);


--
-- Name: django_migrations_id_seq; Type: SEQUENCE SET; Schema: public; Owner: postgres
--

SELECT pg_catalog.setval('public.django_migrations_id_seq', 53, true);


--
-- Name: ip_logger_ipaddress_id_seq; Type: SEQUENCE SET; Schema: public; Owner: postgres
--

SELECT pg_catalog.setval('public.ip_logger_ipaddress_id_seq', 1, true);


--
-- Name: auth_group auth_group_name_key; Type: CONSTRAINT; Schema: public; Owner: postgres
--

ALTER TABLE ONLY public.auth_group
    ADD CONSTRAINT auth_group_name_key UNIQUE (name);


--
-- Name: auth_group_permissions auth_group_permissions_group_id_permission_id_0cd325b0_uniq; Type: CONSTRAINT; Schema: public; Owner: postgres
--

ALTER TABLE ONLY public.auth_group_permissions
    ADD CONSTRAINT auth_group_permissions_group_id_permission_id_0cd325b0_uniq UNIQUE (group_id, permission_id);


--
-- Name: auth_group_permissions auth_group_permissions_pkey; Type: CONSTRAINT; Schema: public; Owner: postgres
--

ALTER TABLE ONLY public.auth_group_permissions
    ADD CONSTRAINT auth_group_permissions_pkey PRIMARY KEY (id);


--
-- Name: auth_group auth_group_pkey; Type: CONSTRAINT; Schema: public; Owner: postgres
--

ALTER TABLE ONLY public.auth_group
    ADD CONSTRAINT auth_group_pkey PRIMARY KEY (id);


--
-- Name: auth_permission auth_permission_content_type_id_codename_01ab375a_uniq; Type: CONSTRAINT; Schema: public; Owner: postgres
--

ALTER TABLE ONLY public.auth_permission
    ADD CONSTRAINT auth_permission_content_type_id_codename_01ab375a_uniq UNIQUE (content_type_id, codename);


--
-- Name: auth_permission auth_permission_pkey; Type: CONSTRAINT; Schema: public; Owner: postgres
--

ALTER TABLE ONLY public.auth_permission
    ADD CONSTRAINT auth_permission_pkey PRIMARY KEY (id);


--
-- Name: cities_light_city cities_light_city_geoname_id_key; Type: CONSTRAINT; Schema: public; Owner: postgres
--

ALTER TABLE ONLY public.cities_light_city
    ADD CONSTRAINT cities_light_city_geoname_id_key UNIQUE (geoname_id);


--
-- Name: cities_light_city cities_light_city_pkey; Type: CONSTRAINT; Schema: public; Owner: postgres
--

ALTER TABLE ONLY public.cities_light_city
    ADD CONSTRAINT cities_light_city_pkey PRIMARY KEY (id);


--
-- Name: cities_light_city cities_light_city_region_id_subregion_id_name_cdfc77ea_uniq; Type: CONSTRAINT; Schema: public; Owner: postgres
--

ALTER TABLE ONLY public.cities_light_city
    ADD CONSTRAINT cities_light_city_region_id_subregion_id_name_cdfc77ea_uniq UNIQUE (region_id, subregion_id, name);


--
-- Name: cities_light_city cities_light_city_region_id_subregion_id_slug_efb2e768_uniq; Type: CONSTRAINT; Schema: public; Owner: postgres
--

ALTER TABLE ONLY public.cities_light_city
    ADD CONSTRAINT cities_light_city_region_id_subregion_id_slug_efb2e768_uniq UNIQUE (region_id, subregion_id, slug);


--
-- Name: cities_light_country cities_light_country_code2_key; Type: CONSTRAINT; Schema: public; Owner: postgres
--

ALTER TABLE ONLY public.cities_light_country
    ADD CONSTRAINT cities_light_country_code2_key UNIQUE (code2);


--
-- Name: cities_light_country cities_light_country_code3_key; Type: CONSTRAINT; Schema: public; Owner: postgres
--

ALTER TABLE ONLY public.cities_light_country
    ADD CONSTRAINT cities_light_country_code3_key UNIQUE (code3);


--
-- Name: cities_light_country cities_light_country_geoname_id_key; Type: CONSTRAINT; Schema: public; Owner: postgres
--

ALTER TABLE ONLY public.cities_light_country
    ADD CONSTRAINT cities_light_country_geoname_id_key UNIQUE (geoname_id);


--
-- Name: cities_light_country cities_light_country_pkey; Type: CONSTRAINT; Schema: public; Owner: postgres
--

ALTER TABLE ONLY public.cities_light_country
    ADD CONSTRAINT cities_light_country_pkey PRIMARY KEY (id);


--
-- Name: cities_light_region cities_light_region_country_id_name_6e5b3799_uniq; Type: CONSTRAINT; Schema: public; Owner: postgres
--

ALTER TABLE ONLY public.cities_light_region
    ADD CONSTRAINT cities_light_region_country_id_name_6e5b3799_uniq UNIQUE (country_id, name);


--
-- Name: cities_light_region cities_light_region_country_id_slug_3dd02103_uniq; Type: CONSTRAINT; Schema: public; Owner: postgres
--

ALTER TABLE ONLY public.cities_light_region
    ADD CONSTRAINT cities_light_region_country_id_slug_3dd02103_uniq UNIQUE (country_id, slug);


--
-- Name: cities_light_region cities_light_region_geoname_id_key; Type: CONSTRAINT; Schema: public; Owner: postgres
--

ALTER TABLE ONLY public.cities_light_region
    ADD CONSTRAINT cities_light_region_geoname_id_key UNIQUE (geoname_id);


--
-- Name: cities_light_region cities_light_region_pkey; Type: CONSTRAINT; Schema: public; Owner: postgres
--

ALTER TABLE ONLY public.cities_light_region
    ADD CONSTRAINT cities_light_region_pkey PRIMARY KEY (id);


--
-- Name: cities_light_subregion cities_light_subregion_geoname_id_key; Type: CONSTRAINT; Schema: public; Owner: postgres
--

ALTER TABLE ONLY public.cities_light_subregion
    ADD CONSTRAINT cities_light_subregion_geoname_id_key UNIQUE (geoname_id);


--
-- Name: cities_light_subregion cities_light_subregion_pkey; Type: CONSTRAINT; Schema: public; Owner: postgres
--

ALTER TABLE ONLY public.cities_light_subregion
    ADD CONSTRAINT cities_light_subregion_pkey PRIMARY KEY (id);


--
-- Name: core_address core_address_pkey; Type: CONSTRAINT; Schema: public; Owner: postgres
--

ALTER TABLE ONLY public.core_address
    ADD CONSTRAINT core_address_pkey PRIMARY KEY (id);


--
-- Name: core_assistance core_assistance_pkey; Type: CONSTRAINT; Schema: public; Owner: postgres
--

ALTER TABLE ONLY public.core_assistance
    ADD CONSTRAINT core_assistance_pkey PRIMARY KEY (id);


--
-- Name: core_brand core_brand_pkey; Type: CONSTRAINT; Schema: public; Owner: postgres
--

ALTER TABLE ONLY public.core_brand
    ADD CONSTRAINT core_brand_pkey PRIMARY KEY (id);


--
-- Name: core_cart core_cart_pkey; Type: CONSTRAINT; Schema: public; Owner: postgres
--

ALTER TABLE ONLY public.core_cart
    ADD CONSTRAINT core_cart_pkey PRIMARY KEY (id);


--
-- Name: core_cart core_cart_user_id_key; Type: CONSTRAINT; Schema: public; Owner: postgres
--

ALTER TABLE ONLY public.core_cart
    ADD CONSTRAINT core_cart_user_id_key UNIQUE (user_id);


--
-- Name: core_cartitem core_cartitem_pkey; Type: CONSTRAINT; Schema: public; Owner: postgres
--

ALTER TABLE ONLY public.core_cartitem
    ADD CONSTRAINT core_cartitem_pkey PRIMARY KEY (id);


--
-- Name: core_category core_category_pkey; Type: CONSTRAINT; Schema: public; Owner: postgres
--

ALTER TABLE ONLY public.core_category
    ADD CONSTRAINT core_category_pkey PRIMARY KEY (id);


--
-- Name: core_channelgroup core_channelgroup_name_key; Type: CONSTRAINT; Schema: public; Owner: postgres
--

ALTER TABLE ONLY public.core_channelgroup
    ADD CONSTRAINT core_channelgroup_name_key UNIQUE (name);


--
-- Name: core_channelgroup core_channelgroup_pkey; Type: CONSTRAINT; Schema: public; Owner: postgres
--

ALTER TABLE ONLY public.core_channelgroup
    ADD CONSTRAINT core_channelgroup_pkey PRIMARY KEY (id);


--
-- Name: core_config core_config_pkey; Type: CONSTRAINT; Schema: public; Owner: postgres
--

ALTER TABLE ONLY public.core_config
    ADD CONSTRAINT core_config_pkey PRIMARY KEY (id);


--
-- Name: core_externalpayment core_externalpayment_payment_id_key; Type: CONSTRAINT; Schema: public; Owner: postgres
--

ALTER TABLE ONLY public.core_externalpayment
    ADD CONSTRAINT core_externalpayment_payment_id_key UNIQUE (payment_id);


--
-- Name: core_externalpayment core_externalpayment_pkey; Type: CONSTRAINT; Schema: public; Owner: postgres
--

ALTER TABLE ONLY public.core_externalpayment
    ADD CONSTRAINT core_externalpayment_pkey PRIMARY KEY (id);


--
-- Name: core_giftcard core_giftcard_code_key; Type: CONSTRAINT; Schema: public; Owner: postgres
--

ALTER TABLE ONLY public.core_giftcard
    ADD CONSTRAINT core_giftcard_code_key UNIQUE (code);


--
-- Name: core_giftcard core_giftcard_pkey; Type: CONSTRAINT; Schema: public; Owner: postgres
--

ALTER TABLE ONLY public.core_giftcard
    ADD CONSTRAINT core_giftcard_pkey PRIMARY KEY (id);


--
-- Name: core_info core_info_document_number_key; Type: CONSTRAINT; Schema: public; Owner: postgres
--

ALTER TABLE ONLY public.core_info
    ADD CONSTRAINT core_info_document_number_key UNIQUE (document_number);


--
-- Name: core_info core_info_pkey; Type: CONSTRAINT; Schema: public; Owner: postgres
--

ALTER TABLE ONLY public.core_info
    ADD CONSTRAINT core_info_pkey PRIMARY KEY (id);


--
-- Name: core_info core_info_user_id_key; Type: CONSTRAINT; Schema: public; Owner: postgres
--

ALTER TABLE ONLY public.core_info
    ADD CONSTRAINT core_info_user_id_key UNIQUE (user_id);


--
-- Name: core_media core_media_pkey; Type: CONSTRAINT; Schema: public; Owner: postgres
--

ALTER TABLE ONLY public.core_media
    ADD CONSTRAINT core_media_pkey PRIMARY KEY (id);


--
-- Name: core_message core_message_pkey; Type: CONSTRAINT; Schema: public; Owner: postgres
--

ALTER TABLE ONLY public.core_message
    ADD CONSTRAINT core_message_pkey PRIMARY KEY (id);


--
-- Name: core_notification core_notification_pkey; Type: CONSTRAINT; Schema: public; Owner: postgres
--

ALTER TABLE ONLY public.core_notification
    ADD CONSTRAINT core_notification_pkey PRIMARY KEY (id);


--
-- Name: core_order core_order_pkey; Type: CONSTRAINT; Schema: public; Owner: postgres
--

ALTER TABLE ONLY public.core_order
    ADD CONSTRAINT core_order_pkey PRIMARY KEY (id);


--
-- Name: core_productorder core_productorder_pkey; Type: CONSTRAINT; Schema: public; Owner: postgres
--

ALTER TABLE ONLY public.core_productorder
    ADD CONSTRAINT core_productorder_pkey PRIMARY KEY (id);


--
-- Name: core_products_photos core_products_photos_pkey; Type: CONSTRAINT; Schema: public; Owner: postgres
--

ALTER TABLE ONLY public.core_products_photos
    ADD CONSTRAINT core_products_photos_pkey PRIMARY KEY (id);


--
-- Name: core_products_photos core_products_photos_products_id_media_id_966dd9b0_uniq; Type: CONSTRAINT; Schema: public; Owner: postgres
--

ALTER TABLE ONLY public.core_products_photos
    ADD CONSTRAINT core_products_photos_products_id_media_id_966dd9b0_uniq UNIQUE (products_id, media_id);


--
-- Name: core_products core_products_pkey; Type: CONSTRAINT; Schema: public; Owner: postgres
--

ALTER TABLE ONLY public.core_products
    ADD CONSTRAINT core_products_pkey PRIMARY KEY (id);


--
-- Name: core_products core_products_product_slug_key; Type: CONSTRAINT; Schema: public; Owner: postgres
--

ALTER TABLE ONLY public.core_products
    ADD CONSTRAINT core_products_product_slug_key UNIQUE (product_slug);


--
-- Name: core_review core_review_pkey; Type: CONSTRAINT; Schema: public; Owner: postgres
--

ALTER TABLE ONLY public.core_review
    ADD CONSTRAINT core_review_pkey PRIMARY KEY (id);


--
-- Name: core_store core_store_bussiness_legal_id_key; Type: CONSTRAINT; Schema: public; Owner: postgres
--

ALTER TABLE ONLY public.core_store
    ADD CONSTRAINT core_store_bussiness_legal_id_key UNIQUE (bussiness_legal_id);


--
-- Name: core_store core_store_config_id_key; Type: CONSTRAINT; Schema: public; Owner: postgres
--

ALTER TABLE ONLY public.core_store
    ADD CONSTRAINT core_store_config_id_key UNIQUE (config_id);


--
-- Name: core_store core_store_pkey; Type: CONSTRAINT; Schema: public; Owner: postgres
--

ALTER TABLE ONLY public.core_store
    ADD CONSTRAINT core_store_pkey PRIMARY KEY (id);


--
-- Name: core_store core_store_slug_key; Type: CONSTRAINT; Schema: public; Owner: postgres
--

ALTER TABLE ONLY public.core_store
    ADD CONSTRAINT core_store_slug_key UNIQUE (slug);


--
-- Name: core_user core_user_email_key; Type: CONSTRAINT; Schema: public; Owner: postgres
--

ALTER TABLE ONLY public.core_user
    ADD CONSTRAINT core_user_email_key UNIQUE (email);


--
-- Name: core_user_groups core_user_groups_pkey; Type: CONSTRAINT; Schema: public; Owner: postgres
--

ALTER TABLE ONLY public.core_user_groups
    ADD CONSTRAINT core_user_groups_pkey PRIMARY KEY (id);


--
-- Name: core_user_groups core_user_groups_user_id_group_id_c82fcad1_uniq; Type: CONSTRAINT; Schema: public; Owner: postgres
--

ALTER TABLE ONLY public.core_user_groups
    ADD CONSTRAINT core_user_groups_user_id_group_id_c82fcad1_uniq UNIQUE (user_id, group_id);


--
-- Name: core_user core_user_pkey; Type: CONSTRAINT; Schema: public; Owner: postgres
--

ALTER TABLE ONLY public.core_user
    ADD CONSTRAINT core_user_pkey PRIMARY KEY (id);


--
-- Name: core_user_user_permissions core_user_user_permissions_pkey; Type: CONSTRAINT; Schema: public; Owner: postgres
--

ALTER TABLE ONLY public.core_user_user_permissions
    ADD CONSTRAINT core_user_user_permissions_pkey PRIMARY KEY (id);


--
-- Name: core_user_user_permissions core_user_user_permissions_user_id_permission_id_73ea0daa_uniq; Type: CONSTRAINT; Schema: public; Owner: postgres
--

ALTER TABLE ONLY public.core_user_user_permissions
    ADD CONSTRAINT core_user_user_permissions_user_id_permission_id_73ea0daa_uniq UNIQUE (user_id, permission_id);


--
-- Name: core_wish core_wish_pkey; Type: CONSTRAINT; Schema: public; Owner: postgres
--

ALTER TABLE ONLY public.core_wish
    ADD CONSTRAINT core_wish_pkey PRIMARY KEY (id);


--
-- Name: django_admin_log django_admin_log_pkey; Type: CONSTRAINT; Schema: public; Owner: postgres
--

ALTER TABLE ONLY public.django_admin_log
    ADD CONSTRAINT django_admin_log_pkey PRIMARY KEY (id);


--
-- Name: django_content_type django_content_type_app_label_model_76bd3d3b_uniq; Type: CONSTRAINT; Schema: public; Owner: postgres
--

ALTER TABLE ONLY public.django_content_type
    ADD CONSTRAINT django_content_type_app_label_model_76bd3d3b_uniq UNIQUE (app_label, model);


--
-- Name: django_content_type django_content_type_pkey; Type: CONSTRAINT; Schema: public; Owner: postgres
--

ALTER TABLE ONLY public.django_content_type
    ADD CONSTRAINT django_content_type_pkey PRIMARY KEY (id);


--
-- Name: django_migrations django_migrations_pkey; Type: CONSTRAINT; Schema: public; Owner: postgres
--

ALTER TABLE ONLY public.django_migrations
    ADD CONSTRAINT django_migrations_pkey PRIMARY KEY (id);


--
-- Name: django_session django_session_pkey; Type: CONSTRAINT; Schema: public; Owner: postgres
--

ALTER TABLE ONLY public.django_session
    ADD CONSTRAINT django_session_pkey PRIMARY KEY (session_key);


--
-- Name: ip_logger_ipaddress ip_logger_ipaddress_ip_key; Type: CONSTRAINT; Schema: public; Owner: postgres
--

ALTER TABLE ONLY public.ip_logger_ipaddress
    ADD CONSTRAINT ip_logger_ipaddress_ip_key UNIQUE (ip);


--
-- Name: ip_logger_ipaddress ip_logger_ipaddress_pkey; Type: CONSTRAINT; Schema: public; Owner: postgres
--

ALTER TABLE ONLY public.ip_logger_ipaddress
    ADD CONSTRAINT ip_logger_ipaddress_pkey PRIMARY KEY (id);


--
-- Name: core_wish unique product per user; Type: CONSTRAINT; Schema: public; Owner: postgres
--

ALTER TABLE ONLY public.core_wish
    ADD CONSTRAINT "unique product per user" UNIQUE (product_id, user_id);


--
-- Name: auth_group_name_a6ea08ec_like; Type: INDEX; Schema: public; Owner: postgres
--

CREATE INDEX auth_group_name_a6ea08ec_like ON public.auth_group USING btree (name varchar_pattern_ops);


--
-- Name: auth_group_permissions_group_id_b120cbf9; Type: INDEX; Schema: public; Owner: postgres
--

CREATE INDEX auth_group_permissions_group_id_b120cbf9 ON public.auth_group_permissions USING btree (group_id);


--
-- Name: auth_group_permissions_permission_id_84c5c92e; Type: INDEX; Schema: public; Owner: postgres
--

CREATE INDEX auth_group_permissions_permission_id_84c5c92e ON public.auth_group_permissions USING btree (permission_id);


--
-- Name: auth_permission_content_type_id_2f476e4b; Type: INDEX; Schema: public; Owner: postgres
--

CREATE INDEX auth_permission_content_type_id_2f476e4b ON public.auth_permission USING btree (content_type_id);


--
-- Name: cities_light_city_country_id_cf310fd2; Type: INDEX; Schema: public; Owner: postgres
--

CREATE INDEX cities_light_city_country_id_cf310fd2 ON public.cities_light_city USING btree (country_id);


--
-- Name: cities_light_city_feature_code_d43c9217; Type: INDEX; Schema: public; Owner: postgres
--

CREATE INDEX cities_light_city_feature_code_d43c9217 ON public.cities_light_city USING btree (feature_code);


--
-- Name: cities_light_city_feature_code_d43c9217_like; Type: INDEX; Schema: public; Owner: postgres
--

CREATE INDEX cities_light_city_feature_code_d43c9217_like ON public.cities_light_city USING btree (feature_code varchar_pattern_ops);


--
-- Name: cities_light_city_name_4859e2a5; Type: INDEX; Schema: public; Owner: postgres
--

CREATE INDEX cities_light_city_name_4859e2a5 ON public.cities_light_city USING btree (name);


--
-- Name: cities_light_city_name_4859e2a5_like; Type: INDEX; Schema: public; Owner: postgres
--

CREATE INDEX cities_light_city_name_4859e2a5_like ON public.cities_light_city USING btree (name varchar_pattern_ops);


--
-- Name: cities_light_city_name_ascii_1e56323b; Type: INDEX; Schema: public; Owner: postgres
--

CREATE INDEX cities_light_city_name_ascii_1e56323b ON public.cities_light_city USING btree (name_ascii);


--
-- Name: cities_light_city_name_ascii_1e56323b_like; Type: INDEX; Schema: public; Owner: postgres
--

CREATE INDEX cities_light_city_name_ascii_1e56323b_like ON public.cities_light_city USING btree (name_ascii varchar_pattern_ops);


--
-- Name: cities_light_city_population_d597eeb6; Type: INDEX; Schema: public; Owner: postgres
--

CREATE INDEX cities_light_city_population_d597eeb6 ON public.cities_light_city USING btree (population);


--
-- Name: cities_light_city_region_id_f7ab977b; Type: INDEX; Schema: public; Owner: postgres
--

CREATE INDEX cities_light_city_region_id_f7ab977b ON public.cities_light_city USING btree (region_id);


--
-- Name: cities_light_city_search_names_fb77fed2; Type: INDEX; Schema: public; Owner: postgres
--

CREATE INDEX cities_light_city_search_names_fb77fed2 ON public.cities_light_city USING btree (search_names);


--
-- Name: cities_light_city_search_names_fb77fed2_like; Type: INDEX; Schema: public; Owner: postgres
--

CREATE INDEX cities_light_city_search_names_fb77fed2_like ON public.cities_light_city USING btree (search_names text_pattern_ops);


--
-- Name: cities_light_city_slug_cb2251f8; Type: INDEX; Schema: public; Owner: postgres
--

CREATE INDEX cities_light_city_slug_cb2251f8 ON public.cities_light_city USING btree (slug);


--
-- Name: cities_light_city_slug_cb2251f8_like; Type: INDEX; Schema: public; Owner: postgres
--

CREATE INDEX cities_light_city_slug_cb2251f8_like ON public.cities_light_city USING btree (slug varchar_pattern_ops);


--
-- Name: cities_light_city_subregion_id_0926d2ad; Type: INDEX; Schema: public; Owner: postgres
--

CREATE INDEX cities_light_city_subregion_id_0926d2ad ON public.cities_light_city USING btree (subregion_id);


--
-- Name: cities_light_city_timezone_0fb51b1e; Type: INDEX; Schema: public; Owner: postgres
--

CREATE INDEX cities_light_city_timezone_0fb51b1e ON public.cities_light_city USING btree (timezone);


--
-- Name: cities_light_city_timezone_0fb51b1e_like; Type: INDEX; Schema: public; Owner: postgres
--

CREATE INDEX cities_light_city_timezone_0fb51b1e_like ON public.cities_light_city USING btree (timezone varchar_pattern_ops);


--
-- Name: cities_light_country_code2_69c32e9a_like; Type: INDEX; Schema: public; Owner: postgres
--

CREATE INDEX cities_light_country_code2_69c32e9a_like ON public.cities_light_country USING btree (code2 varchar_pattern_ops);


--
-- Name: cities_light_country_code3_89d251fa_like; Type: INDEX; Schema: public; Owner: postgres
--

CREATE INDEX cities_light_country_code3_89d251fa_like ON public.cities_light_country USING btree (code3 varchar_pattern_ops);


--
-- Name: cities_light_country_continent_e2c412a4; Type: INDEX; Schema: public; Owner: postgres
--

CREATE INDEX cities_light_country_continent_e2c412a4 ON public.cities_light_country USING btree (continent);


--
-- Name: cities_light_country_continent_e2c412a4_like; Type: INDEX; Schema: public; Owner: postgres
--

CREATE INDEX cities_light_country_continent_e2c412a4_like ON public.cities_light_country USING btree (continent varchar_pattern_ops);


--
-- Name: cities_light_country_name_1d61d0d2; Type: INDEX; Schema: public; Owner: postgres
--

CREATE INDEX cities_light_country_name_1d61d0d2 ON public.cities_light_country USING btree (name);


--
-- Name: cities_light_country_name_1d61d0d2_like; Type: INDEX; Schema: public; Owner: postgres
--

CREATE INDEX cities_light_country_name_1d61d0d2_like ON public.cities_light_country USING btree (name varchar_pattern_ops);


--
-- Name: cities_light_country_name_ascii_648cc5e3; Type: INDEX; Schema: public; Owner: postgres
--

CREATE INDEX cities_light_country_name_ascii_648cc5e3 ON public.cities_light_country USING btree (name_ascii);


--
-- Name: cities_light_country_name_ascii_648cc5e3_like; Type: INDEX; Schema: public; Owner: postgres
--

CREATE INDEX cities_light_country_name_ascii_648cc5e3_like ON public.cities_light_country USING btree (name_ascii varchar_pattern_ops);


--
-- Name: cities_light_country_slug_3707a22c; Type: INDEX; Schema: public; Owner: postgres
--

CREATE INDEX cities_light_country_slug_3707a22c ON public.cities_light_country USING btree (slug);


--
-- Name: cities_light_country_slug_3707a22c_like; Type: INDEX; Schema: public; Owner: postgres
--

CREATE INDEX cities_light_country_slug_3707a22c_like ON public.cities_light_country USING btree (slug varchar_pattern_ops);


--
-- Name: cities_light_country_tld_1fb2faaa; Type: INDEX; Schema: public; Owner: postgres
--

CREATE INDEX cities_light_country_tld_1fb2faaa ON public.cities_light_country USING btree (tld);


--
-- Name: cities_light_country_tld_1fb2faaa_like; Type: INDEX; Schema: public; Owner: postgres
--

CREATE INDEX cities_light_country_tld_1fb2faaa_like ON public.cities_light_country USING btree (tld varchar_pattern_ops);


--
-- Name: cities_light_region_country_id_b2782d49; Type: INDEX; Schema: public; Owner: postgres
--

CREATE INDEX cities_light_region_country_id_b2782d49 ON public.cities_light_region USING btree (country_id);


--
-- Name: cities_light_region_geoname_code_1b0d4e58; Type: INDEX; Schema: public; Owner: postgres
--

CREATE INDEX cities_light_region_geoname_code_1b0d4e58 ON public.cities_light_region USING btree (geoname_code);


--
-- Name: cities_light_region_geoname_code_1b0d4e58_like; Type: INDEX; Schema: public; Owner: postgres
--

CREATE INDEX cities_light_region_geoname_code_1b0d4e58_like ON public.cities_light_region USING btree (geoname_code varchar_pattern_ops);


--
-- Name: cities_light_region_name_775f9496; Type: INDEX; Schema: public; Owner: postgres
--

CREATE INDEX cities_light_region_name_775f9496 ON public.cities_light_region USING btree (name);


--
-- Name: cities_light_region_name_775f9496_like; Type: INDEX; Schema: public; Owner: postgres
--

CREATE INDEX cities_light_region_name_775f9496_like ON public.cities_light_region USING btree (name varchar_pattern_ops);


--
-- Name: cities_light_region_name_ascii_f085cb82; Type: INDEX; Schema: public; Owner: postgres
--

CREATE INDEX cities_light_region_name_ascii_f085cb82 ON public.cities_light_region USING btree (name_ascii);


--
-- Name: cities_light_region_name_ascii_f085cb82_like; Type: INDEX; Schema: public; Owner: postgres
--

CREATE INDEX cities_light_region_name_ascii_f085cb82_like ON public.cities_light_region USING btree (name_ascii varchar_pattern_ops);


--
-- Name: cities_light_region_slug_1653969f; Type: INDEX; Schema: public; Owner: postgres
--

CREATE INDEX cities_light_region_slug_1653969f ON public.cities_light_region USING btree (slug);


--
-- Name: cities_light_region_slug_1653969f_like; Type: INDEX; Schema: public; Owner: postgres
--

CREATE INDEX cities_light_region_slug_1653969f_like ON public.cities_light_region USING btree (slug varchar_pattern_ops);


--
-- Name: cities_light_subregion_country_id_9b32b484; Type: INDEX; Schema: public; Owner: postgres
--

CREATE INDEX cities_light_subregion_country_id_9b32b484 ON public.cities_light_subregion USING btree (country_id);


--
-- Name: cities_light_subregion_geoname_code_843acdc3; Type: INDEX; Schema: public; Owner: postgres
--

CREATE INDEX cities_light_subregion_geoname_code_843acdc3 ON public.cities_light_subregion USING btree (geoname_code);


--
-- Name: cities_light_subregion_geoname_code_843acdc3_like; Type: INDEX; Schema: public; Owner: postgres
--

CREATE INDEX cities_light_subregion_geoname_code_843acdc3_like ON public.cities_light_subregion USING btree (geoname_code varchar_pattern_ops);


--
-- Name: cities_light_subregion_name_2882337e; Type: INDEX; Schema: public; Owner: postgres
--

CREATE INDEX cities_light_subregion_name_2882337e ON public.cities_light_subregion USING btree (name);


--
-- Name: cities_light_subregion_name_2882337e_like; Type: INDEX; Schema: public; Owner: postgres
--

CREATE INDEX cities_light_subregion_name_2882337e_like ON public.cities_light_subregion USING btree (name varchar_pattern_ops);


--
-- Name: cities_light_subregion_name_ascii_ecf9a336; Type: INDEX; Schema: public; Owner: postgres
--

CREATE INDEX cities_light_subregion_name_ascii_ecf9a336 ON public.cities_light_subregion USING btree (name_ascii);


--
-- Name: cities_light_subregion_name_ascii_ecf9a336_like; Type: INDEX; Schema: public; Owner: postgres
--

CREATE INDEX cities_light_subregion_name_ascii_ecf9a336_like ON public.cities_light_subregion USING btree (name_ascii varchar_pattern_ops);


--
-- Name: cities_light_subregion_region_id_c6e0b71f; Type: INDEX; Schema: public; Owner: postgres
--

CREATE INDEX cities_light_subregion_region_id_c6e0b71f ON public.cities_light_subregion USING btree (region_id);


--
-- Name: cities_light_subregion_slug_43494546; Type: INDEX; Schema: public; Owner: postgres
--

CREATE INDEX cities_light_subregion_slug_43494546 ON public.cities_light_subregion USING btree (slug);


--
-- Name: cities_light_subregion_slug_43494546_like; Type: INDEX; Schema: public; Owner: postgres
--

CREATE INDEX cities_light_subregion_slug_43494546_like ON public.cities_light_subregion USING btree (slug varchar_pattern_ops);


--
-- Name: core_address_user_id_7681a39c; Type: INDEX; Schema: public; Owner: postgres
--

CREATE INDEX core_address_user_id_7681a39c ON public.core_address USING btree (user_id);


--
-- Name: core_assistance_customer_id_475c14af; Type: INDEX; Schema: public; Owner: postgres
--

CREATE INDEX core_assistance_customer_id_475c14af ON public.core_assistance USING btree (customer_id);


--
-- Name: core_assistance_freelance_id_c0978803; Type: INDEX; Schema: public; Owner: postgres
--

CREATE INDEX core_assistance_freelance_id_c0978803 ON public.core_assistance USING btree (freelance_id);


--
-- Name: core_cartitem_assistance_id_58e9616d; Type: INDEX; Schema: public; Owner: postgres
--

CREATE INDEX core_cartitem_assistance_id_58e9616d ON public.core_cartitem USING btree (assistance_id);


--
-- Name: core_cartitem_cart_id_5256d769; Type: INDEX; Schema: public; Owner: postgres
--

CREATE INDEX core_cartitem_cart_id_5256d769 ON public.core_cartitem USING btree (cart_id);


--
-- Name: core_cartitem_product_id_2640c4a2; Type: INDEX; Schema: public; Owner: postgres
--

CREATE INDEX core_cartitem_product_id_2640c4a2 ON public.core_cartitem USING btree (product_id);


--
-- Name: core_category_parent_id_f82a0951; Type: INDEX; Schema: public; Owner: postgres
--

CREATE INDEX core_category_parent_id_f82a0951 ON public.core_category USING btree (parent_id);


--
-- Name: core_channelgroup_name_0d91496e_like; Type: INDEX; Schema: public; Owner: postgres
--

CREATE INDEX core_channelgroup_name_0d91496e_like ON public.core_channelgroup USING btree (name varchar_pattern_ops);


--
-- Name: core_externalpayment_order_id_393361b0; Type: INDEX; Schema: public; Owner: postgres
--

CREATE INDEX core_externalpayment_order_id_393361b0 ON public.core_externalpayment USING btree (order_id);


--
-- Name: core_externalpayment_payment_id_1f3f3067_like; Type: INDEX; Schema: public; Owner: postgres
--

CREATE INDEX core_externalpayment_payment_id_1f3f3067_like ON public.core_externalpayment USING btree (payment_id varchar_pattern_ops);


--
-- Name: core_giftcard_code_6175189e_like; Type: INDEX; Schema: public; Owner: postgres
--

CREATE INDEX core_giftcard_code_6175189e_like ON public.core_giftcard USING btree (code varchar_pattern_ops);


--
-- Name: core_giftcard_user_id_405132d4; Type: INDEX; Schema: public; Owner: postgres
--

CREATE INDEX core_giftcard_user_id_405132d4 ON public.core_giftcard USING btree (user_id);


--
-- Name: core_info_document_number_c9fbcf6a_like; Type: INDEX; Schema: public; Owner: postgres
--

CREATE INDEX core_info_document_number_c9fbcf6a_like ON public.core_info USING btree (document_number varchar_pattern_ops);


--
-- Name: core_message_assistance_id_30dcdd88; Type: INDEX; Schema: public; Owner: postgres
--

CREATE INDEX core_message_assistance_id_30dcdd88 ON public.core_message USING btree (assistance_id);


--
-- Name: core_message_from_user_id_0692580a; Type: INDEX; Schema: public; Owner: postgres
--

CREATE INDEX core_message_from_user_id_0692580a ON public.core_message USING btree (from_user_id);


--
-- Name: core_message_to_user_id_b8c67874; Type: INDEX; Schema: public; Owner: postgres
--

CREATE INDEX core_message_to_user_id_b8c67874 ON public.core_message USING btree (to_user_id);


--
-- Name: core_notification_channel_group_id_96365732; Type: INDEX; Schema: public; Owner: postgres
--

CREATE INDEX core_notification_channel_group_id_96365732 ON public.core_notification USING btree (channel_group_id);


--
-- Name: core_order_address_id_caf8cd86; Type: INDEX; Schema: public; Owner: postgres
--

CREATE INDEX core_order_address_id_caf8cd86 ON public.core_order USING btree (address_id);


--
-- Name: core_order_user_id_b03bbffd; Type: INDEX; Schema: public; Owner: postgres
--

CREATE INDEX core_order_user_id_b03bbffd ON public.core_order USING btree (user_id);


--
-- Name: core_productorder_assistance_id_49db4e96; Type: INDEX; Schema: public; Owner: postgres
--

CREATE INDEX core_productorder_assistance_id_49db4e96 ON public.core_productorder USING btree (assistance_id);


--
-- Name: core_productorder_order_id_5df98e8c; Type: INDEX; Schema: public; Owner: postgres
--

CREATE INDEX core_productorder_order_id_5df98e8c ON public.core_productorder USING btree (order_id);


--
-- Name: core_productorder_product_id_aa75e690; Type: INDEX; Schema: public; Owner: postgres
--

CREATE INDEX core_productorder_product_id_aa75e690 ON public.core_productorder USING btree (product_id);


--
-- Name: core_products_brand_id_1f0a4f2b; Type: INDEX; Schema: public; Owner: postgres
--

CREATE INDEX core_products_brand_id_1f0a4f2b ON public.core_products USING btree (brand_id);


--
-- Name: core_products_category_id_da463465; Type: INDEX; Schema: public; Owner: postgres
--

CREATE INDEX core_products_category_id_da463465 ON public.core_products USING btree (category_id);


--
-- Name: core_products_photos_media_id_c11077b2; Type: INDEX; Schema: public; Owner: postgres
--

CREATE INDEX core_products_photos_media_id_c11077b2 ON public.core_products_photos USING btree (media_id);


--
-- Name: core_products_photos_products_id_4144e3ea; Type: INDEX; Schema: public; Owner: postgres
--

CREATE INDEX core_products_photos_products_id_4144e3ea ON public.core_products_photos USING btree (products_id);


--
-- Name: core_products_product_slug_a0a8c5f3_like; Type: INDEX; Schema: public; Owner: postgres
--

CREATE INDEX core_products_product_slug_a0a8c5f3_like ON public.core_products USING btree (product_slug varchar_pattern_ops);


--
-- Name: core_products_store_id_20300475; Type: INDEX; Schema: public; Owner: postgres
--

CREATE INDEX core_products_store_id_20300475 ON public.core_products USING btree (store_id);


--
-- Name: core_products_thumbnail_id_54a13621; Type: INDEX; Schema: public; Owner: postgres
--

CREATE INDEX core_products_thumbnail_id_54a13621 ON public.core_products USING btree (thumbnail_id);


--
-- Name: core_review_product_id_27ba91fa; Type: INDEX; Schema: public; Owner: postgres
--

CREATE INDEX core_review_product_id_27ba91fa ON public.core_review USING btree (product_id);


--
-- Name: core_review_user_id_b6106194; Type: INDEX; Schema: public; Owner: postgres
--

CREATE INDEX core_review_user_id_b6106194 ON public.core_review USING btree (user_id);


--
-- Name: core_store_bussiness_legal_id_8b124714_like; Type: INDEX; Schema: public; Owner: postgres
--

CREATE INDEX core_store_bussiness_legal_id_8b124714_like ON public.core_store USING btree (bussiness_legal_id varchar_pattern_ops);


--
-- Name: core_store_category_id_3ba2a79b; Type: INDEX; Schema: public; Owner: postgres
--

CREATE INDEX core_store_category_id_3ba2a79b ON public.core_store USING btree (category_id);


--
-- Name: core_store_parent_id_7ae0e723; Type: INDEX; Schema: public; Owner: postgres
--

CREATE INDEX core_store_parent_id_7ae0e723 ON public.core_store USING btree (parent_id);


--
-- Name: core_store_slug_c1f26bcc_like; Type: INDEX; Schema: public; Owner: postgres
--

CREATE INDEX core_store_slug_c1f26bcc_like ON public.core_store USING btree (slug varchar_pattern_ops);


--
-- Name: core_user_email_92a71487_like; Type: INDEX; Schema: public; Owner: postgres
--

CREATE INDEX core_user_email_92a71487_like ON public.core_user USING btree (email varchar_pattern_ops);


--
-- Name: core_user_groups_group_id_fe8c697f; Type: INDEX; Schema: public; Owner: postgres
--

CREATE INDEX core_user_groups_group_id_fe8c697f ON public.core_user_groups USING btree (group_id);


--
-- Name: core_user_groups_user_id_70b4d9b8; Type: INDEX; Schema: public; Owner: postgres
--

CREATE INDEX core_user_groups_user_id_70b4d9b8 ON public.core_user_groups USING btree (user_id);


--
-- Name: core_user_store_id_4e404e7d; Type: INDEX; Schema: public; Owner: postgres
--

CREATE INDEX core_user_store_id_4e404e7d ON public.core_user USING btree (store_id);


--
-- Name: core_user_user_permissions_permission_id_35ccf601; Type: INDEX; Schema: public; Owner: postgres
--

CREATE INDEX core_user_user_permissions_permission_id_35ccf601 ON public.core_user_user_permissions USING btree (permission_id);


--
-- Name: core_user_user_permissions_user_id_085123d3; Type: INDEX; Schema: public; Owner: postgres
--

CREATE INDEX core_user_user_permissions_user_id_085123d3 ON public.core_user_user_permissions USING btree (user_id);


--
-- Name: core_wish_product_id_1825a178; Type: INDEX; Schema: public; Owner: postgres
--

CREATE INDEX core_wish_product_id_1825a178 ON public.core_wish USING btree (product_id);


--
-- Name: core_wish_user_id_420e95af; Type: INDEX; Schema: public; Owner: postgres
--

CREATE INDEX core_wish_user_id_420e95af ON public.core_wish USING btree (user_id);


--
-- Name: django_admin_log_content_type_id_c4bce8eb; Type: INDEX; Schema: public; Owner: postgres
--

CREATE INDEX django_admin_log_content_type_id_c4bce8eb ON public.django_admin_log USING btree (content_type_id);


--
-- Name: django_admin_log_user_id_c564eba6; Type: INDEX; Schema: public; Owner: postgres
--

CREATE INDEX django_admin_log_user_id_c564eba6 ON public.django_admin_log USING btree (user_id);


--
-- Name: django_session_expire_date_a5c62663; Type: INDEX; Schema: public; Owner: postgres
--

CREATE INDEX django_session_expire_date_a5c62663 ON public.django_session USING btree (expire_date);


--
-- Name: django_session_session_key_c0390e0f_like; Type: INDEX; Schema: public; Owner: postgres
--

CREATE INDEX django_session_session_key_c0390e0f_like ON public.django_session USING btree (session_key varchar_pattern_ops);


--
-- Name: unique_cart_product_item; Type: INDEX; Schema: public; Owner: postgres
--

CREATE UNIQUE INDEX unique_cart_product_item ON public.core_cartitem USING btree (cart_id, product_id);


--
-- Name: unique_main_address_user; Type: INDEX; Schema: public; Owner: postgres
--

CREATE UNIQUE INDEX unique_main_address_user ON public.core_address USING btree (user_id) WHERE is_main;


--
-- Name: unique_product_order; Type: INDEX; Schema: public; Owner: postgres
--

CREATE UNIQUE INDEX unique_product_order ON public.core_productorder USING btree (order_id, product_id);


--
-- Name: auth_group_permissions auth_group_permissio_permission_id_84c5c92e_fk_auth_perm; Type: FK CONSTRAINT; Schema: public; Owner: postgres
--

ALTER TABLE ONLY public.auth_group_permissions
    ADD CONSTRAINT auth_group_permissio_permission_id_84c5c92e_fk_auth_perm FOREIGN KEY (permission_id) REFERENCES public.auth_permission(id) DEFERRABLE INITIALLY DEFERRED;


--
-- Name: auth_group_permissions auth_group_permissions_group_id_b120cbf9_fk_auth_group_id; Type: FK CONSTRAINT; Schema: public; Owner: postgres
--

ALTER TABLE ONLY public.auth_group_permissions
    ADD CONSTRAINT auth_group_permissions_group_id_b120cbf9_fk_auth_group_id FOREIGN KEY (group_id) REFERENCES public.auth_group(id) DEFERRABLE INITIALLY DEFERRED;


--
-- Name: auth_permission auth_permission_content_type_id_2f476e4b_fk_django_co; Type: FK CONSTRAINT; Schema: public; Owner: postgres
--

ALTER TABLE ONLY public.auth_permission
    ADD CONSTRAINT auth_permission_content_type_id_2f476e4b_fk_django_co FOREIGN KEY (content_type_id) REFERENCES public.django_content_type(id) DEFERRABLE INITIALLY DEFERRED;


--
-- Name: cities_light_city cities_light_city_country_id_cf310fd2_fk_cities_li; Type: FK CONSTRAINT; Schema: public; Owner: postgres
--

ALTER TABLE ONLY public.cities_light_city
    ADD CONSTRAINT cities_light_city_country_id_cf310fd2_fk_cities_li FOREIGN KEY (country_id) REFERENCES public.cities_light_country(id) DEFERRABLE INITIALLY DEFERRED;


--
-- Name: cities_light_city cities_light_city_region_id_f7ab977b_fk_cities_light_region_id; Type: FK CONSTRAINT; Schema: public; Owner: postgres
--

ALTER TABLE ONLY public.cities_light_city
    ADD CONSTRAINT cities_light_city_region_id_f7ab977b_fk_cities_light_region_id FOREIGN KEY (region_id) REFERENCES public.cities_light_region(id) DEFERRABLE INITIALLY DEFERRED;


--
-- Name: cities_light_city cities_light_city_subregion_id_0926d2ad_fk_cities_li; Type: FK CONSTRAINT; Schema: public; Owner: postgres
--

ALTER TABLE ONLY public.cities_light_city
    ADD CONSTRAINT cities_light_city_subregion_id_0926d2ad_fk_cities_li FOREIGN KEY (subregion_id) REFERENCES public.cities_light_subregion(id) DEFERRABLE INITIALLY DEFERRED;


--
-- Name: cities_light_region cities_light_region_country_id_b2782d49_fk_cities_li; Type: FK CONSTRAINT; Schema: public; Owner: postgres
--

ALTER TABLE ONLY public.cities_light_region
    ADD CONSTRAINT cities_light_region_country_id_b2782d49_fk_cities_li FOREIGN KEY (country_id) REFERENCES public.cities_light_country(id) DEFERRABLE INITIALLY DEFERRED;


--
-- Name: cities_light_subregion cities_light_subregi_country_id_9b32b484_fk_cities_li; Type: FK CONSTRAINT; Schema: public; Owner: postgres
--

ALTER TABLE ONLY public.cities_light_subregion
    ADD CONSTRAINT cities_light_subregi_country_id_9b32b484_fk_cities_li FOREIGN KEY (country_id) REFERENCES public.cities_light_country(id) DEFERRABLE INITIALLY DEFERRED;


--
-- Name: cities_light_subregion cities_light_subregi_region_id_c6e0b71f_fk_cities_li; Type: FK CONSTRAINT; Schema: public; Owner: postgres
--

ALTER TABLE ONLY public.cities_light_subregion
    ADD CONSTRAINT cities_light_subregi_region_id_c6e0b71f_fk_cities_li FOREIGN KEY (region_id) REFERENCES public.cities_light_region(id) DEFERRABLE INITIALLY DEFERRED;


--
-- Name: core_address core_address_user_id_7681a39c_fk_core_user_id; Type: FK CONSTRAINT; Schema: public; Owner: postgres
--

ALTER TABLE ONLY public.core_address
    ADD CONSTRAINT core_address_user_id_7681a39c_fk_core_user_id FOREIGN KEY (user_id) REFERENCES public.core_user(id) DEFERRABLE INITIALLY DEFERRED;


--
-- Name: core_assistance core_assistance_customer_id_475c14af_fk_core_user_id; Type: FK CONSTRAINT; Schema: public; Owner: postgres
--

ALTER TABLE ONLY public.core_assistance
    ADD CONSTRAINT core_assistance_customer_id_475c14af_fk_core_user_id FOREIGN KEY (customer_id) REFERENCES public.core_user(id) DEFERRABLE INITIALLY DEFERRED;


--
-- Name: core_assistance core_assistance_freelance_id_c0978803_fk_core_user_id; Type: FK CONSTRAINT; Schema: public; Owner: postgres
--

ALTER TABLE ONLY public.core_assistance
    ADD CONSTRAINT core_assistance_freelance_id_c0978803_fk_core_user_id FOREIGN KEY (freelance_id) REFERENCES public.core_user(id) DEFERRABLE INITIALLY DEFERRED;


--
-- Name: core_cart core_cart_user_id_2ebeb843_fk_core_user_id; Type: FK CONSTRAINT; Schema: public; Owner: postgres
--

ALTER TABLE ONLY public.core_cart
    ADD CONSTRAINT core_cart_user_id_2ebeb843_fk_core_user_id FOREIGN KEY (user_id) REFERENCES public.core_user(id) DEFERRABLE INITIALLY DEFERRED;


--
-- Name: core_cartitem core_cartitem_assistance_id_58e9616d_fk_core_assistance_id; Type: FK CONSTRAINT; Schema: public; Owner: postgres
--

ALTER TABLE ONLY public.core_cartitem
    ADD CONSTRAINT core_cartitem_assistance_id_58e9616d_fk_core_assistance_id FOREIGN KEY (assistance_id) REFERENCES public.core_assistance(id) DEFERRABLE INITIALLY DEFERRED;


--
-- Name: core_cartitem core_cartitem_cart_id_5256d769_fk_core_cart_id; Type: FK CONSTRAINT; Schema: public; Owner: postgres
--

ALTER TABLE ONLY public.core_cartitem
    ADD CONSTRAINT core_cartitem_cart_id_5256d769_fk_core_cart_id FOREIGN KEY (cart_id) REFERENCES public.core_cart(id) DEFERRABLE INITIALLY DEFERRED;


--
-- Name: core_cartitem core_cartitem_product_id_2640c4a2_fk_core_products_id; Type: FK CONSTRAINT; Schema: public; Owner: postgres
--

ALTER TABLE ONLY public.core_cartitem
    ADD CONSTRAINT core_cartitem_product_id_2640c4a2_fk_core_products_id FOREIGN KEY (product_id) REFERENCES public.core_products(id) DEFERRABLE INITIALLY DEFERRED;


--
-- Name: core_category core_category_parent_id_f82a0951_fk_core_category_id; Type: FK CONSTRAINT; Schema: public; Owner: postgres
--

ALTER TABLE ONLY public.core_category
    ADD CONSTRAINT core_category_parent_id_f82a0951_fk_core_category_id FOREIGN KEY (parent_id) REFERENCES public.core_category(id) DEFERRABLE INITIALLY DEFERRED;


--
-- Name: core_externalpayment core_externalpayment_order_id_393361b0_fk_core_order_id; Type: FK CONSTRAINT; Schema: public; Owner: postgres
--

ALTER TABLE ONLY public.core_externalpayment
    ADD CONSTRAINT core_externalpayment_order_id_393361b0_fk_core_order_id FOREIGN KEY (order_id) REFERENCES public.core_order(id) DEFERRABLE INITIALLY DEFERRED;


--
-- Name: core_giftcard core_giftcard_user_id_405132d4_fk_core_user_id; Type: FK CONSTRAINT; Schema: public; Owner: postgres
--

ALTER TABLE ONLY public.core_giftcard
    ADD CONSTRAINT core_giftcard_user_id_405132d4_fk_core_user_id FOREIGN KEY (user_id) REFERENCES public.core_user(id) DEFERRABLE INITIALLY DEFERRED;


--
-- Name: core_info core_info_user_id_6abc07a0_fk_core_user_id; Type: FK CONSTRAINT; Schema: public; Owner: postgres
--

ALTER TABLE ONLY public.core_info
    ADD CONSTRAINT core_info_user_id_6abc07a0_fk_core_user_id FOREIGN KEY (user_id) REFERENCES public.core_user(id) DEFERRABLE INITIALLY DEFERRED;


--
-- Name: core_message core_message_assistance_id_30dcdd88_fk_core_assistance_id; Type: FK CONSTRAINT; Schema: public; Owner: postgres
--

ALTER TABLE ONLY public.core_message
    ADD CONSTRAINT core_message_assistance_id_30dcdd88_fk_core_assistance_id FOREIGN KEY (assistance_id) REFERENCES public.core_assistance(id) DEFERRABLE INITIALLY DEFERRED;


--
-- Name: core_message core_message_from_user_id_0692580a_fk_core_user_id; Type: FK CONSTRAINT; Schema: public; Owner: postgres
--

ALTER TABLE ONLY public.core_message
    ADD CONSTRAINT core_message_from_user_id_0692580a_fk_core_user_id FOREIGN KEY (from_user_id) REFERENCES public.core_user(id) DEFERRABLE INITIALLY DEFERRED;


--
-- Name: core_message core_message_to_user_id_b8c67874_fk_core_user_id; Type: FK CONSTRAINT; Schema: public; Owner: postgres
--

ALTER TABLE ONLY public.core_message
    ADD CONSTRAINT core_message_to_user_id_b8c67874_fk_core_user_id FOREIGN KEY (to_user_id) REFERENCES public.core_user(id) DEFERRABLE INITIALLY DEFERRED;


--
-- Name: core_notification core_notification_channel_group_id_96365732_fk_core_chan; Type: FK CONSTRAINT; Schema: public; Owner: postgres
--

ALTER TABLE ONLY public.core_notification
    ADD CONSTRAINT core_notification_channel_group_id_96365732_fk_core_chan FOREIGN KEY (channel_group_id) REFERENCES public.core_channelgroup(id) DEFERRABLE INITIALLY DEFERRED;


--
-- Name: core_order core_order_address_id_caf8cd86_fk_core_address_id; Type: FK CONSTRAINT; Schema: public; Owner: postgres
--

ALTER TABLE ONLY public.core_order
    ADD CONSTRAINT core_order_address_id_caf8cd86_fk_core_address_id FOREIGN KEY (address_id) REFERENCES public.core_address(id) DEFERRABLE INITIALLY DEFERRED;


--
-- Name: core_order core_order_user_id_b03bbffd_fk_core_user_id; Type: FK CONSTRAINT; Schema: public; Owner: postgres
--

ALTER TABLE ONLY public.core_order
    ADD CONSTRAINT core_order_user_id_b03bbffd_fk_core_user_id FOREIGN KEY (user_id) REFERENCES public.core_user(id) DEFERRABLE INITIALLY DEFERRED;


--
-- Name: core_productorder core_productorder_assistance_id_49db4e96_fk_core_assistance_id; Type: FK CONSTRAINT; Schema: public; Owner: postgres
--

ALTER TABLE ONLY public.core_productorder
    ADD CONSTRAINT core_productorder_assistance_id_49db4e96_fk_core_assistance_id FOREIGN KEY (assistance_id) REFERENCES public.core_assistance(id) DEFERRABLE INITIALLY DEFERRED;


--
-- Name: core_productorder core_productorder_order_id_5df98e8c_fk_core_order_id; Type: FK CONSTRAINT; Schema: public; Owner: postgres
--

ALTER TABLE ONLY public.core_productorder
    ADD CONSTRAINT core_productorder_order_id_5df98e8c_fk_core_order_id FOREIGN KEY (order_id) REFERENCES public.core_order(id) DEFERRABLE INITIALLY DEFERRED;


--
-- Name: core_productorder core_productorder_product_id_aa75e690_fk_core_products_id; Type: FK CONSTRAINT; Schema: public; Owner: postgres
--

ALTER TABLE ONLY public.core_productorder
    ADD CONSTRAINT core_productorder_product_id_aa75e690_fk_core_products_id FOREIGN KEY (product_id) REFERENCES public.core_products(id) DEFERRABLE INITIALLY DEFERRED;


--
-- Name: core_products core_products_brand_id_1f0a4f2b_fk_core_brand_id; Type: FK CONSTRAINT; Schema: public; Owner: postgres
--

ALTER TABLE ONLY public.core_products
    ADD CONSTRAINT core_products_brand_id_1f0a4f2b_fk_core_brand_id FOREIGN KEY (brand_id) REFERENCES public.core_brand(id) DEFERRABLE INITIALLY DEFERRED;


--
-- Name: core_products core_products_category_id_da463465_fk_core_category_id; Type: FK CONSTRAINT; Schema: public; Owner: postgres
--

ALTER TABLE ONLY public.core_products
    ADD CONSTRAINT core_products_category_id_da463465_fk_core_category_id FOREIGN KEY (category_id) REFERENCES public.core_category(id) DEFERRABLE INITIALLY DEFERRED;


--
-- Name: core_products_photos core_products_photos_media_id_c11077b2_fk_core_media_id; Type: FK CONSTRAINT; Schema: public; Owner: postgres
--

ALTER TABLE ONLY public.core_products_photos
    ADD CONSTRAINT core_products_photos_media_id_c11077b2_fk_core_media_id FOREIGN KEY (media_id) REFERENCES public.core_media(id) DEFERRABLE INITIALLY DEFERRED;


--
-- Name: core_products_photos core_products_photos_products_id_4144e3ea_fk_core_products_id; Type: FK CONSTRAINT; Schema: public; Owner: postgres
--

ALTER TABLE ONLY public.core_products_photos
    ADD CONSTRAINT core_products_photos_products_id_4144e3ea_fk_core_products_id FOREIGN KEY (products_id) REFERENCES public.core_products(id) DEFERRABLE INITIALLY DEFERRED;


--
-- Name: core_products core_products_store_id_20300475_fk_core_store_id; Type: FK CONSTRAINT; Schema: public; Owner: postgres
--

ALTER TABLE ONLY public.core_products
    ADD CONSTRAINT core_products_store_id_20300475_fk_core_store_id FOREIGN KEY (store_id) REFERENCES public.core_store(id) DEFERRABLE INITIALLY DEFERRED;


--
-- Name: core_products core_products_thumbnail_id_54a13621_fk_core_media_id; Type: FK CONSTRAINT; Schema: public; Owner: postgres
--

ALTER TABLE ONLY public.core_products
    ADD CONSTRAINT core_products_thumbnail_id_54a13621_fk_core_media_id FOREIGN KEY (thumbnail_id) REFERENCES public.core_media(id) DEFERRABLE INITIALLY DEFERRED;


--
-- Name: core_review core_review_product_id_27ba91fa_fk_core_products_id; Type: FK CONSTRAINT; Schema: public; Owner: postgres
--

ALTER TABLE ONLY public.core_review
    ADD CONSTRAINT core_review_product_id_27ba91fa_fk_core_products_id FOREIGN KEY (product_id) REFERENCES public.core_products(id) DEFERRABLE INITIALLY DEFERRED;


--
-- Name: core_review core_review_user_id_b6106194_fk_core_user_id; Type: FK CONSTRAINT; Schema: public; Owner: postgres
--

ALTER TABLE ONLY public.core_review
    ADD CONSTRAINT core_review_user_id_b6106194_fk_core_user_id FOREIGN KEY (user_id) REFERENCES public.core_user(id) DEFERRABLE INITIALLY DEFERRED;


--
-- Name: core_store core_store_category_id_3ba2a79b_fk_core_category_id; Type: FK CONSTRAINT; Schema: public; Owner: postgres
--

ALTER TABLE ONLY public.core_store
    ADD CONSTRAINT core_store_category_id_3ba2a79b_fk_core_category_id FOREIGN KEY (category_id) REFERENCES public.core_category(id) DEFERRABLE INITIALLY DEFERRED;


--
-- Name: core_store core_store_config_id_8fe228bd_fk_core_config_id; Type: FK CONSTRAINT; Schema: public; Owner: postgres
--

ALTER TABLE ONLY public.core_store
    ADD CONSTRAINT core_store_config_id_8fe228bd_fk_core_config_id FOREIGN KEY (config_id) REFERENCES public.core_config(id) DEFERRABLE INITIALLY DEFERRED;


--
-- Name: core_store core_store_parent_id_7ae0e723_fk_core_store_id; Type: FK CONSTRAINT; Schema: public; Owner: postgres
--

ALTER TABLE ONLY public.core_store
    ADD CONSTRAINT core_store_parent_id_7ae0e723_fk_core_store_id FOREIGN KEY (parent_id) REFERENCES public.core_store(id) DEFERRABLE INITIALLY DEFERRED;


--
-- Name: core_user_groups core_user_groups_group_id_fe8c697f_fk_auth_group_id; Type: FK CONSTRAINT; Schema: public; Owner: postgres
--

ALTER TABLE ONLY public.core_user_groups
    ADD CONSTRAINT core_user_groups_group_id_fe8c697f_fk_auth_group_id FOREIGN KEY (group_id) REFERENCES public.auth_group(id) DEFERRABLE INITIALLY DEFERRED;


--
-- Name: core_user_groups core_user_groups_user_id_70b4d9b8_fk_core_user_id; Type: FK CONSTRAINT; Schema: public; Owner: postgres
--

ALTER TABLE ONLY public.core_user_groups
    ADD CONSTRAINT core_user_groups_user_id_70b4d9b8_fk_core_user_id FOREIGN KEY (user_id) REFERENCES public.core_user(id) DEFERRABLE INITIALLY DEFERRED;


--
-- Name: core_user core_user_store_id_4e404e7d_fk_core_store_id; Type: FK CONSTRAINT; Schema: public; Owner: postgres
--

ALTER TABLE ONLY public.core_user
    ADD CONSTRAINT core_user_store_id_4e404e7d_fk_core_store_id FOREIGN KEY (store_id) REFERENCES public.core_store(id) DEFERRABLE INITIALLY DEFERRED;


--
-- Name: core_user_user_permissions core_user_user_permi_permission_id_35ccf601_fk_auth_perm; Type: FK CONSTRAINT; Schema: public; Owner: postgres
--

ALTER TABLE ONLY public.core_user_user_permissions
    ADD CONSTRAINT core_user_user_permi_permission_id_35ccf601_fk_auth_perm FOREIGN KEY (permission_id) REFERENCES public.auth_permission(id) DEFERRABLE INITIALLY DEFERRED;


--
-- Name: core_user_user_permissions core_user_user_permissions_user_id_085123d3_fk_core_user_id; Type: FK CONSTRAINT; Schema: public; Owner: postgres
--

ALTER TABLE ONLY public.core_user_user_permissions
    ADD CONSTRAINT core_user_user_permissions_user_id_085123d3_fk_core_user_id FOREIGN KEY (user_id) REFERENCES public.core_user(id) DEFERRABLE INITIALLY DEFERRED;


--
-- Name: core_wish core_wish_product_id_1825a178_fk_core_products_id; Type: FK CONSTRAINT; Schema: public; Owner: postgres
--

ALTER TABLE ONLY public.core_wish
    ADD CONSTRAINT core_wish_product_id_1825a178_fk_core_products_id FOREIGN KEY (product_id) REFERENCES public.core_products(id) DEFERRABLE INITIALLY DEFERRED;


--
-- Name: core_wish core_wish_user_id_420e95af_fk_core_user_id; Type: FK CONSTRAINT; Schema: public; Owner: postgres
--

ALTER TABLE ONLY public.core_wish
    ADD CONSTRAINT core_wish_user_id_420e95af_fk_core_user_id FOREIGN KEY (user_id) REFERENCES public.core_user(id) DEFERRABLE INITIALLY DEFERRED;


--
-- Name: django_admin_log django_admin_log_content_type_id_c4bce8eb_fk_django_co; Type: FK CONSTRAINT; Schema: public; Owner: postgres
--

ALTER TABLE ONLY public.django_admin_log
    ADD CONSTRAINT django_admin_log_content_type_id_c4bce8eb_fk_django_co FOREIGN KEY (content_type_id) REFERENCES public.django_content_type(id) DEFERRABLE INITIALLY DEFERRED;


--
-- Name: django_admin_log django_admin_log_user_id_c564eba6_fk_core_user_id; Type: FK CONSTRAINT; Schema: public; Owner: postgres
--

ALTER TABLE ONLY public.django_admin_log
    ADD CONSTRAINT django_admin_log_user_id_c564eba6_fk_core_user_id FOREIGN KEY (user_id) REFERENCES public.core_user(id) DEFERRABLE INITIALLY DEFERRED;


--
-- Name: SCHEMA public; Type: ACL; Schema: -; Owner: postgres
--

GRANT ALL ON SCHEMA public TO PUBLIC;


--
-- PostgreSQL database dump complete
--

